step,time,KE,PE,E_total,E_per_atom
10,0.05,95.46152230378745,-712.3656898960609,-616.9041675922734,-5.712075625854384
20,0.1,47.18943115657331,-664.0182906427111,-616.8288594861378,-5.711378328575351
30,0.15,46.562507877040986,-663.4408667673582,-616.8783588903173,-5.711836656391826
40,0.2,51.48425337131501,-668.3563242898548,-616.8720709185397,-5.711778434430924
50,0.25,55.18932148422804,-672.0554858200492,-616.8661643358212,-5.711723743850196
60,0.3,61.54708543308604,-678.4178339560231,-616.870748522937,-5.711766190027195
70,0.35000000000000003,63.45453101145481,-680.3201019253088,-616.865570913854,-5.7117182492023515
80,0.4,58.62379000628691,-675.4903810749221,-616.8665910686352,-5.711727695079956
90,0.45,55.59552892338268,-672.4554309736591,-616.8599020502764,-5.711665759724782
100,0.5,115.881,-677.5902794675962,-561.7092794675963,-5.201011846922188
110,0.55,102.27420660568679,-663.963464922413,-561.6892583167262,-5.200826465895613
120,0.6,85.63264373507957,-647.3111664248369,-561.6785226897573,-5.200727061942197
130,0.65,92.4199215966316,-654.1200708272339,-561.7001492306023,-5.200927307690762
140,0.7000000000000001,93.81101052613407,-655.5036813262215,-561.6926708000874,-5.200858062963772
150,0.75,90.65978670764734,-652.3574560701321,-561.6976693624848,-5.200904345948934
160,0.8,87.50819992531622,-649.1810398318848,-561.6728399065686,-5.200674443579339
170,0.85,90.3194027711214,-652.0166227314882,-561.6972199603667,-5.20090018481821
180,0.9,88.25620056456437,-649.9509793451056,-561.6947787805412,-5.200877581301308
190,0.9500000000000001,95.98507166261678,-657.683005573661,-561.6979339110443,-5.2009067954726325
200,1.0,115.88100000000004,-660.607645773301,-544.7266457733009,-5.043765238641675
210,1.05,114.27607937538217,-658.9956918330478,-544.7196124576656,-5.043700115348755
220,1.1,111.58227377837937,-656.305525233431,-544.7232514550517,-5.043733809768997
230,1.1500000000000001,106.60438803400584,-651.3267111899748,-544.722323155969,-5.04372521440712
240,1.2,106.68762591057002,-651.4120743468704,-544.7244484363005,-5.043744892928708
250,1.25,102.50311098337974,-647.2138257590651,-544.7107147756853,-5.043617729404494
260,1.3,103.11333763336437,-647.8546918437941,-544.7413542104297,-5.043901427874349
270,1.35,98.565096802047,-643.2901908648267,-544.7250940627797,-5.043750870951664
280,1.4000000000000001,103.42305254539096,-648.1437201416093,-544.7206675962183,-5.043709885150169
290,1.45,100.76530245719462,-645.4867005934083,-544.7213981362137,-5.043716649409386
300,1.5,115.88099999999996,-639.3112169753089,-523.4302169753089,-4.846576083104712
310,1.55,107.73003079137008,-631.1195999012576,-523.3895691098876,-4.8461997139804405
320,1.6,110.00232541483226,-633.4089426043015,-523.4066171894692,-4.84635756656916
330,1.6500000000000001,115.43083675025045,-638.8480393421413,-523.4172025918908,-4.8464555795545445
340,1.7,117.09500030695786,-640.5398503557943,-523.4448500488364,-4.846711574526263
350,1.75,105.37527608422177,-628.7955466457125,-523.4202705614907,-4.84648398668047
360,1.8,108.22998812973911,-631.6425594184551,-523.412571288716,-4.84641269711774
370,1.85,115.7734895069053,-639.1779229442644,-523.4044334373591,-4.846337346642214
380,1.9000000000000001,127.25014685684671,-650.7048155363412,-523.4546686794945,-4.846802487773097
390,1.95,124.95251697984139,-648.3811300146457,-523.4286130348044,-4.846561231803744
400,2.0,115.88100000000011,-644.4026029023861,-528.521602902386,-4.893718545392463
410,2.05,110.30739831420215,-638.8421639639552,-528.534765649753,-4.893840422682898
420,2.1,106.4802985299036,-635.0189350356901,-528.5386365057865,-4.8938762639424676
430,2.15,110.83428751024,-639.3553357984993,-528.5210482882593,-4.893713410076475
440,2.2,122.87072396465962,-651.4266576979235,-528.5559337332638,-4.894036423456146
450,2.25,103.88501142442071,-632.3923319144932,-528.5073204900725,-4.893586300834005
460,2.3000000000000003,109.38512017505927,-637.9210644999333,-528.5359443248741,-4.893851336341426
470,2.35,106.73041134746569,-635.2637181842814,-528.5333068368157,-4.8938269151557
480,2.4,103.80647312522912,-632.3324528185841,-528.525979693355,-4.8937590712347685
490,2.45,113.020021284618,-641.5385501510544,-528.5185288664364,-4.893690082096634
500,2.5,115.88100000000003,-650.1055191083443,-534.2245191083443,-4.946523325077262
510,2.5500000000000003,102.65478387230146,-636.8442983272232,-534.1895144549218,-4.946199207915942
520,2.6,103.52893342845448,-637.7258792048195,-534.196945776365,-4.946268016447824
530,2.65,109.5602340341994,-643.7768780859423,-534.2166440517428,-4.946450407886508
540,2.7,96.18775023486727,-630.3632898418534,-534.1755396069861,-4.946069811175797
550,2.75,107.20631737552492,-641.4328181330037,-534.2265007574788,-4.946541673680359
560,2.8000000000000003,106.74005432857304,-640.9327762817524,-534.1927219531793,-4.946228906973882
570,2.85,107.3665504210311,-641.5836798627508,-534.2171294417197,-4.946454902238146
580,2.9,102.08717398310841,-636.2603666669916,-534.1731926838831,-4.946048080406325
590,2.95,112.01369262384804,-646.2379097596223,-534.2242171357743,-4.946520529034948
600,3.0,115.88100000000003,-640.113185272967,-524.232185272967,-4.854001715490434
610,3.0500000000000003,117.697105001369,-641.9282241415917,-524.2311191402227,-4.8539918438909515
620,3.1,118.59235031694064,-642.8379755370989,-524.2456252201583,-4.854126159445911
630,3.15,117.31148179917257,-641.5469895441394,-524.2355077449668,-4.854032479120063
640,3.2,112.24714207703319,-636.4650575183383,-524.2179154413051,-4.853869587419491
650,3.25,112.88972379174562,-637.1253336413364,-524.2356098495908,-4.854033424533248
660,3.3000000000000003,118.45399197904683,-642.6909434051723,-524.2369514261255,-4.8540458465382
670,3.35,121.52722099877202,-645.8008509999487,-524.2736300011767,-4.854385462973858
680,3.4,110.12070670551908,-634.3580222135724,-524.2373155080534,-4.854049217667161
690,3.45,118.15660229615169,-642.397551045262,-524.2409487491103,-4.8540828587880585
700,3.5,115.88100000000003,-643.9267680740526,-528.0457680740526,-4.889312667352339
710,3.5500000000000003,123.48890899104255,-651.5522870720699,-528.0633780810274,-4.889475722972476
720,3.6,120.25538651697134,-648.3007966722737,-528.0454101553023,-4.889309353289836
730,3.65,113.13896739662776,-641.1967067903099,-528.0577393936821,-4.8894235129044645
740,3.7,109.70413628187784,-637.7544555077376,-528.0503192258598,-4.88935480764685
750,3.75,112.3119465631513,-640.3532184642492,-528.0412719010978,-4.889271036121277
760,3.8000000000000003,109.33904242449151,-637.366283528607,-528.0272411041155,-4.889141121334403
770,3.85,120.07822525884903,-648.1329716228025,-528.0547463639535,-4.889395799666237
780,3.9,116.7325619308875,-644.7806890448884,-528.0481271140009,-4.889334510314823
790,3.95,107.05231832699546,-635.0949511389999,-528.0426328120045,-4.88928363714819
800,4.0,115.88100000000006,-637.216114867297,-521.335114867297,-4.827176989512009
810,4.05,118.99074876357345,-640.3297426044616,-521.3389938408881,-4.827212905934148
820,4.1,120.35743194922952,-641.7068086772862,-521.3493767280567,-4.827309043778302
830,4.15,122.37183924456956,-643.6973580184178,-521.3255187738483,-4.827088136794892
840,4.2,119.25315490277305,-640.5924803731622,-521.3393254703891,-4.827215976577677
850,4.25,115.01147868536634,-636.3545103839577,-521.3430316985914,-4.827250293505476
860,4.3,108.47596656180949,-629.8075573265066,-521.3315907646971,-4.82714435893238
870,4.3500000000000005,116.7794191887016,-638.1399694394526,-521.360550250751,-4.827412502321768
880,4.4,120.31470057122883,-641.66531926566,-521.3506186944311,-4.827320543466954
890,4.45,116.22693764474975,-637.5562162665261,-521.3292786217763,-4.827122950201633
900,4.5,115.8809999999999,-638.9858535451199,-523.10485354512,-4.843563458751111
910,4.55,109.3924342244227,-632.4638258017785,-523.0713915773558,-4.843253625716257
920,4.6000000000000005,121.8432541213198,-644.945726651861,-523.1024725305413,-4.843541412319826
930,4.65,118.27412235517714,-641.3741238389541,-523.100001483777,-4.843518532257194
940,4.7,112.2643466161575,-635.3457852751189,-523.0814386589615,-4.843346654249643
950,4.75,110.61379657621826,-633.7024057572772,-523.0886091810589,-4.843413047972768
960,4.8,106.37146256199001,-629.458121909305,-523.0866593473149,-4.84339499395662
970,4.8500000000000005,114.46898905895567,-637.5645021425947,-523.095513083639,-4.843476972996658
980,4.9,116.78972712163551,-639.8824499905409,-523.0927228689054,-4.84345113767505
990,4.95,112.77242374688542,-635.8384877838906,-523.0660640370052,-4.843204296638937
1000,5.0,115.881,-646.7616090112963,-530.8806090112963,-4.91556119454904
1010,5.05,114.66933915102994,-645.536031462895,-530.8666923118651,-4.915432336220973
1020,5.1000000000000005,113.02350381726436,-643.8963925465556,-530.8728887292913,-4.9154897104564
1030,5.15,109.03507059804407,-639.9338249127952,-530.8987543147512,-4.9157292066180664
1040,5.2,108.54512280279945,-639.4237810810724,-530.878658278273,-4.915543132206231
1050,5.25,116.40143869650736,-647.2925905840743,-530.8911518875669,-4.915658813773768
1060,5.3,110.02911766801353,-640.8947911609336,-530.86567349292,-4.915422902712222
1070,5.3500000000000005,114.74601512446473,-645.6356592649199,-530.8896441404552,-4.915644853152362
1080,5.4,107.95666630359557,-638.8383903135749,-530.8817240099793,-4.9155715186109195
1090,5.45,107.64327867024689,-638.540239477696,-530.8969608074491,-4.915712600068973
1100,5.5,115.88099999999999,-635.8076766510928,-519.9266766510929,-4.814135894917526
1110,5.55,118.35529715497687,-638.2846751121541,-519.9293779571773,-4.8141609070109
1120,5.6000000000000005,127.24089712168714,-647.1887559915696,-519.9478588698825,-4.814332026572986
1130,5.65,118.39513170592724,-638.30987022181,-519.9147385158827,-4.814025356628544
1140,5.7,110.96525594554106,-630.891888313151,-519.92663236761,-4.814135484885277
1150,5.75,113.3849690384463,-633.3304859831796,-519.9455169447333,-4.814310342080864
1160,5.8,108.83798470607074,-628.7556641155887,-519.917679409518,-4.8140525871251665
1170,5.8500000000000005,114.19047924996538,-634.116373691627,-519.9258944416616,-4.814128652237607
1180,5.9,121.98850160592127,-641.9580142724636,-519.9695126665424,-4.8145325246902075
1190,5.95,109.59162046970422,-629.5057866412775,-519.9141661715732,-4.814020057144197
1200,6.0,115.88100000000007,-640.1750296054068,-524.2940296054068,-4.854574348198211
1210,6.05,117.08849456945846,-641.3762011459964,-524.287706576538,-4.854515801634611
1220,6.1000000000000005,110.20518729499673,-634.4811451683958,-524.275957873399,-4.854407017346286
1230,6.15,110.64204041038413,-634.9514129246626,-524.3093725142785,-4.854716412169245
1240,6.2,114.22623139884149,-638.5298507795535,-524.303619380712,-4.854663142414
1250,6.25,109.31616055359072,-633.5932888025976,-524.2771282490069,-4.854417854157471
1260,6.3,106.4465589748258,-630.730305605725,-524.2837466308991,-4.854479135471288
1270,6.3500000000000005,112.68261204007102,-636.9894631779731,-524.3068511379021,-4.854693066091686
1280,6.4,106.40537917678836,-630.69357670544,-524.2881975286516,-4.854520347487515
1290,6.45,103.16076381103606,-627.4497542640672,-524.2889904530311,-4.854527689379918
1300,6.5,115.88099999999984,-632.9779130371145,-517.0969130371146,-4.787934379973284
1310,6.55,112.42522072756742,-629.5023665630625,-517.0771458354951,-4.787751350328659
1320,6.6000000000000005,111.06573371127254,-628.1592052549535,-517.093471543681,-4.787902514293342
1330,6.65,115.3911677740852,-632.4838898544124,-517.0927220803271,-4.787895574817844
1340,6.7,116.44932517045272,-633.5241667783736,-517.0748416079208,-4.787730014888155
1350,6.75,117.6955646828292,-634.7772307733836,-517.0816660905544,-4.7877932045421705
1360,6.8,115.33634819273375,-632.4113128388182,-517.0749646460844,-4.787731154130411
1370,6.8500000000000005,114.27598131574788,-631.342796745213,-517.0668154294651,-4.7876556984209735
1380,6.9,113.33327286078121,-630.4130017204471,-517.0797288596659,-4.7877752672191285
1390,6.95,114.12067765389399,-631.2100240819599,-517.0893464280659,-4.7878643187783885
1400,7.0,115.88100000000004,-634.6516514890162,-518.7706514890161,-4.803431958231631
1410,7.05,118.87376021319922,-637.6629848098792,-518.7892245966799,-4.8036039314507395
1420,7.1000000000000005,117.61292155077302,-636.3986535134203,-518.7857319626473,-4.803571592246734
1430,7.15,120.04500615607964,-638.8245296266806,-518.7795234706009,-4.803514106209268
1440,7.2,118.7444774517072,-637.5247319291258,-518.7802544774186,-4.803520874790912
1450,7.25,111.07300371812468,-629.8465990834517,-518.773595365327,-4.80345921634562
1460,7.3,114.44621796761227,-633.2503892761338,-518.8041713085215,-4.803742326930755
1470,7.3500000000000005,104.42197806334377,-623.1915496137361,-518.7695715503924,-4.803421958799929
1480,7.4,113.87090237543931,-632.6724298931339,-518.8015275176946,-4.803717847386061
1490,7.45,114.55522238170232,-633.3557581396168,-518.8005357579145,-4.803708664425135
1500,7.5,115.88099999999993,-621.5299073736668,-505.6489073736669,-4.681934327533953
1510,7.55,130.1744531544628,-635.8287796849525,-505.65432653048964,-4.6819845049119415
1520,7.6000000000000005,135.95713548337895,-641.6160219307384,-505.65888644735946,-4.682026726364439
1530,7.65,127.63640169545123,-633.2830586996641,-505.6466570042129,-4.681913490779749
1540,7.7,126.50546535612133,-632.1796741843227,-505.67420882820136,-4.682168600261123
1550,7.75,121.38223525197374,-627.0354570085505,-505.6532217565767,-4.681974275523858
1560,7.8,125.23864088874994,-630.899886572422,-505.66124568367206,-4.682048571145112
1570,7.8500000000000005,123.76862068223245,-629.4201072343163,-505.6514865520839,-4.681958208815591
1580,7.9,131.93152582326445,-637.6114525641618,-505.6799267408974,-4.682221543897198
1590,7.95,126.08429244827983,-631.7393444293153,-505.6550519810355,-4.6819912220466255
1600,8.0,115.88100000000004,-631.1743759059076,-515.2933759059075,-4.771234962091736
1610,8.05,112.61244797552516,-627.8939933461563,-515.2815453706312,-4.7711254200984365
1620,8.1,118.85240178399602,-634.1574489558074,-515.3050471718113,-4.771343029368624
1630,8.15,117.35335275689022,-632.6177949349238,-515.2644421780336,-4.770967057204015
1640,8.2,127.30362114879892,-642.6103378131074,-515.3067166643085,-4.771358487632487
1650,8.25,133.28207653925233,-648.608351676359,-515.3262751371067,-4.77153958460284
1660,8.3,125.88392498738536,-641.1751911494122,-515.2912661620268,-4.771215427426174
1670,8.35,126.9670602788681,-642.2590186054086,-515.2919583265406,-4.771221836356857
1680,8.4,123.79084976116827,-639.0786988916499,-515.2878491304816,-4.7711837882452
1690,8.45,120.71030330348042,-636.025876423471,-515.3155731199906,-4.771440491851765
1700,8.5,115.88100000000011,-623.289539607017,-507.4085396070169,-4.69822721858349
1710,8.55,127.00423934022731,-634.4645154231913,-507.460276082964,-4.6987062600274445
1720,8.6,119.15786983058553,-626.5665131014716,-507.4086432708861,-4.698228178434131
1730,8.65,124.11646651647769,-631.5626536488237,-507.44618713234604,-4.6985758067809815
1740,8.700000000000001,122.26192183373882,-629.6951218453747,-507.4332000116359,-4.698455555663295
1750,8.75,121.83161555840621,-629.2359061920814,-507.4042906336752,-4.698187876237733
1760,8.8,131.7768031697092,-639.2290690064755,-507.4522658367663,-4.698632091081169
1770,8.85,123.11067318526584,-630.523209975083,-507.4125367898171,-4.698264229535344
1780,8.9,127.64110222245532,-635.0634367613056,-507.42233453885035,-4.698354949433799
1790,8.950000000000001,130.1976723858744,-637.6506856746723,-507.45301328879793,-4.698639011933314
1800,9.0,115.88100000000003,-637.4701693583773,-521.5891693583774,-4.829529345910902
1810,9.05,125.86845332790237,-647.4698892257154,-521.6014358978131,-4.82964292497975
1820,9.1,112.2714145266655,-633.85582812321,-521.5844135965446,-4.829485311079116
1830,9.15,106.16684829984546,-627.7700935802158,-521.6032452803703,-4.829659678521947
1840,9.200000000000001,112.37383494005681,-633.9817587241872,-521.6079237841304,-4.829702998001208
1850,9.25,115.35413352214269,-636.9690069209352,-521.6148733987925,-4.829767346285116
1860,9.3,115.92696036789881,-637.5290880881438,-521.602127720245,-4.829649330743009
1870,9.35,121.5166151638954,-643.1179596951787,-521.6013445312833,-4.829642078993364
1880,9.4,123.89402588519648,-645.5184942478095,-521.624468362613,-4.829856188542713
1890,9.450000000000001,116.59920512139846,-638.1783566728373,-521.5791515514388,-4.829436588439249
1900,9.5,115.8809999999999,-644.1351671119106,-528.2541671119108,-4.891242288073248
1910,9.55,111.74932216651817,-639.9832993159745,-528.2339771494563,-4.891055343976448
1920,9.6,113.43054281047729,-641.6720591347276,-528.2415163242504,-4.891125151150466
1930,9.65,114.22138177887976,-642.4589932449505,-528.2376114660708,-4.8910889950562115
1940,9.700000000000001,112.1837073519277,-640.4241110568919,-528.2404037049641,-4.891114849120038
1950,9.75,122.31676904924373,-650.5908501906702,-528.2740811414264,-4.8914266772354305
1960,9.8,112.42795199155532,-640.6460284949945,-528.2180765034392,-4.890908115772585
1970,9.85,111.09243257835398,-639.3374698394388,-528.2450372610848,-4.891157752417452
1980,9.9,107.16594938905875,-635.413668915575,-528.2477195265163,-4.891182588208484
1990,9.950000000000001,113.8310225353656,-642.0628873961956,-528.23186486083,-4.891035785748426
2000,10.0,115.88100000000004,-651.9437712938137,-536.0627712938136,-4.963544178646423
2010,10.05,105.51817633530423,-641.5430994648759,-536.0249231295717,-4.963193732681219
2020,10.1,108.14192191042302,-644.1954490248173,-536.0535271143943,-4.96345858439254
2030,10.15,105.32531828802787,-641.40053455091,-536.0752162628821,-4.963659409841501
2040,10.200000000000001,112.36624155121312,-648.4442295558506,-536.0779880046375,-4.963685074117014
2050,10.25,103.4535484189619,-639.4814363626891,-536.0278879437273,-4.963221184664142
2060,10.3,106.04486879025139,-642.1065212648024,-536.061652474551,-4.963533819208806
2070,10.35,106.90861772057767,-642.9623278277379,-536.0537101071602,-4.963460278770002
2080,10.4,105.61389919495076,-641.6719670627123,-536.0580678677616,-4.9635006284052
2090,10.450000000000001,112.0357824854949,-648.1033386806397,-536.0675561951448,-4.963588483288378
2100,10.5,115.88099999999993,-646.6696001344397,-530.7886001344398,-4.914709260504072
2110,10.55,114.77638237974062,-645.5858967278119,-530.8095143480713,-4.91490291063029
2120,10.6,112.85843575768031,-643.640763363111,-530.7823276054306,-4.914651181531765
2130,10.65,117.88726219331474,-648.6999533402324,-530.8126911469176,-4.914932325434422
2140,10.700000000000001,106.25150339643818,-637.0379782005551,-530.786474804117,-4.914689581519602
2150,10.75,102.36243224375508,-633.1657183748299,-530.8032861310749,-4.914845241954397
2160,10.8,111.91013946115686,-642.7232856384117,-530.8131461772548,-4.914936538678285
2170,10.85,112.69579511753699,-643.4982891118838,-530.8024939943468,-4.914837907355063
2180,10.9,113.92439793187611,-644.7351533926367,-530.8107554607606,-4.91491440241445
2190,10.950000000000001,110.76030146312318,-641.5219965457027,-530.7616950825795,-4.914460139653515
2200,11.0,115.88099999999987,-649.2796966142554,-533.3986966142555,-4.938876820502366
2210,11.05,110.17651004176466,-643.5693811884184,-533.3928711466538,-4.9388228809875345
2220,11.1,98.43287471730373,-631.8061380843985,-533.3732633670948,-4.9386413274731
2230,11.15,106.84280290413162,-640.2348826568909,-533.3920797527593,-4.93881555326629
2240,11.200000000000001,113.74412108497211,-647.142674350392,-533.3985532654199,-4.938875493198332
2250,11.25,103.18680701672979,-636.5671633069534,-533.3803562902236,-4.938707002687256
2260,11.3,108.20454990472587,-641.596091815593,-533.3915419108671,-4.9388105732487695
2270,11.35,108.71660408139537,-642.1078344076859,-533.3912303262905,-4.938807688206394
2280,11.4,102.21264574107981,-635.5978726751999,-533.3852269341202,-4.938752101241853
2290,11.450000000000001,110.9725355765916,-644.39753508527,-533.4249995086784,-4.939120365821096
2300,11.5,115.88099999999997,-644.0518611863439,-528.1708611863439,-4.890470936910592
2310,11.55,107.22713372437114,-635.3485841380467,-528.1214504136756,-4.890013429756255
2320,11.6,112.37452712975447,-640.5437144536899,-528.1691873239354,-4.890455438184587
2330,11.65,110.49522056521904,-638.6482483602496,-528.1530277950305,-4.890305812916949
2340,11.700000000000001,113.91646480793626,-642.0627344984088,-528.1462696904725,-4.890243237874746
2350,11.75,117.95872902603948,-646.1072269214188,-528.1484978953794,-4.890263869401661
2360,11.8,112.19118054014109,-640.33758824206,-528.1464077019189,-4.890244515758508
2370,11.85,109.54136835241492,-637.6774399792339,-528.136071626819,-4.890148811359435
2380,11.9,123.33745760611299,-651.5037891096272,-528.1663315035141,-4.8904289954029085
2390,11.950000000000001,120.37638371920082,-648.5246767503778,-528.148293031177,-4.890261972510898
2400,12.0,115.88099999999987,-640.8064954452279,-524.9254954452281,-4.860421254122482
2410,12.05,112.87103319464029,-637.8149018761928,-524.9438686815525,-4.860591376681042
2420,12.1,106.11971569882898,-631.0499391935724,-524.9302234947435,-4.860465032358736
2430,12.15,106.96907823755988,-631.8965355383644,-524.9274573008046,-4.860439419451894
2440,12.200000000000001,115.71937312630726,-640.6496533580955,-524.9302802317883,-4.860465557701743
2450,12.25,126.8495675553815,-651.7947549376764,-524.945187382295,-4.8606035868731015
2460,12.3,121.68244878312703,-646.6058561123233,-524.9234073291963,-4.86040191971478
2470,12.35,112.9717427332773,-637.8790211621223,-524.907278428845,-4.860252578044861
2480,12.4,110.1642182915038,-635.0938408926353,-524.9296226011315,-4.860459468528996
2490,12.450000000000001,110.28210700761217,-635.2137760106649,-524.9316690030528,-4.860478416694933
2500,12.5,115.881,-638.4519530451531,-522.5709530451531,-4.83861993560327
2510,12.55,118.07892886969944,-640.6709248700155,-522.591996000316,-4.838814777780704
2520,12.6,116.39152420790873,-638.9747246168629,-522.5832004089541,-4.838733337119946
2530,12.65,120.05224331330298,-642.6422299826949,-522.5899866693919,-4.83879617286474
2540,12.700000000000001,114.32120632548232,-636.8835358303951,-522.5623295049128,-4.838540088008451
2550,12.75,118.79075933794861,-641.3719356555699,-522.5811763176213,-4.8387145955335304
2560,12.8,114.92785374847355,-637.4918553702281,-522.5640016217545,-4.838555570571801
2570,12.85,117.17625673191867,-639.7732127970527,-522.596956065134,-4.838860704306796
2580,12.9,114.49813465775756,-637.0888629356997,-522.5907282779422,-4.838803039610576
2590,12.950000000000001,114.05074364085858,-636.6307608081546,-522.580017167296,-4.8387038626601475
2600,13.0,115.88099999999991,-634.083452991204,-518.2024529912042,-4.798170861029668
2610,13.05,118.71984588716785,-636.9451766879762,-518.2253308008084,-4.798382692600078
2620,13.1,116.36854671361552,-634.5746755828828,-518.2061288692673,-4.79820489693766
2630,13.15,118.22514012519792,-636.4461889437977,-518.2210488185997,-4.798343044616664
2640,13.200000000000001,122.13497560140863,-640.3459252097801,-518.2109496083715,-4.798249533410847
2650,13.25,124.28298470877135,-642.4832087373615,-518.2002240285901,-4.798150222486946
2660,13.3,117.9292554996627,-636.1717763952779,-518.2425208956151,-4.798541860144585
2670,13.35,105.8249157059431,-624.0266148716795,-518.2016991657364,-4.798163881164226
2680,13.4,111.2628368701515,-629.472424892025,-518.2095880218734,-4.798236926128458
2690,13.450000000000001,106.26419960611213,-624.465345905095,-518.2011462989828,-4.798158762027619
2700,13.5,115.881,-630.0635916198984,-514.1825916198984,-4.760949922406467
2710,13.55,128.00204140421468,-642.2233832270272,-514.2213418228125,-4.761308720581598
2720,13.6,116.18956499188899,-630.3789256925375,-514.1893607006484,-4.761012599080078
2730,13.65,119.34881741262514,-633.5442045963391,-514.1953871837139,-4.761068399849203
2740,13.700000000000001,122.07168753991631,-636.2568313134994,-514.1851437735831,-4.760973553459103
2750,13.75,118.88730723074872,-633.0622322096604,-514.1749249789116,-4.760878934989922
2760,13.8,117.05756936832151,-631.225897240132,-514.1683278718104,-4.760817850664911
2770,13.85,127.48403013605012,-641.686813208984,-514.2027830729338,-4.761136880304942
2780,13.9,129.94347780741253,-644.1266753861582,-514.1831975787456,-4.760955533136534
2790,13.950000000000001,123.93109678325015,-638.0889105465877,-514.1578137633376,-4.7607204978086815
2800,14.0,115.881,-640.5757113965645,-524.6947113965646,-4.858284364783005
2810,14.05,114.0718244990024,-638.7519704595057,-524.6801459605033,-4.8581494996342895
2820,14.1,119.3561651907187,-644.0511018160482,-524.6949366253295,-4.858286450234533
2830,14.15,115.70015588075938,-640.3817803645887,-524.6816244838294,-4.858163189665087
2840,14.200000000000001,115.08284347710854,-639.7798685705662,-524.6970250934577,-4.858305787902386
2850,14.25,114.04424902502096,-638.7427654678169,-524.698516442796,-4.858319596692555
2860,14.3,113.70339352470243,-638.4229725293526,-524.7195790046502,-4.858514620413428
2870,14.35,109.88307150143204,-634.5770744353588,-524.6940029339268,-4.858277804943766
2880,14.4,116.58896437318762,-641.2804488813264,-524.6914845081387,-4.858254486186469
2890,14.450000000000001,116.02713187101658,-640.7173926642143,-524.6902607931978,-4.8582431554925725
2900,14.5,115.881,-635.4571786987032,-519.5761786987032,-4.810890543506511
2910,14.55,118.26579832215678,-637.8431840343757,-519.5773857122189,-4.810901719557582
2920,14.6,121.99737057612145,-641.594429677578,-519.5970591014566,-4.811083880569043
2930,14.65,112.70822542811347,-632.2894843733692,-519.5812589452557,-4.810937582826442
2940,14.700000000000001,110.09525030183552,-629.6444289695766,-519.549178667741,-4.810640543219824
2950,14.75,130.78177768164815,-650.3878566730524,-519.6060789914043,-4.811167398068558
2960,14.8,120.44668961594202,-640.0160445595814,-519.5693549436394,-4.810827360589253
2970,14.85,114.75850398568804,-634.3282434595934,-519.5697394739054,-4.81083092105468
2980,14.9,118.29192424350458,-637.863378785524,-519.5714545420194,-4.8108468013149945
2990,14.950000000000001,118.02930565521123,-637.617608441869,-519.5883027866578,-4.811002803580164
3000,15.0,115.881,-634.2413942351465,-518.3603942351465,-4.79963327995506
3010,15.05,117.96593640238167,-636.3028307198464,-518.3368943174647,-4.7994156881246735
3020,15.1,122.75357350729043,-641.0964066451525,-518.342833137862,-4.799470677202426
3030,15.15,119.39148954704292,-637.736163739233,-518.34467419219,-4.79948772400176
3040,15.200000000000001,115.62435068822256,-633.9533768233799,-518.3290261351574,-4.799342834584791
3050,15.25,119.94870223889325,-638.310970052176,-518.3622678132828,-4.799650627900767
3060,15.3,101.46171166456209,-619.783579260793,-518.3218675962308,-4.799276551816952
3070,15.35,102.26733206873958,-620.6057817732107,-518.338449704471,-4.799430089856213
3080,15.4,112.16551509011524,-630.504089555622,-518.3385744655068,-4.799431245050989
3090,15.450000000000001,124.77666072445149,-643.1236820417065,-518.347021317255,-4.79950945664125
3100,15.5,115.88100000000001,-640.3387887447574,-524.4577887447574,-4.856090636525532
3110,15.55,116.34624926947566,-640.8362856754817,-524.4900364060061,-4.8563892259815375
3120,15.6,112.45672272608932,-636.921648441146,-524.4649257150567,-4.856156719583858
3130,15.65,114.75698553888812,-639.2290229835625,-524.4720374446744,-4.85622256893217
3140,15.700000000000001,118.54674526312596,-643.0483060065452,-524.5015607434193,-4.856495932809438
3150,15.75,107.36666120688258,-631.8353126769344,-524.4686514700519,-4.8561912173152955
3160,15.8,121.15259494548474,-645.6603017151152,-524.5077067696304,-4.856552840459541
3170,15.85,116.09557725334105,-640.5880764728437,-524.4924992195026,-4.856412029810209
3180,15.9,109.33498869337242,-633.829676284676,-524.4946875913035,-4.8564322925120695
3190,15.950000000000001,111.96070552358175,-636.4364140080946,-524.4757084845129,-4.856256560041786
3200,16.0,115.88099999999986,-638.1883417548453,-522.3073417548454,-4.836179090322643
3210,16.05,119.59198499430448,-641.9071257399372,-522.3151407456328,-4.836251303200304
3220,16.1,117.29205748480763,-639.6021641965401,-522.3101067117325,-4.8362046917753005
3230,16.15,115.85570093776064,-638.1930456988674,-522.3373447611068,-4.836456895936174
3240,16.2,108.62499810488941,-630.9676909679856,-522.3426928630962,-4.836506415399039
3250,16.25,100.45528950319306,-622.7512005611059,-522.2959110579128,-4.83607325053623
3260,16.3,120.9119530199989,-643.2492558708419,-522.337302850843,-4.836456507878176
3270,16.35,120.49896539468405,-642.8165141482935,-522.3175487536095,-4.8362735995704575
3280,16.4,119.93883881236978,-642.2839987828067,-522.345159970437,-4.836529258985528
3290,16.45,110.12197759549208,-632.4301309179916,-522.3081533224995,-4.836186604837958
3300,16.5,115.881,-628.6871240053662,-512.8061240053662,-4.748204851901539
3310,16.55,116.29306943956652,-629.0503644311408,-512.7572949915743,-4.747752731403466
3320,16.6,135.44024238249915,-648.248951693411,-512.8087093109118,-4.74822878991585
3330,16.65,122.04218395382185,-634.8172174771065,-512.7750335232847,-4.747916977067451
3340,16.7,124.31595598199146,-637.1128618116487,-512.7969058296572,-4.748119498422752
3350,16.75,122.42284920268611,-635.21394208436,-512.7910928816739,-4.748065674830314
3360,16.8,112.78528882369976,-625.532237051232,-512.7469482275322,-4.747656928032706
3370,16.85,125.21712963887147,-638.0082070519185,-512.791077413047,-4.748065531602287
3380,16.9,126.30532436918762,-639.1016858591967,-512.7963614900091,-4.748114458240825
3390,16.95,118.60495793069809,-631.3714464632195,-512.7664885325214,-4.747837856782605
3400,17.0,115.88099999999991,-633.9278110121484,-518.0468110121485,-4.796729731593968
3410,17.05,110.06671623174927,-628.0890604994231,-518.0223442676738,-4.796503187663647
3420,17.1,118.06798441528143,-636.1316154417135,-518.0636310264321,-4.796885472466964
3430,17.150000000000002,111.99432800054076,-630.0307100926683,-518.0363820921275,-4.796633167519699
3440,17.2,111.24465947744392,-629.2952789001109,-518.0506194226671,-4.796764994654325
3450,17.25,113.17302075279167,-631.2156650468715,-518.0426442940799,-4.79669115087111
3460,17.3,116.06195743047302,-634.1114741304356,-518.0495166999625,-4.796754784258912
3470,17.35,122.56071956968403,-640.6187762817086,-518.0580567120246,-4.796833858444672
3480,17.400000000000002,117.67289667315431,-635.7161677961745,-518.0432711230202,-4.79669695484278
3490,17.45,112.9898525125819,-631.0412963524576,-518.0514438398757,-4.796772628146997
3500,17.5,115.88100000000017,-632.093063165832,-516.2120631658318,-4.779741325609553
3510,17.55,113.3116713578411,-629.5166445519903,-516.2049731941493,-4.7796756777236045
3520,17.6,121.30239339541019,-637.5150383739618,-516.2126449785517,-4.779746712764368
3530,17.650000000000002,118.16146452369038,-634.3798125148236,-516.2183479911332,-4.779799518436419
3540,17.7,113.59771394302267,-629.8193385688849,-516.2216246258622,-4.779829857646872
3550,17.75,106.91035361226548,-623.1017954591923,-516.1914418469269,-4.779550387471545
3560,17.8,113.35502642732106,-629.5542001079823,-516.1991736806613,-4.779621978524641
3570,17.85,123.13714797129072,-639.3763083265579,-516.2391603552672,-4.779992225511734
3580,17.900000000000002,100.48879140674649,-616.6625483383676,-516.1737569316211,-4.779386638255751
3590,17.95,106.63050513738752,-622.8691721277401,-516.2386669903525,-4.779987657318078
3600,18.0,115.88099999999996,-626.4016051658201,-510.52060516582014,-4.72704264042426
3610,18.05,121.08446982435129,-631.6251742728409,-510.54070444848963,-4.727228744893423
3620,18.1,110.7403389239743,-621.2362365459567,-510.49589762198235,-4.726813866870207
3630,18.150000000000002,121.50601447183891,-632.0610236173861,-510.5550091455472,-4.727361195792104
3640,18.2,117.5129786556359,-628.0058779037973,-510.49289924816145,-4.726786104149643
3650,18.25,128.47495975516296,-639.0310978511642,-510.55613809600123,-4.727371649037049
3660,18.3,105.53982467988402,-616.0504811219475,-510.5106564420635,-4.726950522611699
3670,18.35,114.08886111932578,-624.6380752529591,-510.5492141336333,-4.727307538274382
3680,18.400000000000002,121.64908226232835,-632.181607395076,-510.5325251327476,-4.727153010488403
3690,18.45,121.671189076142,-632.1927334345048,-510.5215443583628,-4.727051336651507
3700,18.5,115.88099999999999,-633.3170419477404,-517.4360419477405,-4.791074462479078
3710,18.55,109.00911555424334,-626.4250293525754,-517.4159137983321,-4.790888090725297
3720,18.6,123.40248927317973,-640.8458289413715,-517.4433396681917,-4.791142033964738
3730,18.650000000000002,134.4599891950274,-651.8880530527505,-517.4280638577231,-4.791000591275214
3740,18.7,126.41278766064354,-643.8386807672181,-517.4258931065746,-4.7909804917275425
3750,18.75,113.40004103715174,-630.8286031236513,-517.4285620864996,-4.791005204504626
3760,18.8,103.82921257109363,-621.2263582429447,-517.397145671851,-4.790714311776399
3770,18.85,114.0915512807315,-631.5514273643635,-517.459876083632,-4.791295148922519
3780,18.900000000000002,110.93000568911702,-628.371863560822,-517.441857871705,-4.791128313626898
3790,18.95,107.64124752427419,-625.0464090219824,-517.4051614977083,-4.790788532386188
3800,19.0,115.88099999999997,-635.7267409439565,-519.8457409439566,-4.81338649022182
3810,19.05,116.61755172654395,-636.4883322637571,-519.8707805372131,-4.813618338307529
3820,19.1,110.01964842861989,-629.8749559409918,-519.8553075123718,-4.813475069558998
3830,19.150000000000002,117.38900074108903,-637.2453279758163,-519.8563272347272,-4.81348451143266
3840,19.2,120.36684732426428,-640.2310370473527,-519.8641897230884,-4.813557312250818
3850,19.25,113.0632572231522,-632.887526694397,-519.8242694712449,-4.813187680289304
3860,19.3,128.86914857098523,-648.7486296547561,-519.8794810837709,-4.813698898923804
3870,19.35,119.16173155258633,-638.9927767371177,-519.8310451845314,-4.813250418375291
3880,19.400000000000002,116.57459045342667,-636.4417606768012,-519.8671702233745,-4.81358490947569
3890,19.45,105.24779312832865,-625.1015801514178,-519.8537870230891,-4.813460990954529
3900,19.5,115.88100000000013,-624.9450843819346,-509.0640843819345,-4.713556336869764
3910,19.55,121.27201314942516,-630.3480006244449,-509.07598747501976,-4.713666550694628
3920,19.6,111.7422187036243,-620.7840109217876,-509.0417922181633,-4.7133499279459565
3930,19.650000000000002,118.11063159943095,-627.1840043284067,-509.07337272897576,-4.7136423400831085
3940,19.7,117.43801889222996,-626.5026802517956,-509.06466135956566,-4.713561679255237
3950,19.75,120.7090856938865,-629.7634203052004,-509.0543346113139,-4.713466061215869
3960,19.8,127.35394789547234,-636.4344842231854,-509.0805363277131,-4.713708669701047
3970,19.85,122.13777162475095,-631.1908326430722,-509.0530610183213,-4.71345426868816
3980,19.900000000000002,126.50496993045745,-635.5601660325905,-509.05519610213304,-4.713474037982714
3990,19.95,132.2074919678614,-641.2674909998658,-509.0599990320044,-4.7135185095555965
4000,20.0,115.8809999999999,-636.9683099166758,-521.087309916676,-4.824882499228481
4010,20.05,116.56894245543633,-637.6573702980669,-521.0884278426306,-4.824892850394728
4020,20.1,117.64573206887918,-638.7459647855634,-521.1002327166842,-4.825002154784113
4030,20.150000000000002,116.24859999053572,-637.3535278443636,-521.1049278538279,-4.825045628276184
4040,20.2,115.4998429772778,-636.5850000285444,-521.0851570512666,-4.824862565289505
4050,20.25,109.2009999614796,-630.2695136698222,-521.0685137083426,-4.824708460262432
4060,20.3,117.23446938655519,-638.3391016241738,-521.1046322376187,-4.825042891089062
4070,20.35,120.64016862792023,-641.7211019020116,-521.0809332740913,-4.824823456241586
4080,20.400000000000002,122.28570085261907,-643.3967822990006,-521.1110814463816,-4.825102605985015
4090,20.45,112.48944981451767,-633.5742108680643,-521.0847610535466,-4.824858898643949
4100,20.5,115.88100000000003,-647.5113211895248,-531.6303211895247,-4.922502973977081
4110,20.55,117.15090011297181,-648.7665722681013,-531.6156721551295,-4.922367334769717
4120,20.6,109.9429720811236,-641.5633020592171,-531.6203299780935,-4.9224104627601255
4130,20.650000000000002,109.2166678212196,-640.8331443992193,-531.6164765779997,-4.922374783129627
4140,20.7,109.56698446256735,-641.1718852456544,-531.604900783087,-4.922267599843399
4150,20.75,107.76199280152196,-639.3677355276851,-531.6057427261632,-4.922275395612622
4160,20.8,114.89474744666171,-646.5089073559548,-531.614159909293,-4.922353332493453
4170,20.85,112.69392065397462,-644.2924826630982,-531.5985620091236,-4.9222089074918856
4180,20.900000000000002,107.52926957094222,-639.136842693557,-531.6075731226148,-4.922292343727914
4190,20.95,101.52876096571283,-633.1465909752263,-531.6178300095135,-4.9223873149029025
4200,21.0,115.88100000000011,-642.2060535795475,-526.3250535795474,-4.87338012573655
4210,21.05,119.27566674228052,-645.5746248124952,-526.2989580702147,-4.8731385006501355
4220,21.1,112.64044539060137,-638.9327040817258,-526.2922586911244,-4.873076469362263
4230,21.150000000000002,107.36774874541645,-633.6536641749304,-526.285915429514,-4.873017735458463
4240,21.2,110.42593196504008,-636.7236089883617,-526.2976770233216,-4.87312663910483
4250,21.25,113.53903857653266,-639.8610806721148,-526.3220420955821,-4.87335224162576
4260,21.3,103.0877090822404,-629.3429140086075,-526.2552049263671,-4.872733378947844
4270,21.35,119.81760927190179,-646.1351379742938,-526.317528702392,-4.8733104509480745
4280,21.400000000000002,115.9617115877794,-642.2476742153367,-526.2859626275573,-4.873018172477383
4290,21.45,111.48594489197686,-637.7851527041918,-526.299207812215,-4.8731408130760645
4300,21.5,115.88099999999991,-640.2230857972423,-524.3420857972424,-4.855019312937429
4310,21.55,123.06610947992316,-647.4048777984137,-524.3387683184906,-4.854988595541579
4320,21.6,122.72563298425509,-647.080817908459,-524.355184924204,-4.855140601150037
4330,21.650000000000002,117.17300346312926,-641.5140103879907,-524.3410069248614,-4.855009323378346
4340,21.7,122.37878666890363,-646.7243690411575,-524.3455823722538,-4.85505168863198
4350,21.75,123.9013790128631,-648.2500680846694,-524.3486890718062,-4.855080454368577
4360,21.8,110.92176760003717,-635.2802585412257,-524.3584909411886,-4.855171212418413
4370,21.85,107.62216024152087,-631.9705052771966,-524.3483450356757,-4.8550772688488495
4380,21.900000000000002,116.51550800580009,-640.8635945459065,-524.3480865401064,-4.855074875371355
4390,21.95,113.69306511508354,-638.042145364136,-524.3490802490525,-4.855084076380115
4400,22.0,115.88099999999987,-642.0057012149239,-526.124701214924,-4.871525011249297
4410,22.05,112.35781575045009,-638.4679350736697,-526.1101193232196,-4.871389993733515
4420,22.1,119.84783784271092,-645.9682910276708,-526.12045318496,-4.8714856776385185
4430,22.150000000000002,124.88177520593553,-651.0037826801146,-526.1220074741791,-4.871500069205362
4440,22.2,112.46660262771707,-638.5654029369615,-526.0988003092444,-4.871285188048559
4450,22.25,114.27680475460615,-640.4018198731184,-526.1250151185122,-4.871527917764002
4460,22.3,114.94571652578874,-641.0613072462685,-526.1155907204798,-4.871440654819257
4470,22.35,114.82081113952343,-640.9392791925064,-526.118468052983,-4.8714672967868795
4480,22.400000000000002,115.48497914860266,-641.6069955969537,-526.122016448351,-4.8715001522995465
4490,22.45,115.0051486905614,-641.1057829612768,-526.1006342707153,-4.87130216917329
4500,22.5,115.88099999999999,-646.2007518303786,-530.3197518303787,-4.910368072503506
4510,22.55,115.90208065391933,-646.2352684018837,-530.3331877479643,-4.910492479147818
4520,22.6,105.21498481479028,-635.5301622216879,-530.3151774068976,-4.910325716730534
4530,22.650000000000002,104.30776290142849,-634.6532404432722,-530.3454775418437,-4.91060627353559
4540,22.7,102.35609254665641,-632.6570054698396,-530.3009129231832,-4.910193638177622
4550,22.75,113.46290847463551,-643.792369857743,-530.3294613831075,-4.910457975769514
4560,22.8,113.67511321547737,-644.0054907556281,-530.3303775401507,-4.910466458705099
4570,22.85,105.81002324159849,-636.1063430075544,-530.2963197659559,-4.910151108944036
4580,22.900000000000002,107.00046444831091,-637.326660321122,-530.326195872811,-4.910427739563065
4590,22.95,104.43059870054039,-634.7534119645361,-530.3228132639957,-4.910396419111072
4600,23.0,115.88100000000001,-635.4945099555451,-519.6135099555452,-4.811236203292085
4610,23.05,125.78457997679982,-645.441201897102,-519.6566219203022,-4.811635388150946
4620,23.1,128.60216276953537,-648.2499625297072,-519.6477997601719,-4.811553701483073
4630,23.150000000000002,124.4853463209644,-644.0842971010621,-519.5989507800978,-4.811101396112016
4640,23.2,120.27071331496978,-639.9212383332776,-519.6505250183079,-4.811578935354703
4650,23.25,112.08668926701036,-631.7107229296727,-519.6240336626623,-4.811333645024651
4660,23.3,124.20804877067256,-643.8466265582493,-519.6385777875768,-4.811468312847933
4670,23.35,120.31211505052342,-639.9438569199874,-519.631741869464,-4.811405017309852
4680,23.400000000000002,112.51280165865064,-632.0935846520853,-519.5807829934346,-4.810933175865135
4690,23.45,130.1888300036667,-649.83905563424,-519.6502256305733,-4.811576163246049
4700,23.5,115.88100000000004,-645.7492292099554,-529.8682292099553,-4.906187307499586
4710,23.55,105.46273041829917,-635.3108887217317,-529.8481583034325,-4.906001465772523
4720,23.6,110.79722268438553,-640.6685886885309,-529.8713660041453,-4.906216351890235
4730,23.650000000000002,111.59047670958432,-641.4430799218068,-529.8526032122224,-4.906042622335393
4740,23.7,114.91618759568304,-644.766373242907,-529.850185647224,-4.906020237474296
4750,23.75,110.92146596296949,-640.7739729495011,-529.8525069865316,-4.9060417313567735
4760,23.8,102.60612981818761,-632.4466980094544,-529.8405681912668,-4.905931186956174
4770,23.85,108.18779782994565,-638.0545049278998,-529.8667070979541,-4.906173213869945
4780,23.900000000000002,107.5959867648637,-637.4478412980416,-529.8518545331779,-4.9060356901220175
4790,23.95,112.201260123127,-642.0659542171708,-529.8646940940438,-4.90615457494485
4800,24.0,115.88099999999997,-634.1411982875685,-518.2601982875685,-4.798705539699709
4810,24.05,126.43632060289941,-644.75655111754,-518.3202305146406,-4.7992613936540796
4820,24.1,117.54402011853976,-635.8279021769281,-518.2838820583884,-4.798924833873967
4830,24.150000000000002,118.16686820248562,-636.4463248477185,-518.2794566452329,-4.7988838578262305
4840,24.2,134.38110851964873,-652.678727830047,-518.2976193103983,-4.799052030651836
4850,24.25,132.78168511015,-651.0770724389082,-518.2953873287582,-4.7990313641551685
4860,24.3,111.9842576717585,-630.2732153675883,-518.2889576958297,-4.798971830516941
4870,24.35,106.06393201093265,-624.361433171288,-518.2975011603554,-4.799050936669958
4880,24.400000000000002,117.20845235826313,-635.5068527645129,-518.2984004062498,-4.7990592630208315
4890,24.45,120.78460243168284,-639.0811851662767,-518.2965827345938,-4.79904243272772
4900,24.5,115.88099999999994,-632.6960008194773,-516.8150008194773,-4.785324081661827
4910,24.55,115.9295656444649,-632.7387996886195,-516.8092340441546,-4.785270685594024
4920,24.6,121.74276076428268,-638.5755357240553,-516.8327749597726,-4.785488657034931
4930,24.650000000000002,111.03959354499027,-627.8205081562159,-516.7809146112256,-4.785008468622459
4940,24.7,125.4213412340842,-642.2748212493614,-516.8534800152772,-4.785680370511826
4950,24.75,115.24720480524829,-632.0607683333564,-516.813563528108,-4.7853107734084075
4960,24.8,114.87554945521251,-631.6826639008196,-516.8071144456071,-4.785251059681547
4970,24.85,123.25840152047053,-640.0939957792835,-516.835594258813,-4.7855147616556755
4980,24.900000000000002,118.86584526130865,-635.6878850967375,-516.8220398354289,-4.785389257735453
4990,24.95,119.38448530531431,-636.2077916246552,-516.8233063193409,-4.785400984438342
5000,25.0,115.88099999999991,-638.4378646803791,-522.5568646803792,-4.838489487781289
5010,25.05,123.90414606945086,-646.4652385968653,-522.5610925274145,-4.838528634513097
5020,25.1,117.44373040623704,-639.9860094904245,-522.5422790841875,-4.838354435964699
5030,25.150000000000002,114.11433941126568,-636.6587897393678,-522.5444503281021,-4.838374540075019
5040,25.2,118.68081532492282,-641.251790436226,-522.5709751113031,-4.838620139919474
5050,25.25,115.09313348846298,-637.6428524694902,-522.5497189810272,-4.8384233238984
5060,25.3,116.37133807712817,-638.9129070944417,-522.5415690173136,-4.838347861271422
5070,25.35,118.60438984987138,-641.1622191547967,-522.5578293049253,-4.838498419490049
5080,25.400000000000002,114.25875041672586,-636.8081049515561,-522.5493545348302,-4.838419949396576
5090,25.45,117.51482116037485,-640.0829721674957,-522.5681510071208,-4.838593990806674
5100,25.5,115.51467800178709,-638.0843773228243,-522.5696993210372,-4.838608327046641
5110,25.55,113.81486552991286,-636.375318075679,-522.5604525457662,-4.838522708757095
5120,25.6,115.23940016517666,-637.8155570490838,-522.5761568839072,-4.838668119295437
5130,25.650000000000002,115.15968310530572,-637.7283774770241,-522.5686943717184,-4.838599021960356
5140,25.7,120.28250504232405,-642.858546658431,-522.576041616107,-4.83866705200099
5150,25.75,111.72781859636609,-634.2834018255111,-522.555583229145,-4.838477622492083
5160,25.8,119.88208196343258,-642.4396306628568,-522.5575486994242,-4.838495821290964
5170,25.85,122.29845583420935,-644.86628076438,-522.5678249301707,-4.8385909715756545
5180,25.900000000000002,108.02267998059182,-630.578659726442,-522.5559797458502,-4.838481293943057
5190,25.95,108.25758057495592,-630.8009860833389,-522.543405508383,-4.838364865818361
5200,26.0,121.23624212557183,-643.8081034194618,-522.5718612938899,-4.838628345313795
5210,26.05,122.41307613840507,-644.9431993162297,-522.5301231778246,-4.838241881276154
5220,26.1,124.22127381978126,-646.7998490462854,-522.5785752265042,-4.83869051135652
5230,26.150000000000002,100.15769613322254,-622.6791297870625,-522.52143365384,-4.838161422720741
5240,26.2,116.73606617096284,-639.3371451147889,-522.601078943826,-4.8388988791095
5250,26.25,106.99845285511536,-629.5539667129021,-522.5555138577868,-4.8384769801646925
5260,26.3,114.57846285551759,-637.1462875741369,-522.5678247186192,-4.8385909696168445
5270,26.35,122.69430065221991,-645.2583187520227,-522.5640180998028,-4.838555723146322
5280,26.400000000000002,123.37755344039196,-645.927612035406,-522.5500585950141,-4.838426468472353
5290,26.45,124.74031621981054,-647.3140654771163,-522.5737492573057,-4.838645826456535
5300,26.5,111.51687280230388,-634.0522498383308,-522.535377036027,-4.838290528111361
5310,26.55,117.70490505855338,-640.2720468876668,-522.5671418291133,-4.838584646565864
5320,26.6,118.47928309391298,-641.0384468868941,-522.5591637929812,-4.838510775860937
5330,26.650000000000002,112.74876636888109,-635.2754640280167,-522.5266976591356,-4.838210163510515
5340,26.7,123.18039304880566,-645.7585026310315,-522.5781095822259,-4.838686199835426
5350,26.75,119.27302004765023,-641.8171640300301,-522.5441439823799,-4.838371703540554
5360,26.8,117.3669781938739,-639.9077461130332,-522.5407679191593,-4.83834044369592
5370,26.85,123.53958384554423,-646.1022298123538,-522.5626459668096,-4.838543018211199
5380,26.900000000000002,119.48481165572885,-642.0419056020738,-522.5570939463449,-4.838491610614305
5390,26.95,124.74707062199839,-647.306720513497,-522.5596498914986,-4.838515276773135
5400,27.0,121.33444069924653,-643.8940306764761,-522.5595899772295,-4.838514722011384
5410,27.05,107.36895680374674,-629.9256107601203,-522.5566539563736,-4.838487536633089
5420,27.1,105.54106464081285,-628.101067693748,-522.5600030529351,-4.838518546786436
5430,27.150000000000002,109.17258141549887,-631.6941975411781,-522.5216161256793,-4.838163112274809
5440,27.2,125.63208416187209,-648.2173519359185,-522.5852677740464,-4.838752479389319
5450,27.25,113.88105794465224,-636.4270844530068,-522.5460265083545,-4.838389134336616
5460,27.3,111.9094368305458,-634.4461092970429,-522.5366724664971,-4.838302522837936
5470,27.35,123.23140084772861,-645.7860769624934,-522.5546761147648,-4.838469223284859
5480,27.400000000000002,119.72044494527634,-642.261163489586,-522.5407185443097,-4.838339986521386
5490,27.45,116.76600410927449,-639.3491302536171,-522.5831261443426,-4.838732649484654
5500,27.5,97.63530213409135,-620.1709187508524,-522.535616616761,-4.838292746451491
5510,27.55,102.2083452137084,-624.76666654254,-522.5583213288315,-4.838502975266959
5520,27.6,113.58803205740273,-636.1951627047118,-522.6071306473091,-4.83895491340101
5530,27.650000000000002,101.46355735271851,-623.9964460135214,-522.5328886608029,-4.838267487600027
5540,27.7,114.37542192274351,-636.9461838222361,-522.5707618994926,-4.838618165736043
5550,27.75,117.78982009601694,-640.3464298937008,-522.5566097976839,-4.838487127756332
5560,27.8,124.67942291258295,-647.2408517275147,-522.5614288149318,-4.838531748286406
5570,27.85,111.26136381472948,-633.7993619415741,-522.5379981268446,-4.838314797470783
5580,27.900000000000002,113.89330246648329,-636.4714585328672,-522.5781560663839,-4.838686630244296
5590,27.95,111.0377249540527,-633.5716630049718,-522.5339380509191,-4.838277204175177
5600,28.0,112.40366550002071,-634.9347629127099,-522.5310974126892,-4.838250901969344
5610,28.05,114.74913940269263,-637.3022591450532,-522.5531197423605,-4.838454812429264
5620,28.1,110.02250372795167,-632.5666682669186,-522.5441645389669,-4.838371893879323
5630,28.150000000000002,112.08523942620307,-634.636281763213,-522.5510423370099,-4.838435577194536
5640,28.2,110.72183969008216,-633.2709170182449,-522.5490773281626,-4.8384173826681725
5650,28.25,114.16479639950933,-636.7191028121636,-522.5543064126542,-4.838465800117169
5660,28.3,109.57225118651523,-632.1041107987334,-522.5318596122181,-4.83825795937239
5670,28.35,116.50551721432801,-639.0725592655466,-522.5670420512186,-4.838583722696468
5680,28.400000000000002,114.37168749806351,-636.9033129734104,-522.5316254753469,-4.838255791438398
5690,28.45,121.25748461241425,-643.8175233764672,-522.5600387640529,-4.838518877444934
5700,28.5,106.76666846184027,-629.3262892135466,-522.5596207517063,-4.838515006960244
5710,28.55,101.06705292098646,-623.6047956284452,-522.5377427074587,-4.83831243247647
5720,28.6,123.49491749801832,-646.059437789053,-522.5645202910347,-4.838560373065136
5730,28.650000000000002,118.79061981736064,-641.3486433231437,-522.5580235057831,-4.83850021764614
5740,28.7,110.41675251467363,-632.9687296353064,-522.5519771206328,-4.8384442325984525
5750,28.75,120.9008928388303,-643.5000183095785,-522.5991254707483,-4.838880791395817
5760,28.8,115.27048539010596,-637.825628619185,-522.555143229079,-4.838473548417398
5770,28.85,116.46580600975697,-639.0375756152683,-522.5717696055113,-4.8386274963473275
5780,28.900000000000002,110.34869171687521,-632.8941060592598,-522.5454143423846,-4.83838346613319
5790,28.95,109.75916194815962,-632.3093297532354,-522.5501678050757,-4.838427479676627
5800,29.0,111.32582596307238,-633.8842732390519,-522.5584472759796,-4.838504141444255
5810,29.05,115.10295412474002,-637.6697314530219,-522.5667773282819,-4.838581271558166
5820,29.1,111.34953902499365,-633.8960132056952,-522.5464741807016,-4.8383932794509406
5830,29.150000000000002,122.06417302779109,-644.6439949458995,-522.5798219181085,-4.8387020547973005
5840,29.2,118.67325973119071,-641.2270449854306,-522.5537852542399,-4.838460974576295
5850,29.25,118.72766878868498,-641.2957318982407,-522.5680631095556,-4.838593176940329
5860,29.3,117.98485321648853,-640.55272376427,-522.5678705477815,-4.8385913939609395
5870,29.35,116.97543463821059,-639.5347762446103,-522.5593416063997,-4.838512422281479
5880,29.400000000000002,117.87590496489919,-640.4337939311282,-522.557888966229,-4.838498971909528
5890,29.45,125.046704177162,-647.6150514399382,-522.5683472627761,-4.838595807988668
5900,29.5,117.3849265606021,-639.9202036033472,-522.5352770427451,-4.83828960224764
5910,29.55,121.31807616491628,-643.9046700835676,-522.5865939186513,-4.83876475850603
5920,29.6,109.230718206999,-631.7655971658515,-522.5348789588526,-4.838285916285672
5930,29.650000000000002,119.05435016974589,-641.6436464971792,-522.5892963274333,-4.8387897808095675
5940,29.7,105.6345342190722,-628.1909995975299,-522.5564653784577,-4.838485790541275
5950,29.75,105.89056806703891,-628.4514464976945,-522.5608784306556,-4.8385266521357
5960,29.8,125.93731007069914,-648.539784050862,-522.6024739801628,-4.838911796112619
5970,29.85,112.6854000423906,-635.2377928151367,-522.5523927727461,-4.838448081229131
5980,29.900000000000002,116.71041415650645,-639.2932908416859,-522.5828766851795,-4.838730339677588
5990,29.95,112.7839957696994,-635.3289607720114,-522.544965002312,-4.838379305576963
6000,30.0,112.88176804387416,-635.4542379033198,-522.5724698594456,-4.838633980180052
6010,30.05,109.17708877690181,-631.7395888071586,-522.5625000302568,-4.838541666946822
6020,30.1,113.99048427099567,-636.5621962358839,-522.5717119648882,-4.8386269626378535
6030,30.150000000000002,119.05520166985984,-641.6213752082037,-522.566173538344,-4.838575680910592
6040,30.2,125.052172138014,-647.6449002065432,-522.5927280685291,-4.8388215561900845
6050,30.25,105.77320039284686,-628.3245313403595,-522.5513309475126,-4.838438249514006
6060,30.3,103.71669809541095,-626.2930297134125,-522.5763316180015,-4.838669737203718
6070,30.35,113.20696745475556,-635.7926584050628,-522.5856909503073,-4.83875639768803
6080,30.400000000000002,115.3530267644052,-637.932321110141,-522.5792943457358,-4.838697169867924
6090,30.45,117.8479494559772,-640.4208683523071,-522.57291889633,-4.838638137928981
6100,30.5,118.5569029400453,-641.1292272591498,-522.5723243191045,-4.838632632584301
6110,30.55,108.86208316765627,-631.4201748516517,-522.5580916839955,-4.838500848925884
6120,30.6,118.04415441002253,-640.6357285066211,-522.5915740965986,-4.838810871264802
6130,30.650000000000002,106.10767268773048,-628.6497834959098,-522.5421108081794,-4.838352877853513
6140,30.7,121.88050852970716,-644.5098978601756,-522.6293893304684,-4.839161012319152
6150,30.75,111.64759510923894,-634.1715529700392,-522.5239578608002,-4.838184795007409
6160,30.8,121.83683447397473,-644.4482099091707,-522.611375435196,-4.838994216992556
6170,30.85,106.14834410876772,-628.6923883671935,-522.5440442584259,-4.83837078017061
6180,30.900000000000002,107.8924357717938,-630.4713555354732,-522.5789197636794,-4.838693701515551
6190,30.95,104.00355155560402,-626.5677002000032,-522.5641486443992,-4.838556931892585
6200,31.0,105.16404125147466,-627.7360073705246,-522.5719661190499,-4.838629315917128
6210,31.05,102.9964854912038,-625.5539911098484,-522.5575056186447,-4.838495422394858
6220,31.1,99.46398668752867,-622.0219853527773,-522.5579986652486,-4.838499987641192
6230,31.150000000000002,103.8341754643803,-626.3900673651452,-522.5558919007649,-4.838480480562638
6240,31.2,118.7329570832643,-641.310731636691,-522.5777745534267,-4.838683097716914
6250,31.25,117.28354224955328,-639.8680843365489,-522.5845420869956,-4.838745760064774
6260,31.3,102.9799442650716,-625.527977789949,-522.5480335248774,-4.838407717822939
6270,31.35,102.23105115921537,-624.8114444139983,-522.580393254783,-4.838707344951694
6280,31.400000000000002,96.24333710607742,-618.7791197171942,-522.5357826111168,-4.838294283436267
6290,31.45,113.97596282120085,-636.5655030880498,-522.589540266849,-4.838792039507861
6300,31.5,109.34889262436523,-631.9196789474637,-522.5707863230984,-4.838618391880541
6310,31.55,103.94595826446836,-626.5068899027724,-522.560931638304,-4.838527144799111
6320,31.6,103.64595683758985,-626.2270563972089,-522.581099559619,-4.838713884811288
6330,31.650000000000002,100.20798491947548,-622.7769211259427,-522.5689362064672,-4.838601261170993
6340,31.7,108.18244893647379,-630.7687742240838,-522.5863252876101,-4.838762271181575
6350,31.75,110.6757549895163,-633.2448430422179,-522.5690880527015,-4.838602667154644
6360,31.8,111.51229854257339,-634.0591888149855,-522.5468902724122,-4.8383971321519645
6370,31.85,116.9519867976689,-639.5142642984737,-522.5622775008048,-4.838539606488934
6380,31.900000000000002,119.04280231802939,-641.6354137444382,-522.5926114264088,-4.838820476170452
6390,31.95,104.51720749641127,-627.0990196559952,-522.5818121595839,-4.83872048295911
6400,32.0,99.66562973511813,-622.2427278157231,-522.577098080605,-4.838676834079676
6410,32.05,103.4787240570911,-626.0506173243293,-522.5718932672382,-4.838628641363317
6420,32.1,98.12428577367335,-620.6816430140258,-522.5573572403524,-4.838494048521782
6430,32.15,109.20974909764092,-631.7872224950194,-522.5774733973784,-4.838680309234985
6440,32.2,117.50193865826598,-640.0947217638931,-522.5927831056271,-4.838822065792844
6450,32.25,98.09828510841743,-620.6491743327889,-522.5508892243715,-4.838434159484922
6460,32.3,101.57546760847418,-624.1491565968105,-522.5736889883362,-4.838645268410521
6470,32.35,102.8720351806492,-625.4315541090768,-522.5595189284277,-4.8385140641521085
6480,32.4,100.62913292796506,-623.1656591947591,-522.536526266794,-4.838301169136981
6490,32.45,113.0961936743257,-635.6866487235412,-522.5904550492155,-4.838800509714958
6500,32.5,100.85607295009461,-623.3973261694495,-522.5412532193549,-4.838344937216249
6510,32.55,101.3589500003964,-623.9346950622172,-522.5757450618208,-4.838664306127971
6520,32.6,95.36122387517402,-617.901324149766,-522.540100274592,-4.838334261801777
6530,32.65,98.29016834930164,-620.8462150143047,-522.556046665003,-4.838481913564842
6540,32.7,104.03283165612572,-626.602584735547,-522.5697530794213,-4.838608824809456
6550,32.75,101.3084664818252,-623.8655730419584,-522.5571065601332,-4.838491727408641
6560,32.8,102.44182244936897,-625.0152875688362,-522.5734651194673,-4.838643195550623
6570,32.85,101.051206361548,-623.6211102164599,-522.5699038549119,-4.838610220878814
6580,32.9,90.5499007778946,-613.1081656980332,-522.5582649201385,-4.838502452964246
6590,32.95,88.59741671423775,-611.1495991800658,-522.5521824658281,-4.838446133942853
6600,33.0,102.65506364520706,-625.236509563409,-522.5814459182019,-4.8387170918352025
6610,33.05,96.344860146263,-618.8937308281025,-522.5488706818395,-4.838415469276292
6620,33.1,96.85101705172883,-619.4038860624972,-522.5528690107684,-4.8384524908404485
6630,33.15,108.09128120329235,-630.6674778592975,-522.5761966560051,-4.838668487555602
6640,33.2,101.60251789731515,-624.1557885197313,-522.5532706224162,-4.838456209466817
6650,33.25,98.22162892500148,-620.7972218743041,-522.5755929493026,-4.838662897678728
6660,33.3,96.94344563550128,-619.5039915388143,-522.560545903313,-4.838523573178825
6670,33.35,103.29153944559224,-625.8666094588385,-522.5750700132463,-4.838658055678207
6680,33.4,101.30012106503904,-623.8758299399982,-522.5757088749592,-4.838663971064437
6690,33.45,100.15721939928675,-622.7359162361189,-522.5786968368321,-4.8386916373780755
6700,33.5,99.45753638235503,-622.0022041139235,-522.5446677315686,-4.838376553070079
6710,33.55,104.4384164183577,-627.0214166264144,-522.5830002080567,-4.8387314834079325
6720,33.6,100.0463516052463,-622.586373749015,-522.5400221437687,-4.838333538368229
6730,33.65,107.76665245538966,-630.3447542270045,-522.5781017716148,-4.8386861275149515
6740,33.7,101.12809844523406,-623.6843131117986,-522.5562146665645,-4.838483469134856
6750,33.75,99.18503947906466,-621.7635239987568,-522.5784845196921,-4.8386896714786305
6760,33.8,94.18904452792229,-616.7448625613862,-522.5558180334639,-4.838479796606147
6770,33.85,98.4092565846669,-620.9676634196388,-522.558406834972,-4.838503766990481
6780,33.9,100.5059193720026,-623.0723160567833,-522.5663966847807,-4.8385777470813025
6790,33.95,98.25795182508858,-620.8236713761527,-522.5657195510641,-4.838571477324668
6800,34.0,98.14456064927631,-620.7223146297596,-522.5777539804833,-4.838682907226697
6810,34.05,100.61215663920736,-623.1669835961658,-522.5548269569584,-4.8384706199718375
6820,34.1,111.53167470545326,-634.1240116997961,-522.5923369943429,-4.838817935132805
6830,34.15,101.97556971813391,-624.5167598920962,-522.5411901739623,-4.838344353462613
6840,34.2,104.21459602878642,-626.7960956198251,-522.5814995910387,-4.838717588805913
6850,34.25,88.96285213252737,-611.5332257271004,-522.5703735945731,-4.8386145703201215
6860,34.300000000000004,92.8645000055517,-615.4383440210155,-522.5738440154638,-4.838646703846887
6870,34.35,102.22499821417112,-624.7933409712113,-522.5683427570401,-4.83859576626889
6880,34.4,105.35965587282914,-627.9337337168905,-522.5740778440613,-4.8386488689264935
6890,34.45,105.52726833655554,-628.1007649490135,-522.573496612458,-4.838643487152389
6900,34.5,100.7345517610382,-623.3038214177316,-522.5692696566933,-4.838604348673086
6910,34.550000000000004,99.97376452847305,-622.5522466396538,-522.5784821111808,-4.8386896491776
6920,34.6,99.23528397786771,-621.8128702856245,-522.5775863077567,-4.8386813547014516
6930,34.65,103.007467636562,-625.5832895740565,-522.5758219374945,-4.838665017939764
6940,34.7,105.13545122321358,-627.7130355336591,-522.5775843104454,-4.838681336207828
6950,34.75,100.36995857277273,-622.9310830299873,-522.5611244572146,-4.838528930159395
6960,34.800000000000004,98.76853106069261,-621.3476936503433,-522.5791625896508,-4.8386959499041735
6970,34.85,95.39311233312029,-617.9575486964312,-522.564436363311,-4.838559595956583
6980,34.9,102.61306875349212,-625.1874943029605,-522.5744255494684,-4.838652088421004
6990,34.95,105.00190415658429,-627.5815868937527,-522.5796827371685,-4.8387007660848935
7000,35.0,103.57855131118608,-626.1661917802821,-522.5876404690961,-4.838774448787927
7010,35.050000000000004,99.7156616456704,-622.2853424281006,-522.5696807824303,-4.838608155392873
7020,35.1,98.9508769963257,-621.5292704710639,-522.5783934747382,-4.838688828469798
7030,35.15,92.85792850134851,-615.4289033535102,-522.5709748521617,-4.838620137520016
7040,35.2,92.57338778645268,-615.1423082983027,-522.56892051185,-4.838601115850463
7050,35.25,93.0686003201845,-615.6366074547524,-522.5680071345679,-4.838592658653407
7060,35.300000000000004,92.71619339193805,-615.2954409474787,-522.5792475555406,-4.838696736625376
7070,35.35,95.42545959463521,-617.9777015412918,-522.5522419466566,-4.838446684691265
7080,35.4,105.36483318398571,-627.9585001641673,-522.5936669801815,-4.838830249816495
7090,35.45,98.00812409593196,-620.5869276224786,-522.5788035265466,-4.838692625245802
7100,35.5,98.50352029547238,-621.0830313863412,-522.5795110908688,-4.838699176767303
7110,35.550000000000004,100.86326981769157,-623.4231931053401,-522.5599232876485,-4.838517808218968
7120,35.6,105.31798656036122,-627.901483487061,-522.5834969266998,-4.838736082654628
7130,35.65,104.36340409989613,-626.9501916692213,-522.5867875693252,-4.838766551567826
7140,35.7,97.78159044044605,-620.3399397409859,-522.5583493005398,-4.838503234264258
7150,35.75,105.08820859373553,-627.6765233260236,-522.588314732288,-4.83878069196563
7160,35.800000000000004,103.71941408620285,-626.290267975338,-522.5708538891352,-4.838619017491992
7170,35.85,104.1842508831204,-626.7558207781038,-522.5715698949834,-4.838625647175773
7180,35.9,110.98327289614927,-633.5767322324369,-522.5934593362877,-4.838828327187849
7190,35.95,102.98255321002672,-625.5208984338047,-522.538345223778,-4.838318011331278
7200,36.0,107.89616363123731,-630.4662978172022,-522.5701341859649,-4.838612353573749
7210,36.050000000000004,107.11112032069687,-629.6825503836864,-522.5714300629895,-4.8386243524350885
7220,36.1,99.33713861263918,-621.9365825741334,-522.5994439614942,-4.8388837403842055
7230,36.15,96.79986133295127,-619.4010295779332,-522.6011682449819,-4.838899705972055
7240,36.2,92.14120201504676,-614.7050755345925,-522.5638735195457,-4.838554384440238
7250,36.25,98.39389110153296,-620.9642249982804,-522.5703338967475,-4.838614202747662
7260,36.300000000000004,102.70013597673257,-625.2677486095929,-522.5676126328603,-4.838589005859818
7270,36.35,100.02871023463581,-622.5860956436871,-522.5573854090513,-4.838494309343068
7280,36.4,97.28943567008534,-619.8607872013055,-522.5713515312201,-4.838623625289075
7290,36.45,97.456186864957,-620.0242838233083,-522.5680969583514,-4.838593490355105
7300,36.5,102.64243564438621,-625.2245965966373,-522.5821609522511,-4.838723712520844
7310,36.550000000000004,97.36924472106281,-619.9613884214808,-522.592143700418,-4.83881614537424
7320,36.6,102.05239750754161,-624.6325650579687,-522.5801675504271,-4.838705255096547
7330,36.65,100.21601402677081,-622.7875095072113,-522.5714954804405,-4.838624958152227
7340,36.7,94.7047795403712,-617.2574711509158,-522.5526916105446,-4.838450848245783
7350,36.75,107.09933702704764,-629.7034108569372,-522.6040738298896,-4.838926609536014
7360,36.800000000000004,97.39749506203496,-619.9706464059483,-522.5731513439133,-4.838640290221419
7370,36.85,95.98385443861541,-618.5516757727917,-522.5678213341763,-4.838590938279411
7380,36.9,102.33153735698683,-624.9163522391946,-522.5848148822078,-4.838748285946368
7390,36.95,104.21571646286127,-626.7863620137513,-522.57064555089,-4.838617088434167
7400,37.0,100.13116260750948,-622.7075993536812,-522.5764367461717,-4.838670710612701
7410,37.050000000000004,92.79722731195989,-615.3561149377364,-522.5588876257765,-4.83850821875719
7420,37.1,98.3347235606919,-620.9043354878736,-522.5696119271817,-4.838607517844275
7430,37.15,96.62942965571285,-619.1995229479738,-522.5700932922609,-4.838611974928342
7440,37.2,97.61064514146882,-620.1862347180981,-522.5755895766293,-4.838662866450272
7450,37.25,101.60481820145944,-624.1949987711095,-522.59018056965,-4.8387979682374995
7460,37.300000000000004,97.43408045495815,-619.9994576378151,-522.565377182857,-4.838568307248676
7470,37.35,103.72281174918888,-626.3110101551514,-522.5881984059625,-4.838779614870024
7480,37.4,103.34013287067012,-625.9185956199209,-522.5784627492508,-4.83868946990047
7490,37.45,102.51714812143611,-625.099512146878,-522.582364025442,-4.838725592828166
7500,37.5,98.38467448083065,-620.9464399384009,-522.5617654575702,-4.838534865347873
7510,37.550000000000004,100.51214150825723,-623.0935643930906,-522.5814228848333,-4.838716878563271
7520,37.6,102.39704274840831,-624.9726443147466,-522.5756015663383,-4.838662977466095
7530,37.65,99.5449963708666,-622.1109131160613,-522.5659167451947,-4.838573303196248
7540,37.7,92.28051390493928,-614.8325577135103,-522.5520438085709,-4.838444850079361
7550,37.75,102.96628490347473,-625.5626447595577,-522.5963598560829,-4.83885518385262
7560,37.800000000000004,104.80066325832979,-627.3888435656125,-522.5881803072828,-4.838779447289655
7570,37.85,91.48921017182063,-614.041426517843,-522.5522163460223,-4.838446447648355
7580,37.9,92.26669899054343,-614.8538957288633,-522.5871967383199,-4.838770340169629
7590,37.95,95.12908522375608,-617.7153555552462,-522.5862703314901,-4.8387617623286125
7600,38.0,100.42779584141536,-623.0125099332103,-522.5847140917949,-4.838747352701805
7610,38.050000000000004,104.75132390562244,-627.3447261552667,-522.5934022496442,-4.8388277986078165
7620,38.1,94.95274082722547,-617.4954393851502,-522.5426985579247,-4.8383583199807845
7630,38.15,106.86534208525352,-629.4673515194826,-522.6020094342291,-4.83890749476138
7640,38.2,99.10158792459453,-621.6689943206942,-522.5674063960996,-4.838587096260182
7650,38.25,95.1027123791671,-617.6678562120632,-522.5651438328961,-4.83856614660089
7660,38.300000000000004,102.13774039005074,-624.7187409160255,-522.5810005259748,-4.8387129678331
7670,38.35,102.76342409508624,-625.3341464525125,-522.5707223574263,-4.8386177996057995
7680,38.4,101.89641529290886,-624.4735121760162,-522.5770968831074,-4.838676822991736
7690,38.45,104.33475915727443,-626.915847182934,-522.5810880256596,-4.838713778015367
7700,38.5,99.36380398930451,-621.9074323222056,-522.5436283329011,-4.838366929008344
7710,38.550000000000004,101.42953262008189,-624.0425608072256,-522.6130281871438,-4.839009520251331
7720,38.6,92.61638547414321,-615.1777242448052,-522.5613387706619,-4.838530914543166
7730,38.65,103.32991458190263,-625.924842883953,-522.5949283020504,-4.838841928722689
7740,38.7,94.83463226240343,-617.3825076779948,-522.5478754155913,-4.838406253848068
7750,38.75,111.07114546341226,-633.6866270383581,-522.6154815749459,-4.839032236805054
7760,38.800000000000004,92.18571882483052,-614.7298667929052,-522.5441479680748,-4.838371740445137
7770,38.85,98.46161439880568,-621.054316868994,-522.5927024701883,-4.83882131916841
7780,38.9,99.0682869139986,-621.6384512614455,-522.570164347447,-4.838612632846731
7790,38.95,107.51927277329919,-630.1120645738374,-522.5927918005382,-4.838822146301279
7800,39.0,99.11503199628773,-621.6811450129277,-522.56611301664,-4.838575120524444
7810,39.050000000000004,97.72534483923468,-620.3013969730438,-522.5760521338091,-4.838667149387121
7820,39.1,99.14737002765166,-621.7120426694033,-522.5646726417517,-4.838561783719923
7830,39.15,101.38654324640079,-623.9688617983594,-522.5823185519586,-4.838725171777394
7840,39.2,99.18683527239614,-621.7523741386507,-522.5655388662545,-4.838569804317172
7850,39.25,98.05339936886735,-620.6313577835891,-522.5779584147218,-4.838684800136313
7860,39.300000000000004,93.44630258425775,-616.0011401061416,-522.5548375218839,-4.8384707177952215
7870,39.35,105.35344910990571,-627.9334026551497,-522.579953545244,-4.8387032735670745
7880,39.4,110.64652098151657,-633.2309856915767,-522.5844647100602,-4.838745043611668
7890,39.45,99.01311294526232,-621.5474719630306,-522.5343590177683,-4.838281102016373
7900,39.5,107.05935279986576,-629.6575907025424,-522.5982379026766,-4.838872573172932
7910,39.550000000000004,104.8250832476359,-627.4023710998825,-522.5772878522466,-4.838678591224506
7920,39.6,101.07861391385188,-623.6317076910758,-522.5530937772239,-4.838454572011333
7930,39.65,104.60917620369264,-627.1990149376687,-522.5898387339761,-4.838794803092371
7940,39.7,98.75821064561192,-621.3214898997106,-522.5632792540987,-4.838548881982395
7950,39.75,99.21790053301028,-621.7887877838463,-522.570887250836,-4.838619326396629
7960,39.800000000000004,95.398865420962,-617.9515070856256,-522.5526416646636,-4.838450385783922
7970,39.85,102.94384540458125,-625.5076851099988,-522.5638397054175,-4.838554071346459
7980,39.9,109.21522076803348,-631.7839435142879,-522.5687227462545,-4.838599284687541
7990,39.95,107.7924546197064,-630.3679384620565,-522.5754838423501,-4.838661887429168
8000,40.0,99.98237205985586,-622.5677595083722,-522.5853874485164,-4.838753587486263
8010,40.050000000000004,98.976997414808,-621.5540800238467,-522.5770826090387,-4.838676690824433
8020,40.1,106.03895333520036,-628.6057027937107,-522.5667494585103,-4.838581013504726
8030,40.15,105.83447723124787,-628.4211373267422,-522.5866600954943,-4.838765371254577
8040,40.2,92.53802897360971,-615.0870642992285,-522.5490353256188,-4.83841699375573
8050,40.25,95.17990623485807,-617.7417212022657,-522.5618149674076,-4.838535323772293
8060,40.300000000000004,102.48161258812266,-625.0588648528765,-522.5772522647538,-4.838678261710684
8070,40.35,99.65957978713982,-622.2185507205744,-522.5589709334346,-4.838508990124394
8080,40.4,105.51752135627532,-628.0942868362769,-522.5767654800015,-4.838673754444459
8090,40.45,103.44263542277635,-626.0183374149298,-522.5757019921534,-4.838663907334754
8100,40.5,102.55272269441707,-625.139501112832,-522.586778418415,-4.838766466837176
8110,40.550000000000004,93.7541322093953,-616.3105262503005,-522.5563940409053,-4.838485130008382
8120,40.6,96.9306966532697,-619.5434569159278,-522.6127602626581,-4.839007039469056
8130,40.65,86.4523834197426,-608.9849824640108,-522.5325990442682,-4.838264805965446
8140,40.7,102.26716163894503,-624.8478893938325,-522.5807277548874,-4.838710442174884
8150,40.75,98.35393665343265,-620.9079186149775,-522.5539819615448,-4.838462795940229
8160,40.800000000000004,99.11272351435714,-621.6967951995322,-522.584071685175,-4.838741404492361
8170,40.85,104.03839698162352,-626.6187966847672,-522.5803997031437,-4.838707404658738
8180,40.9,103.3286778728092,-625.8876033370589,-522.5589254642497,-4.838508569113423
8190,40.95,105.68505723440602,-628.2567883122371,-522.571731077831,-4.838627139609547
8200,41.0,104.55305126254169,-627.1186859511475,-522.5656346886059,-4.8385706915611655
8210,41.050000000000004,103.22181075379315,-625.7863819034756,-522.5645711496824,-4.838560843978541
8220,41.1,106.65753540952456,-629.2265591548074,-522.5690237452828,-4.838602071715582
8230,41.15,106.63893655783562,-629.2202523044997,-522.5813157466641,-4.838715886543186
8240,41.2,104.47884912638776,-627.0343184643644,-522.5554693379767,-4.8384765679442285
8250,41.25,108.00390940226046,-630.5992556938431,-522.5953462915827,-4.838845798996136
8260,41.300000000000004,90.5514115968156,-613.1084951479332,-522.5570835511177,-4.8384915143622
8270,41.35,98.88790956424303,-621.4687964975427,-522.5808869332997,-4.838711916049071
8280,41.4,102.3278030912276,-624.9100690846184,-522.5822659933908,-4.838724685123989
8290,41.45,92.88762517966822,-615.4557407656702,-522.5681155860019,-4.838593662833351
8300,41.5,95.18896856384251,-617.7813796381761,-522.5924110743335,-4.8388186210586435
8310,41.550000000000004,101.50700578251823,-624.1055788843045,-522.5985731017862,-4.8388756768683905
8320,41.6,101.01208618702886,-623.5622443890209,-522.550158201992,-4.838427390759185
8330,41.65,109.22932206895652,-631.8152060754015,-522.585884006445,-4.838758185244861
8340,41.7,104.85196933362731,-627.4175912384535,-522.5656219048262,-4.838570573192835
8350,41.75,105.66830425581627,-628.2740541947211,-522.6057499389049,-4.838942129063934
8360,41.800000000000004,87.20943929876245,-609.7622244584412,-522.5527851596787,-4.83845171444147
8370,41.85,105.86654521516525,-628.4793012852828,-522.6127560701175,-4.839007000649236
8380,41.9,96.80656767161459,-619.3759799884027,-522.5694123167881,-4.83860566959989
8390,41.95,99.55464978342171,-622.1469476295471,-522.5922978461253,-4.838817572649309
8400,42.0,108.42957615012574,-631.004969049201,-522.5753928990753,-4.838661045361808
8410,42.050000000000004,113.0327109181409,-635.6289339659083,-522.5962230477675,-4.838853917108958
8420,42.1,101.3298075904764,-623.8902040272952,-522.5603964368188,-4.838522189229804
8430,42.15,101.4607569738946,-624.0509051771094,-522.5901482032148,-4.838797668548285
8440,42.2,99.28953859470045,-621.8538670342103,-522.5643284395098,-4.8385585966621285
8450,42.25,106.55458236811964,-629.1461715006707,-522.591589132551,-4.838811010486584
8460,42.300000000000004,98.05519457805747,-620.6122995140303,-522.5571049359728,-4.838491712370119
8470,42.35,105.43566825134914,-628.0241533476388,-522.5884850962897,-4.83878226941009
8480,42.4,104.38895951534832,-626.9772793704469,-522.5883198550986,-4.838780739399061
8490,42.45,103.06426841721517,-625.669002422606,-522.6047340053908,-4.838932722272137
8500,42.5,99.77889972049051,-622.362597604884,-522.5836978843935,-4.838737943374014
8510,42.550000000000004,101.03805656622313,-623.6141353187754,-522.5760787525523,-4.838667395856966
8520,42.6,106.55329686929812,-629.1265226188669,-522.5732257495688,-4.838640979162674
8530,42.65,107.28021085960927,-629.8647210458113,-522.584510186202,-4.838745464687055
8540,42.7,99.48932351020943,-622.0689689023505,-522.5796453921412,-4.838700420297603
8550,42.75,97.27114580858411,-619.8516074696464,-522.5804616610623,-4.8387079783431695
8560,42.800000000000004,95.32133822460536,-617.9103602503948,-522.5890220257894,-4.838787240979531
8570,42.85,102.16195255940744,-624.7524752832123,-522.590522723805,-4.8388011363315275
8580,42.9,109.61064372446165,-632.2044989288867,-522.593855204425,-4.8388319926335654
8590,42.95,101.71541967463455,-624.3136478396981,-522.5982281650636,-4.8388724830098475
8600,43.0,97.67892171705402,-620.2811902392885,-522.6022685222346,-4.838909893724394
8610,43.050000000000004,102.07873413254093,-624.6676962858003,-522.5889621532593,-4.838786686604253
8620,43.1,107.46857017418753,-630.0817489176599,-522.6131787434723,-4.839010914291411
8630,43.15,94.9017403727305,-617.5137668515334,-522.6120264788029,-4.839000245174101
8640,43.2,87.01278997903539,-609.5878840205285,-522.5750940414931,-4.838658278161973
8650,43.25,105.76831620110181,-628.3812089445696,-522.6128927434678,-4.83900826614322
8660,43.300000000000004,106.01697734950456,-628.6036049705983,-522.5866276210937,-4.838765070565683
8670,43.35,107.79870439615041,-630.3987867163759,-522.6000823202255,-4.838889651113199
8680,43.4,98.74579658020625,-621.3228354907116,-522.5770389105053,-4.838676286208382
8690,43.45,99.05887514469994,-621.6590444449544,-522.6001693002544,-4.838890456483837
8700,43.5,93.22002960279349,-615.7966554286437,-522.5766258258502,-4.838672461350465
8710,43.550000000000004,104.614147864845,-627.2339977579794,-522.6198498931344,-4.839072684195689
8720,43.6,101.85822155122847,-624.4387297961545,-522.580508244926,-4.838708409675241
8730,43.65,102.41487666617432,-625.0156727038128,-522.6007960376385,-4.838896259607764
8740,43.7,107.78247135146765,-630.4006052911482,-522.6181339396805,-4.839056795737783
8750,43.75,105.26169372635766,-627.8435873322479,-522.5818936058903,-4.838721237091577
8760,43.800000000000004,106.52192180016267,-629.0966404700347,-522.574718669872,-4.838654802498815
8770,43.85,111.12180555337261,-633.7066884457086,-522.5848828923359,-4.838748915669777
8780,43.9,105.30966419107429,-627.902221700086,-522.5925575090117,-4.8388199769352935
8790,43.95,96.26735987415454,-618.85228077265,-522.5849208984955,-4.838749267578662
8800,44.0,107.29336723700517,-629.8977796353188,-522.6044123983136,-4.838929744428829
8810,44.050000000000004,104.36444796528295,-626.9598278338437,-522.5953798685608,-4.838846109894082
8820,44.1,96.88983307133071,-619.4660201958235,-522.5761871244928,-4.838668399300859
8830,44.15,101.39808945582709,-623.9868104148137,-522.5887209589866,-4.83878445332395
8840,44.2,100.70012891177763,-623.2655988987581,-522.5654699869805,-4.838569166546115
8850,44.25,106.9748006876141,-629.5833370509819,-522.6085363633678,-4.838967929290442
8860,44.300000000000004,101.01784701634715,-623.5929360807112,-522.5750890643641,-4.838658232077445
8870,44.35,100.38512741111717,-622.9604222808111,-522.575294869694,-4.838660137682352
8880,44.4,105.62288548466049,-628.2269686912148,-522.6040832065543,-4.838926696356984
8890,44.45,108.06007480866495,-630.6400835869329,-522.5800087782679,-4.838703784983962
8900,44.5,116.04356041140184,-638.6328329250742,-522.5892725136724,-4.838789560311782
8910,44.550000000000004,105.74014891668176,-628.3021791810258,-522.5620302643441,-4.838537317262445
8920,44.6,101.1068342521597,-623.6951779615089,-522.5883437093491,-4.838780960271752
8930,44.65,98.72447232102127,-621.3013911783421,-522.5769188573208,-4.838675174604822
8940,44.7,102.35071965270485,-624.941262978284,-522.5905433255792,-4.838801327088697
8950,44.75,96.83892563133762,-619.4076036508914,-522.5686780195538,-4.838598870551424
8960,44.800000000000004,99.94851868645067,-622.5235792082227,-522.575060521772,-4.838657967794185
8970,44.85,97.63234543150678,-620.2208860049299,-522.5885405734231,-4.83878278308725
8980,44.9,89.81980705029561,-612.3823845977128,-522.5625775474172,-4.838542384698307
8990,44.95,96.9121548347097,-619.5112193176216,-522.5990644829119,-4.838880226693629
9000,45.0,95.02103985919666,-617.5990898934582,-522.5780500342615,-4.838685648465384
9010,45.050000000000004,94.28683008152791,-616.8757664225767,-522.5889363410488,-4.8387864476023035
9020,45.1,94.86379996196854,-617.458200037877,-522.5944000759084,-4.838837037739893
9030,45.15,102.65438894904689,-625.2583332957967,-522.6039443467498,-4.838925410618054
9040,45.2,101.24269781711399,-623.8403101117618,-522.5976122946479,-4.838866780505999
9050,45.25,97.10569830306153,-619.7035261239868,-522.5978278209252,-4.838868776119678
9060,45.300000000000004,99.72666454691485,-622.3208919755727,-522.5942274286579,-4.83883543915424
9070,45.35,101.58470499262698,-624.18229603742,-522.597591044793,-4.838866583748084
9080,45.4,95.59525581400518,-618.1826084984451,-522.5873526844399,-4.838771784115185
9090,45.45,106.30719279650287,-628.914188713113,-522.6069959166102,-4.83895366589454
9100,45.5,101.92646831194118,-624.4967065346924,-522.5702382227512,-4.838613316877326
9110,45.550000000000004,102.56993777682766,-625.153662909108,-522.5837251322803,-4.838738195669261
9120,45.6,103.67673418234382,-626.2626204639915,-522.5858862816477,-4.838758206311553
9130,45.65,102.28219158081731,-624.8605474055397,-522.5783558247224,-4.838688479858541
9140,45.7,105.7027500433595,-628.3017731379317,-522.5990230945722,-4.838879843468261
9150,45.75,93.12686432588528,-615.714559393435,-522.5876950675497,-4.838774954329164
9160,45.800000000000004,96.12969808084105,-618.7371047244245,-522.6074066435834,-4.838957468922069
9170,45.85,96.5514898647621,-619.1067811612996,-522.5552912965376,-4.838474919412385
9180,45.9,105.19365883159232,-627.7788852622072,-522.5852264306149,-4.838752096579767
9190,45.95,97.73978194487158,-620.3038126537725,-522.564030708901,-4.838555839897231
9200,46.0,105.36934388795481,-627.9696234385597,-522.6002795506049,-4.8388914773204155
9210,46.050000000000004,103.06641126405506,-625.6334295537517,-522.5670182896966,-4.8385835026823765
9220,46.1,97.84862419803386,-620.4257272767929,-522.5771030787591,-4.838676880358881
9230,46.15,98.81194787549566,-621.3994958476188,-522.5875479721232,-4.838773592334474
9240,46.2,96.73684570784663,-619.3122860506393,-522.5754403427926,-4.838661484655487
9250,46.25,93.45263483286206,-616.0325997962781,-522.579964963416,-4.838703379290889
9260,46.300000000000004,92.6954739305016,-615.2571741611281,-522.5617002306265,-4.838534261394689
9270,46.35,103.89545107932072,-626.4810497376108,-522.58559865829,-4.838755543132315
9280,46.4,104.06890055676826,-626.6334044828836,-522.5645039261153,-4.8385602215381045
9290,46.45,111.58383607775464,-634.1883679072786,-522.6045318295239,-4.838930850273369
9300,46.5,105.94979248497287,-628.5199644370356,-522.5701719520628,-4.83861270325984
9310,46.550000000000004,98.31984707249966,-620.9145086936193,-522.5946616211196,-4.838839459454811
9320,46.6,95.46260140512142,-618.0478845729808,-522.5852831678594,-4.838752621924624
9330,46.65,104.96837353195276,-627.5373320059778,-522.568958474025,-4.838601467352083
9340,46.7,107.51957744519451,-630.1014833485248,-522.5819059033303,-4.838721350956762
9350,46.75,102.0507703270839,-624.6252755728123,-522.5745052457283,-4.838652826349336
9360,46.800000000000004,100.22903619062129,-622.8046718780066,-522.5756356873853,-4.838663293401716
9370,46.85,101.08744606241447,-623.6567719308883,-522.5693258684739,-4.838604869152537
9380,46.9,101.03515297758494,-623.6095297589671,-522.5743767813822,-4.8386516368646495
9390,46.95,101.45522639725438,-624.0404618144447,-522.5852354171903,-4.838752179788799
9400,47.0,95.40648750304138,-617.9926665672727,-522.5861790642314,-4.838760917261402
9410,47.050000000000004,90.47506806047069,-613.0443961300942,-522.5693280696236,-4.838604889533552
9420,47.1,99.5348690762138,-622.1047411961093,-522.5698721198955,-4.83860992703607
9430,47.15,100.76141101444522,-623.3378059662897,-522.5763949518445,-4.83867032362819
9440,47.2,88.47178188567425,-611.0239202906604,-522.5521384049862,-4.838445725972094
9450,47.25,94.87257349959182,-617.4616887858236,-522.5891152862318,-4.838788104502147
9460,47.300000000000004,97.00714163742256,-619.5653761522509,-522.5582345148283,-4.838502171433595
9470,47.35,111.00825650948926,-633.6120013573901,-522.6037448479009,-4.83892356340649
9480,47.4,105.18355731359284,-627.7494176044421,-522.5658602908493,-4.838572780470827
9490,47.45,104.54247458686913,-627.1322454551224,-522.5897708682533,-4.838794174706049
9500,47.5,97.54725377765162,-620.1461701380036,-522.5989163603521,-4.838878855188445
9510,47.550000000000004,88.87677219871776,-611.4497093392516,-522.5729371405339,-4.8386383068567955
9520,47.6,95.74323490085774,-618.332726135385,-522.5894912345273,-4.838791585504882
9530,47.65,101.41497246313496,-624.0195060925276,-522.6045336293927,-4.838930866938821
9540,47.7,90.60796200716473,-613.1655828383824,-522.5576208312177,-4.838496489177942
9550,47.75,96.1604498444402,-618.7459519200804,-522.5855020756402,-4.8387546488485205
9560,47.800000000000004,99.41810641219594,-622.0055675638718,-522.5874611516758,-4.838772788441442
9570,47.85,93.79445359890617,-616.3411588409127,-522.5467052420065,-4.838395418907468
9580,47.9,110.38187475134696,-632.970737536382,-522.5888627850351,-4.838785766528103
9590,47.95,109.01528036796752,-631.599638498449,-522.5843581304815,-4.838744056763717
9600,48.0,100.46323504456333,-623.0311201512659,-522.5678851067025,-4.838591528765765
9610,48.050000000000004,104.6427081965126,-627.2266125646534,-522.5839043681408,-4.838739855260563
9620,48.1,104.33250605545554,-626.9191006848827,-522.5865946294272,-4.838764765087289
9630,48.15,103.11009689402157,-625.6991270261807,-522.5890301321591,-4.83878731603851
9640,48.2,99.27799540380997,-621.8525999723025,-522.5746045684925,-4.83865374600456
9650,48.25,100.21257442826793,-622.7986739075537,-522.5860994792858,-4.838760180363757
9660,48.300000000000004,94.61558172111988,-617.1851543043188,-522.5695725831989,-4.838607153548138
9670,48.35,99.60263913574444,-622.1815400904209,-522.5789009546764,-4.8386935273581155
9680,48.4,99.41759327120093,-622.0108811929111,-522.5932879217103,-4.838826740015836
9690,48.45,93.02231866410817,-615.596798876974,-522.5744802128659,-4.838652594563573
9700,48.5,107.50269460029007,-630.0925786350705,-522.5898840347804,-4.838795222544263
9710,48.550000000000004,107.51326101223647,-630.0998075299768,-522.5865465177403,-4.838764319608707
9720,48.6,100.27695527770763,-622.857630162482,-522.5806748847743,-4.838709952636799
9730,48.65,98.58937861321658,-621.1773801098158,-522.5880014965992,-4.838777791635177
9740,48.7,96.06560789405776,-618.6337563056958,-522.568148411638,-4.838593966774426
9750,48.75,95.32344804880131,-617.9006214808329,-522.5771734320316,-4.83867753177807
9760,48.800000000000004,94.47755004174161,-617.0430234301427,-522.5654733884012,-4.8385691980407515
9770,48.85,103.00844861379636,-625.5873472731577,-522.5788986593614,-4.838693506105198
9780,48.9,101.03382693852721,-623.6039744026715,-522.5701474641443,-4.838612476519854
9790,48.95,102.95999620493946,-625.5376243327281,-522.5776281277887,-4.83868174192397
9800,49.0,99.82668709403347,-622.4024733264181,-522.5757862323846,-4.838664687336895
9810,49.050000000000004,97.78760333296711,-620.3654794844322,-522.577876151465,-4.838684038439491
9820,49.1,100.64717380620075,-623.2264271251178,-522.579253318917,-4.838696789989973
9830,49.15,98.31964368173755,-620.9027920398792,-522.5831483581417,-4.8387328551679785
9840,49.2,94.15913191010823,-616.7691282111196,-522.6099963010113,-4.8389814472315855
9850,49.25,92.52178013679564,-615.0934120023713,-522.5716318655757,-4.838626220977552
9860,49.300000000000004,103.9658928872958,-626.5553631570475,-522.5894702697517,-4.838791391386589
9870,49.35,100.75319302312855,-623.33628409904,-522.5830910759114,-4.838732324776958
9880,49.4,96.83640328085693,-619.404063854214,-522.567660573357,-4.8385894497533055
9890,49.45,103.45312195972375,-626.0545127670042,-522.6013908072805,-4.838901766734079
9900,49.5,104.1439148946682,-626.7256843064852,-522.5817694118169,-4.838720087146453
9910,49.550000000000004,98.93586266221233,-621.5222051796743,-522.586342517462,-4.8387624307172405
9920,49.6,101.1056682784825,-623.6916316234823,-522.5859633449998,-4.8387589198611085
9930,49.65,102.4590591553978,-625.0510953586454,-522.5920362032476,-4.8388151500300705
9940,49.7,101.16709804747852,-623.7701118508435,-522.603013803365,-4.838916794475602
9950,49.75,107.03270420444284,-629.6132198834192,-522.5805156789763,-4.83870847850904
9960,49.800000000000004,101.90070190866102,-624.4575882651435,-522.5568863564824,-4.838489688485948
9970,49.85,101.28688982849363,-623.8652091940643,-522.5783193655707,-4.838688142273803
9980,49.9,98.98975274467753,-621.5704703388677,-522.5807175941902,-4.838710348094354
9990,49.95,96.22469385221996,-618.7991821160047,-522.5744882637847,-4.838652669109117
10000,50.0,99.28580996328476,-621.8574918306575,-522.5716818673727,-4.838626683957155
10010,50.050000000000004,98.80149488772057,-621.38269347673,-522.5811985890094,-4.838714801750087
10020,50.1,96.91656963255103,-619.4775926827984,-522.5610230502474,-4.838527991205995
10030,50.15,103.95263248418456,-626.535501474769,-522.5828689905845,-4.8387302684313385
10040,50.2,92.75795081722309,-615.3046950579575,-522.5467442407344,-4.8383957800068
10050,50.25,100.5013374673009,-623.0904351972276,-522.5890977299267,-4.838787941943766
10060,50.300000000000004,100.76593321673167,-623.3554733529376,-522.5895401362059,-4.838792038298203
10070,50.35,95.91150774015881,-618.4886304085447,-522.577122668386,-4.838677061744314
10080,50.4,96.41473268605003,-618.9813652597354,-522.5666325736854,-4.8385799312378275
10090,50.45,105.18169546434939,-627.7683665015682,-522.5866710372188,-4.838765472566841
10100,50.5,97.56785738127833,-620.136029342944,-522.5681719616656,-4.838594184830237
10110,50.550000000000004,90.4490792489129,-613.0062447989056,-522.5571655499928,-4.8384922736110445
10120,50.6,100.08940975920808,-622.691930451727,-522.602520692519,-4.838912228634435
10130,50.65,95.52795774962495,-618.0959440276505,-522.5679862780255,-4.838592465537273
10140,50.7,98.21180721886752,-620.7735944090431,-522.5617871901756,-4.8385350665757
10150,50.75,102.70067443975589,-625.2822543491194,-522.5815799093635,-4.838718332494107
10160,50.800000000000004,102.0069749199835,-624.5894829764018,-522.5825080564183,-4.8387269264483175
10170,50.85,95.03980307528931,-617.6185007382586,-522.5786976629693,-4.8386916450274935
10180,50.9,95.96086533638237,-618.5277902418622,-522.5669249054799,-4.838582638013703
10190,50.95,107.7001692303617,-630.2826169707943,-522.5824477404326,-4.838726367966968
10200,51.0,106.0359921822072,-628.6176296987582,-522.5816375165509,-4.83871886589399
10210,51.050000000000004,106.80552946054316,-629.4067282952782,-522.601198834735,-4.83889998921051
10220,51.1,93.8692644350926,-616.4149225115743,-522.5456580764817,-4.838385722930386
10230,51.15,100.83974247916045,-623.4340885074423,-522.5943460282818,-4.838836537298906
10240,51.2,97.22808327168833,-619.7861061954185,-522.5580229237302,-4.83850021225676
10250,51.25,98.56142709314072,-621.1414327233963,-522.5800056302555,-4.8387037558357
10260,51.300000000000004,98.16901464901802,-620.731364923742,-522.562350274724,-4.838540280321519
10270,51.35,106.69130733858745,-629.26460783724,-522.5733004986525,-4.83864167128382
10280,51.4,106.6425941511941,-629.2145519672945,-522.5719578161004,-4.838629239037966
10290,51.45,104.04471759710066,-626.6050311340224,-522.5603135369217,-4.8385214216381645
10300,51.5,102.39822122066893,-624.989366858453,-522.591145637784,-4.838806904053556
10310,51.550000000000004,97.43012723952687,-620.0105306515399,-522.580403412013,-4.83870743900012
10320,51.6,101.13296930146726,-623.7170676470279,-522.5840983455606,-4.8387416513477834
10330,51.65,98.4936684355724,-621.0665355894996,-522.5728671539272,-4.838637658832659
10340,51.7,93.1405743461507,-615.6896670049231,-522.5490926587723,-4.838417524618262
10350,51.75,99.72956364629864,-622.3406563714761,-522.6110927251775,-4.8389915993071995
10360,51.800000000000004,94.74378896570649,-617.3258668772977,-522.5820779115912,-4.838722943625845
10370,51.85,94.16696464677166,-616.7372753104756,-522.5703106637039,-4.838613987626888
10380,51.9,94.85201331755374,-617.4278752020371,-522.5758618844833,-4.838665387819289
10390,51.95,96.83185871828285,-619.398667379394,-522.5668086611112,-4.838581561676955
10400,52.0,97.24409721275093,-619.8416075545259,-522.597510341775,-4.8388658364979165
10410,52.050000000000004,95.85015172145293,-618.4267073917468,-522.5765556702939,-4.838671811761981
10420,52.1,101.62642507719599,-624.2165792778775,-522.5901542006815,-4.838797724080384
10430,52.15,99.76915112427812,-622.3380216765526,-522.5688705522745,-4.838600653261801
10440,52.2,100.1323501075827,-622.7073341862242,-522.5749840786415,-4.838657259987421
10450,52.25,90.79957966919919,-613.3614514729717,-522.5618718037725,-4.838535850034931
10460,52.300000000000004,102.47427919589872,-625.0762947576872,-522.6020155617884,-4.838907551498041
10470,52.35,97.41021418534662,-619.9692087094832,-522.5589945241366,-4.83850920855682
10480,52.4,100.99915213667565,-623.5794944517799,-522.5803423151042,-4.838706873288002
10490,52.45,108.96539898126751,-631.5477660269102,-522.5823670456426,-4.838725620792987
10500,52.5,106.24506187110441,-628.8169104685152,-522.5718485974107,-4.838628227753803
10510,52.550000000000004,98.17768977075245,-620.7503534410616,-522.5726636703092,-4.838635774725085
10520,52.6,94.62849331387183,-617.2000036605516,-522.5715103466798,-4.838625095802591
10530,52.65,96.10149912862043,-618.6790984129888,-522.5775992843684,-4.838681474855263
10540,52.7,97.36033025764573,-619.9480516476033,-522.5877213899576,-4.8387751980551625
10550,52.75,99.3375419596904,-621.9068227100956,-522.5692807504053,-4.838604451392642
10560,52.800000000000004,105.61173426645554,-628.1880972504495,-522.5763629839939,-4.838670027629574
10570,52.85,98.78051997959365,-621.3423666886302,-522.5618467090366,-4.838535617676264
10580,52.9,94.7733104233373,-617.3411581062775,-522.5678476829402,-4.838591182249446
10590,52.95,96.08313273152802,-618.6645297190242,-522.5813969874962,-4.838716638773113
10600,53.0,96.03201717308038,-618.5968903964309,-522.5648732233506,-4.8385636409569495
10610,53.050000000000004,99.18767070262628,-621.7575404634849,-522.5698697608586,-4.8386099051931355
10620,53.1,98.70704049536698,-621.2791890297452,-522.5721485343782,-4.838631004947946
10630,53.15,96.91788952246003,-619.4852911022747,-522.5674015798147,-4.838587051664951
10640,53.2,100.94175839407553,-623.5302055052783,-522.5884471112028,-4.838781917696322
10650,53.25,92.599231221914,-615.1565341366685,-522.5573029147545,-4.838493545506986
10660,53.300000000000004,96.44978456472231,-619.0287647659185,-522.5789802011961,-4.838694261122186
10670,53.35,98.5572931469052,-621.1307577496409,-522.5734646027357,-4.838643190766072
10680,53.4,105.7811719651622,-628.349903997018,-522.5687320318558,-4.838599370665332
10690,53.45,112.8651005214235,-635.4589625921247,-522.5938620707012,-4.8388320562101965
10700,53.5,104.46017655223534,-627.0254459377828,-522.5652693855475,-4.838567309125439
10710,53.550000000000004,101.22479073319856,-623.8009107941682,-522.5761200609696,-4.8386677783423115
10720,53.6,91.36789127464189,-613.9293790142846,-522.5614877396426,-4.83853229388558
10730,53.65,100.54879544196811,-623.1359837721503,-522.5871883301822,-4.838770262316502
10740,53.7,102.54165786625065,-625.1129404817434,-522.5712826154928,-4.838622987180489
10750,53.75,107.86989409437089,-630.4674411345195,-522.5975470401486,-4.838866176297672
10760,53.800000000000004,97.81229037427478,-620.3898096241472,-522.5775192498725,-4.838680733795115
10770,53.85,97.01496735120529,-619.5882384110322,-522.5732710598269,-4.838641398702101
10780,53.9,101.96982193002198,-624.5238913222,-522.554069392178,-4.838463605483129
10790,53.95,108.17994896403036,-630.7793349414469,-522.5993859774165,-4.838883203494597
10800,54.0,100.23501578395964,-622.7936279796787,-522.5586121957191,-4.838505668478881
10810,54.050000000000004,103.51830767977096,-626.1382779001796,-522.6199702204086,-4.839073798337117
10820,54.1,92.1588116867673,-614.7403935424757,-522.5815818557084,-4.838718350515818
10830,54.15,97.9361601422431,-620.4994187329834,-522.5632585907402,-4.838548690655002
10840,54.2,99.89812156527982,-622.4747203025933,-522.5765987373135,-4.838672210530681
10850,54.25,95.20419042008109,-617.7922265771504,-522.5880361570693,-4.838778112565456
10860,54.300000000000004,98.3495250396469,-620.9387050122597,-522.5891799726128,-4.838788703450119
10870,54.35,105.82857970020878,-628.4130457475416,-522.5844660473327,-4.838745055993821
10880,54.4,101.92554561413453,-624.5090072876154,-522.5834616734809,-4.838735756235934
10890,54.45,101.40961817395696,-624.0023190706012,-522.5927008966443,-4.838821304598558
10900,54.5,102.90980768953183,-625.4987813743461,-522.5889736848143,-4.83878679337791
10910,54.550000000000004,104.61270004238716,-627.1943807650824,-522.5816807226953,-4.838719265950882
10920,54.6,109.39777415792388,-631.9910620297661,-522.5932878718422,-4.8388267395540945
10930,54.65,103.32954443388975,-625.9105981017212,-522.5810536678315,-4.8387134598873285
10940,54.7,96.92853316185983,-619.4957981598604,-522.5672649980006,-4.838585787018524
10950,54.75,101.22851788472016,-623.8065216171268,-522.5780037324066,-4.838685219744506
10960,54.800000000000004,103.24687738817228,-625.8366569846024,-522.5897795964302,-4.838794255522502
10970,54.85,93.59027975879638,-616.1627312143028,-522.5724514555063,-4.8386338097732065
10980,54.9,93.62164608451117,-616.2059854126405,-522.5843393281293,-4.838743882667864
10990,54.95,95.24088556069493,-617.8284074408948,-522.5875218801999,-4.838773350742592
11000,55.0,96.76872975034154,-619.3565475238983,-522.5878177735567,-4.838776090495895
11010,55.050000000000004,93.52971531434176,-616.1003806671927,-522.5706653528509,-4.838617271785657
11020,55.1,101.25353112643766,-623.8483343465758,-522.5948032201381,-4.838840770556835
11030,55.15,109.63567721295183,-632.2462449903431,-522.6105677773913,-4.83898673867955
11040,55.2,90.05438056251754,-612.6215275429871,-522.5671469804696,-4.8385846942636075
11050,55.25,94.14659518534211,-616.7447617247323,-522.5981665393901,-4.8388719124017605
11060,55.300000000000004,104.70616512724148,-627.2918226284298,-522.5856575011884,-4.838756087973967
11070,55.35,102.32409184210364,-624.8977966765709,-522.5737048344673,-4.838645415133957
11080,55.4,104.85760797603591,-627.4509649640855,-522.5933569880497,-4.838827379518978
11090,55.45,102.4750914125866,-625.0544791171332,-522.5793877045465,-4.838698034301357
11100,55.5,99.40507636432541,-621.9938144147379,-522.5887380504125,-4.838784611577894
11110,55.550000000000004,97.70576338905859,-620.2866799478849,-522.5809165588263,-4.8387121903595025
11120,55.6,104.11295129438439,-626.7046962946652,-522.5917450002808,-4.8388124537063035
11130,55.65,99.88368139790653,-622.4656841286677,-522.5820027307611,-4.8387222475070475
11140,55.7,102.78747241210039,-625.3996740064496,-522.6122015943492,-4.839001866614345
11150,55.75,100.20080757423736,-622.7708788636504,-522.570071289413,-4.838611771198269
11160,55.800000000000004,109.02882284229227,-631.6246547647911,-522.5958319224989,-4.838850295578693
11170,55.85,104.63166371843342,-627.2135768970463,-522.5819131786129,-4.83872141832049
11180,55.9,98.08097746332442,-620.669383655639,-522.5884061923146,-4.838781538817727
11190,55.95,96.21822852125335,-618.7964341054884,-522.5782055842351,-4.838687088742917
11200,56.0,100.08137097296002,-622.6717167405988,-522.5903457676387,-4.838799497848506
11210,56.050000000000004,97.21219669042989,-619.803840197556,-522.5916435071262,-4.838811513954872
11220,56.1,102.71042230678259,-625.2986063128195,-522.588184006037,-4.8387794815373795
11230,56.15,106.09998551376063,-628.6988121527445,-522.5988266389838,-4.838878024435036
11240,56.2,101.57368651120589,-624.1580507823184,-522.5843642711125,-4.838744113621412
11250,56.25,103.48291295622663,-626.0740438563327,-522.591130900106,-4.838806767593574
11260,56.300000000000004,99.094019109649,-621.6693506276126,-522.5753315179636,-4.838660477018181
11270,56.35,103.2971080851402,-625.8715224240249,-522.5744143388847,-4.838651984619303
11280,56.4,110.86172784639872,-633.45663995034,-522.5949121039413,-4.838841778740197
11290,56.45,101.67153221435636,-624.2634937396323,-522.5919615252759,-4.838814458567369
11300,56.5,96.02430488516055,-618.6146020149173,-522.5902971297568,-4.838799047497748
11310,56.550000000000004,95.23524633938374,-617.8259871893173,-522.5907408499336,-4.838803156017904
11320,56.6,100.5059690529753,-623.1044757003216,-522.5985066473463,-4.838875061549503
11330,56.65,98.93281656903531,-621.5096605861371,-522.5768440171018,-4.838674481639832
11340,56.7,96.55195313151106,-619.1171850513566,-522.5652319198456,-4.838566962220792
11350,56.75,110.89370543598564,-633.4885495927639,-522.5948441567782,-4.838841149599798
11360,56.800000000000004,111.27630285950866,-633.8493571476569,-522.5730542881482,-4.838639391556928
11370,56.85,110.90332013036635,-633.4953971070123,-522.592076976646,-4.838815527561537
11380,56.9,100.24593380312568,-622.8249448198334,-522.5790110167077,-4.838694546450997
11390,56.95,101.44878284034716,-624.0250368370708,-522.5762539967237,-4.838669018488183
11400,57.0,109.15052184101023,-631.7343608256725,-522.5838389846623,-4.838739249857984
11410,57.050000000000004,110.1368526691894,-632.7158442840064,-522.578991614817,-4.838694366803861
11420,57.1,110.96914508180106,-633.5770427061888,-522.6078976243878,-4.838962015040628
11430,57.15,109.80917192621364,-632.4019253430799,-522.5927534168663,-4.838821790896911
11440,57.2,105.71568166545813,-628.3087408654393,-522.5930591999811,-4.838824622222047
11450,57.25,96.04351225687668,-618.6297166098215,-522.5862043529448,-4.838761151416156
11460,57.300000000000004,100.2919928927939,-622.9064485957061,-522.6144557029122,-4.839022737989928
11470,57.35,90.96300709462581,-613.5465692247454,-522.5835621301196,-4.838736686389996
11480,57.4,89.74178310718706,-612.3339289810388,-522.5921458738517,-4.838816165498627
11490,57.45,102.71273418649884,-625.3302072053849,-522.6174730188861,-4.839050676100798
11500,57.5,100.70427166467361,-623.2776264788425,-522.573354814169,-4.838642174205268
11510,57.550000000000004,107.32875456910419,-629.9236397053214,-522.5948851362173,-4.8388415290390485
11520,57.6,105.86933487288702,-628.443099110577,-522.5737642376899,-4.838645965163796
11530,57.65,104.86933360557542,-627.4540568658006,-522.5847232602251,-4.8387474375946775
11540,57.7,99.61643242601404,-622.2078225885558,-522.5913901625418,-4.838809168171683
11550,57.75,100.17588352070452,-622.7574257170846,-522.5815421963802,-4.838717983299817
11560,57.800000000000004,102.81787728707826,-625.4016113555429,-522.5837340684645,-4.838738278411709
11570,57.85,103.88904373321438,-626.4928025700007,-522.6037588367863,-4.838923692933206
11580,57.9,102.77255802955607,-625.3550636164376,-522.5825055868816,-4.838726903582237
11590,57.95,97.56011206889117,-620.118232040111,-522.5581199712199,-4.8385011108446285
11600,58.0,104.27872945699319,-626.8568622847223,-522.5781328277291,-4.838686415071566
11610,58.050000000000004,102.82306053000515,-625.4226449891252,-522.59958445912,-4.838885041288148
11620,58.1,99.81032066463607,-622.4085377014534,-522.5982170368173,-4.838872379970531
11630,58.15,103.76568807030333,-626.3720771365976,-522.6063890662942,-4.838948046910132
11640,58.2,91.99927665500098,-614.5777607084757,-522.5784840534748,-4.838689667161804
11650,58.25,95.12250805772103,-617.7259011346539,-522.6033930769329,-4.838920306267897
11660,58.300000000000004,99.49086598644486,-622.0895366811004,-522.5986706946555,-4.83887658050607
11670,58.35,91.16449471887424,-613.7296075714754,-522.5651128526011,-4.838565859746307
11680,58.4,104.61818815688247,-627.2372469991489,-522.6190588422664,-4.839065359650615
11690,58.45,97.29789268465275,-619.8778764065643,-522.5799837219115,-4.838703552980662
11700,58.5,91.29743747830555,-613.8656227423645,-522.5681852640589,-4.838594308000546
11710,58.550000000000004,107.27969301828284,-629.8673776193884,-522.5876846011056,-4.838774857417644
11720,58.6,104.42178782408249,-627.0032838203464,-522.5814959962639,-4.8387175555209625
11730,58.65,95.73942470607932,-618.3141048547513,-522.5746801486721,-4.838654445821038
11740,58.7,96.55868468724425,-619.1391231995477,-522.5804385123034,-4.83870776400281
11750,58.75,96.24642762752748,-618.8276855846249,-522.5812579570974,-4.8387153514546055
11760,58.800000000000004,95.05912407725705,-617.614651904586,-522.555527827329,-4.838477109512305
11770,58.85,106.23342824207629,-628.8520273803246,-522.6185991382483,-4.839061103131929
11780,58.9,99.38550045978053,-621.9904424308983,-522.6049419711178,-4.838934647880721
11790,58.95,101.27197101266076,-623.8489676204384,-522.5769966077777,-4.83867589451646
11800,59.0,102.93137850795526,-625.5053763936311,-522.5739978856758,-4.838648128571072
11810,59.050000000000004,97.09809020067645,-619.691434173026,-522.5933439723495,-4.838827259003237
11820,59.1,101.1361059796016,-623.7407238614397,-522.6046178818382,-4.838931647054057
11830,59.15,95.78767800490341,-618.3496136584521,-522.5619356535486,-4.8385364412365615
11840,59.2,102.89613696288365,-625.5056235256397,-522.609486562756,-4.838976727432926
11850,59.25,100.13937441398515,-622.7072155365616,-522.5678411225765,-4.838591121505338
11860,59.300000000000004,101.55803011064992,-624.132467649681,-522.574437539031,-4.838652199435472
11870,59.35,103.65537314384825,-626.241477864531,-522.5861047206828,-4.838760228895211
11880,59.4,101.77412255145107,-624.3621963948374,-522.5880738433863,-4.8387784615128355
11890,59.45,92.90535733160173,-615.4740879748348,-522.568730643233,-4.8385993578077136
11900,59.5,99.77326835964526,-622.379674361351,-522.6064060017057,-4.8389482037194975
11910,59.550000000000004,98.34773907688245,-620.9161535813276,-522.5684145044452,-4.838596430596715
11920,59.6,103.03326560032727,-625.6362880706623,-522.6030224703351,-4.838916874725324
11930,59.65,96.68584582687487,-619.2720064805127,-522.5861606536378,-4.838760746792942
11940,59.7,102.11572229551257,-624.7080418919483,-522.5923195964357,-4.838817774041071
11950,59.75,101.82114624649192,-624.4042504174714,-522.5831041709795,-4.838732446027588
11960,59.800000000000004,96.40577099327464,-618.9661201765861,-522.5603491833115,-4.8385217516973285
11970,59.85,104.00656874792377,-626.6131364383735,-522.6065676904498,-4.838949700837498
11980,59.9,98.7616430568865,-621.3352023012727,-522.5735592443862,-4.83864406707765
11990,59.95,99.67355303744196,-622.2709355307749,-522.5973824933329,-4.838864652716046
12000,60.0,97.03343637469565,-619.6035601536635,-522.5701237789679,-4.838612257212666
12010,60.050000000000004,107.61405857857434,-630.2196797040672,-522.6056211254928,-4.838940936347155
12020,60.1,98.05734862949154,-620.6376140452211,-522.5802654157295,-4.838706161256755
12030,60.15,102.6338077717478,-625.2255898994639,-522.5917821277161,-4.838812797478853
12040,60.2,107.29640741574184,-629.8945105273456,-522.5981031116037,-4.838871325107442
12050,60.25,109.88775498045513,-632.4703120260099,-522.5825570455547,-4.8387273800514325
12060,60.300000000000004,115.39365857716341,-637.981368120087,-522.5877095429237,-4.838775088360404
12070,60.35,102.3890732301539,-624.9663693301876,-522.5772961000337,-4.838678667592904
12080,60.4,98.00512140765153,-620.5861798491243,-522.5810584414728,-4.838713504087711
12090,60.45,109.51979680320083,-632.1323267821118,-522.612529978911,-4.839004907212138
12100,60.5,104.68388978955873,-627.2655703010124,-522.5816805114537,-4.838719263994942
12110,60.550000000000004,101.02463748453151,-623.5913771574905,-522.566739672959,-4.838580922897768
12120,60.6,102.7158515245017,-625.2999258494498,-522.5840743249481,-4.838741428934704
12130,60.65,104.48847004183928,-627.0725371789346,-522.5840671370953,-4.838741362380512
12140,60.7,99.30440929361525,-621.8667107920219,-522.5623014984067,-4.83853982868895
12150,60.75,98.2192031827373,-620.8260731808515,-522.6068699981142,-4.838952499982539
12160,60.800000000000004,105.18583148445789,-627.7873052086969,-522.601473724239,-4.838902534483695
12170,60.85,116.4193662349144,-639.0141338681391,-522.5947676332247,-4.838840441048377
12180,60.9,106.54155046849412,-629.1215694845861,-522.5800190160919,-4.838703879778628
12190,60.95,96.79035725945005,-619.3522867901687,-522.5619295307187,-4.8385363845436915
12200,61.0,105.87761379461891,-628.4839019003441,-522.6062881057252,-4.838947112090048
12210,61.050000000000004,96.4793055626606,-619.0610780501694,-522.5817724875088,-4.838720115625081
12220,61.1,94.51969990249763,-617.1123131599035,-522.5926132574058,-4.838820493124127
12230,61.15,102.51386371543452,-625.0997138725925,-522.5858501571579,-4.838757871825536
12240,61.2,110.11794276001858,-632.7050887743379,-522.5871460143194,-4.838769870502957
12250,61.25,107.98998125458702,-630.5816305133993,-522.5916492588123,-4.838811567211224
12260,61.300000000000004,103.21472514479896,-625.7984250874206,-522.5836999426216,-4.838737962431681
12270,61.35,107.33917758221402,-629.9379555642702,-522.5987779820562,-4.8388775739079275
12280,61.4,101.14695635213333,-623.731100254891,-522.5841439027577,-4.838742073173682
12290,61.45,102.13961925428296,-624.7251771432047,-522.5855578889218,-4.838755165638165
12300,61.5,106.92999297195033,-629.5455692088968,-522.6155762369465,-4.83903311330506
12310,61.550000000000004,103.08696025978587,-625.6611219689861,-522.5741617092002,-4.838649645455558
12320,61.6,110.55878848747247,-633.1579403193217,-522.5991518318492,-4.838881035480085
12330,61.65,99.63204945100051,-622.2206905284772,-522.5886410774767,-4.83878371368034
12340,61.7,96.07290600891399,-618.6665759501201,-522.5936699412061,-4.838830277233391
12350,61.75,95.02590449802008,-617.582923260865,-522.5570187628449,-4.838490914470786
12360,61.800000000000004,107.2114627287417,-629.8329420850474,-522.6214793563057,-4.8390877718176455
12370,61.85,102.96343956081346,-625.5572324498287,-522.5937928890153,-4.838831415639031
12380,61.9,102.43852442005684,-625.0318520437005,-522.5933276236436,-4.83882710762633
12390,61.95,100.75739469368995,-623.3566710845982,-522.5992763909082,-4.838882188804706
12400,62.0,92.67090631949876,-615.2445061504774,-522.5735998309787,-4.838644442879432
12410,62.050000000000004,102.28618408480425,-624.8794061629104,-522.5932220781061,-4.838826130352834
12420,62.1,102.51505130715432,-625.1082136525173,-522.593162345363,-4.83882557727188
12430,62.15,98.84006780675412,-621.4139959338778,-522.5739281271237,-4.838647482658553
12440,62.2,110.05321312474354,-632.6550461589508,-522.6018330342072,-4.838905861427844
12450,62.25,107.61244286586955,-630.1926349273213,-522.5801920614517,-4.838705482050479
12460,62.300000000000004,107.5117593099063,-630.121854975598,-522.6100956656917,-4.838982367274923
12470,62.35,99.08032496251067,-621.6618654927682,-522.5815405302576,-4.838717967872755
12480,62.4,104.68257281484266,-627.2780821699337,-522.595509355091,-4.838847308843436
12490,62.45,104.53708528428018,-627.1339482075101,-522.59686292323,-4.838859841881759
12500,62.5,113.85380337107631,-636.4738820916984,-522.6200787206221,-4.839074802968724
12510,62.550000000000004,102.42125549422529,-624.9915009050522,-522.5702454108269,-4.838613383433583
12520,62.6,103.34787498279736,-625.9637402589667,-522.6158652761693,-4.83903578959416
12530,62.65,103.68825601073502,-626.2975092275653,-522.6092532168303,-4.838974566822503
12540,62.7,100.48997187404011,-623.069132579717,-522.5791607056769,-4.838695932459972
12550,62.75,108.12309726806716,-630.756497100143,-522.6333998320758,-4.8391981465932945
12560,62.800000000000004,89.12116215290244,-611.690425271489,-522.5692631185865,-4.83860428813506
12570,62.85,96.24886459129311,-618.8447300629458,-522.5958654716527,-4.838850606219006
12580,62.9,105.53619855659501,-628.1365871711122,-522.6003886145172,-4.838892487171456
12590,62.95,102.69066436113427,-625.2837830168925,-522.5931186557582,-4.838825172738502
12600,63.0,96.78128560125899,-619.360856491947,-522.5795708906879,-4.838699730469333
12610,63.050000000000004,98.81654511276615,-621.4188632033223,-522.6023180905562,-4.838910352690335
12620,63.1,99.51002808719805,-622.1013746253954,-522.5913465381973,-4.838808764242567
12630,63.15,106.86609641042317,-629.4741365895467,-522.6080401791235,-4.838963334991884
12640,63.2,104.84867313525812,-627.4380849872297,-522.5894118519716,-4.838790850481218
12650,63.25,98.98696430146283,-621.564811219822,-522.5778469183591,-4.838683767762585
12660,63.300000000000004,91.2815111605785,-613.8790579175834,-522.5975467570049,-4.838866173675972
12670,63.35,89.65848811246099,-612.2398550041098,-522.5813668916488,-4.83871636010786
12680,63.4,102.6123036897089,-625.2038892035157,-522.5915855138068,-4.838810976979692
12690,63.45,102.39990612193068,-624.9864983995908,-522.5865922776601,-4.838764743311668
12700,63.5,101.59288736293753,-624.1886236074794,-522.5957362445419,-4.838849409671684
12710,63.550000000000004,100.44350842362479,-623.0402481350808,-522.5967397114559,-4.838858701032
12720,63.6,102.70740226028059,-625.3097819370028,-522.6023796767222,-4.838910922932613
12730,63.65,98.88898064782319,-621.4832286851523,-522.5942480373292,-4.838835629975271
12740,63.7,105.96411346076935,-628.5704447056524,-522.6063312448831,-4.838947511526696
12750,63.75,108.11737845750643,-630.693701260196,-522.5763228026896,-4.838669655580459
12760,63.800000000000004,108.21761385475372,-630.836300731408,-522.6186868766542,-4.839061915524576
12770,63.85,92.37684897258924,-614.9543096808817,-522.5774607082924,-4.838680191743448
12780,63.9,103.57404209016596,-626.1884475476728,-522.6144054575068,-4.8390222727546925
12790,63.95,100.68282525483659,-623.2641871716974,-522.5813619168607,-4.838716314045007
12800,64.0,102.73568349729544,-625.334641517177,-522.5989580198816,-4.83887924092483
12810,64.05,100.2763754757896,-622.870649030599,-522.5942735548094,-4.838835866248235
12820,64.1,100.8787935916388,-623.4748965682857,-522.5961029766469,-4.8388528053393225
12830,64.15,102.73462476193875,-625.3524670391747,-522.6178422772359,-4.839054095159592
12840,64.2,104.51299718066196,-627.1227969870321,-522.6097998063701,-4.8389796278367605
12850,64.25,101.69064581894173,-624.2818336374783,-522.5911878185366,-4.838807294616079
12860,64.3,103.26411175603158,-625.8600374968221,-522.5959257407906,-4.838851164266579
12870,64.35,105.08443072476035,-627.6896442466635,-522.6052135219031,-4.838937162239843
12880,64.4,97.388012978836,-619.9795352097123,-522.5915222308763,-4.838810391026633
12890,64.45,100.17402565954484,-622.7748757813307,-522.6008501217859,-4.838896760386906
12900,64.5,100.00310783875778,-622.6207242322504,-522.6176163934927,-4.839052003643451
12910,64.55,100.03404013909935,-622.6308677169721,-522.5968275778728,-4.838859514609933
12920,64.6,106.21633440794724,-628.8073703292185,-522.5910359212713,-4.83880588815992
12930,64.65,106.12230671734744,-628.733702293027,-522.6113955756796,-4.838994403478515
12940,64.7,97.23794045229535,-619.8278521287074,-522.589911676412,-4.838795478485297
12950,64.75,100.11444581930347,-622.7128849978052,-522.5984391785017,-4.838874436837979
12960,64.8,105.27766630860849,-627.8845069529496,-522.6068406443411,-4.838952228188344
12970,64.85,103.85378309929362,-626.4555129698299,-522.6017298705362,-4.838904906208669
12980,64.9,100.96517323365971,-623.5537572390839,-522.5885840054242,-4.8387831852354095
12990,64.95,100.85555164439495,-623.4630622751222,-522.6075106307272,-4.838958431765993
13000,65.0,94.98999846950767,-617.5826156230618,-522.5926171535541,-4.838820529199575
13010,65.05,102.0850205225,-624.7025859331515,-522.6175654106514,-4.839051531580106
13020,65.1,109.39307674222108,-632.011661769701,-522.61858502748,-4.839060972476666
13030,65.15,103.7494757167451,-626.3506410636345,-522.6011653468894,-4.838899679137865
13040,65.2,96.20887020297646,-618.8226903522633,-522.6138201492869,-4.8390168532341375
13050,65.25,101.37553156812687,-623.9845819224621,-522.6090503543352,-4.838972688466066
13060,65.3,106.16831705013517,-628.7582783391744,-522.5899612890391,-4.838795937861473
13070,65.35,100.26081244473339,-622.8579865595871,-522.5971741148537,-4.838862723285683
13080,65.4,100.19936956207958,-622.8037800345218,-522.6044104724422,-4.838929726596687
13090,65.45,104.94092029001288,-627.5346934286888,-522.5937731386759,-4.838831232765518
13100,65.5,109.87161363054803,-632.5044885791206,-522.6328749485725,-4.839193286560857
13110,65.55,96.63513942362285,-619.2262971847791,-522.5911577611563,-4.838807016307003
13120,65.6,103.17863009788933,-625.789920244221,-522.6112901463316,-4.838993427280848
13130,65.65,102.10689449680318,-624.7061603298104,-522.5992658330072,-4.838882091046362
13140,65.7,101.27634559707901,-623.8663805150585,-522.5900349179794,-4.838796619610921
13150,65.75,106.99045519956339,-629.5951166720255,-522.6046614724621,-4.8389320506709455
13160,65.8,99.09534241784029,-621.6994732110248,-522.6041307931846,-4.838927136973932
13170,65.85,99.45460932257367,-622.0556021294636,-522.60099280689,-4.838898081545278
13180,65.9,109.41672763410203,-632.0177197287006,-522.6009920945986,-4.838898074949987
13190,65.95,100.41538211872556,-623.0225547949043,-522.6071726761787,-4.838955302557211
13200,66.0,92.73363765483828,-615.3488226733543,-522.6151850185161,-4.839029490912186
13210,66.05,103.65950492681864,-626.3014688633386,-522.64196393652,-4.839277443856667
13220,66.1,91.35735785052815,-613.9284116113957,-522.5710537608676,-4.838620868156181
13230,66.15,91.70566032417484,-614.2948976052659,-522.5892372810911,-4.838789234084176
13240,66.2,97.78413075723365,-620.3977692421546,-522.6136384849209,-4.839015171156675
13250,66.25,91.55403866609623,-614.1507728217741,-522.596734155678,-4.838858649589611
13260,66.3,97.62651540257885,-620.2398651619072,-522.6133497593283,-4.8390124977715585
13270,66.35,93.66288508816659,-616.2492212243966,-522.58633613623,-4.838762371631759
13280,66.4,99.60535632477173,-622.2189913630515,-522.6136350382798,-4.839015139243331
13290,66.45,95.12143820814978,-617.6985038433177,-522.5770656351679,-4.838676533658962
13300,66.5,98.34951029686503,-620.9510645488335,-522.6015542519685,-4.83890328011082
13310,66.55,101.2677760138711,-623.8709013483366,-522.6031253344655,-4.838917827170977
13320,66.6,108.67289643096905,-631.2826683455563,-522.6097719145873,-4.838979369579512
13330,66.65,102.6391090831727,-625.2175384828711,-522.5784293996984,-4.838689161108318
13340,66.7,100.4057311547792,-623.0157258285531,-522.6099946737738,-4.838981432164572
13350,66.75,89.5438416913833,-612.1200397135516,-522.5761980221682,-4.838668500205261
13360,66.8,96.13636499842293,-618.7350783891364,-522.5987133907136,-4.83887697583994
13370,66.85,98.58015706967589,-621.1641870678337,-522.5840299981578,-4.838741018501461
13380,66.9,101.32295434721478,-623.9300568462905,-522.6071024990757,-4.838954652769219
13390,66.95,99.57609394160454,-622.1614165115388,-522.5853225699343,-4.838752986758651
13400,67.0,102.8743259469729,-625.5109352665025,-522.6366093195296,-4.839227864069719
13410,67.05,93.44130358429558,-616.036230173722,-522.5949265894263,-4.838841912865059
13420,67.1,102.33487398933451,-624.9361967288713,-522.6013227395368,-4.838901136477193
13430,67.15,104.60992462672971,-627.2120200461036,-522.6020954193739,-4.838908290920129
13440,67.2,100.34494533395778,-622.9495312219509,-522.6045858879932,-4.838931350814751
13450,67.25,95.8713606098143,-618.4734681930353,-522.6021075832209,-4.838908403548341
13460,67.3,107.33908077975414,-629.959094385149,-522.6200136053949,-4.839074200049953
13470,67.35,104.86482962181198,-627.4553854172588,-522.5905557954468,-4.838801442550433
13480,67.4,106.09467793851947,-628.7009175673253,-522.6062396288058,-4.838946663229684
13490,67.45,101.20472240182566,-623.7974029362268,-522.5926805344012,-4.838821116059271
13500,67.5,99.0521976737169,-621.6509872223852,-522.5987895486683,-4.8388776810061875
13510,67.55,90.81179960313204,-613.371867606538,-522.560068003406,-4.838519148179684
13520,67.6,100.28592632960145,-622.8830579820873,-522.5971316524858,-4.838862330115609
13530,67.65,102.08248596825867,-624.6638499492641,-522.5813639810054,-4.838716333157458
13540,67.7,105.24922837292252,-627.8497195201109,-522.6004911471883,-4.83889343654804
13550,67.75,100.39523464591866,-622.9848214550328,-522.5895868091142,-4.838792470454761
13560,67.8,96.84439644066845,-619.4407910901009,-522.5963946494325,-4.838855506013264
13570,67.85,97.02121358461547,-619.6005515749596,-522.5793379903441,-4.838697573984668
13580,67.9,108.81230286528236,-631.4316862769548,-522.6193834116724,-4.839068364922893
13590,67.95,103.70537554105941,-626.3110426004164,-522.605667059357,-4.838941361660712
13600,68.0,99.72144758510717,-622.327778678121,-522.6063310930139,-4.838947510120499
13610,68.05,101.75600412431147,-624.3674610279807,-522.6114569036691,-4.83899497133027
13620,68.1,98.82698549724982,-621.4304301336074,-522.6034446363576,-4.838920783669978
13630,68.15,102.02117027070754,-624.652015175259,-522.6308449045514,-4.8391744898569575
13640,68.2,89.09785736864153,-611.669116835829,-522.5712594671875,-4.838622772844328
13650,68.25,96.05585843285976,-618.6534746871346,-522.5976162542748,-4.838866817169212
13660,68.3,102.57141091677212,-625.1812517504858,-522.6098408337136,-4.838980007719571
13670,68.35000000000001,100.61906182323486,-623.2089827755742,-522.5899209523393,-4.838795564373512
13680,68.4,104.88200682252014,-627.4976428353554,-522.6156360128352,-4.839033666785512
13690,68.45,97.76445811376263,-620.3525392833466,-522.5880811695839,-4.838778529347999
13700,68.5,99.46137152321285,-622.0795629506943,-522.6181914274814,-4.8390573280322355
13710,68.55,95.81856862660364,-618.4381025508482,-522.6195339242445,-4.8390697585578195
13720,68.60000000000001,95.98660479690821,-618.5832364665902,-522.596631669682,-4.838857700645203
13730,68.65,102.42144112589988,-625.032995759444,-522.6115546335442,-4.83899587623652
13740,68.7,96.81528710716313,-619.3961360552313,-522.5808489480681,-4.838711564333964
13750,68.75,101.80490423713586,-624.3956432902339,-522.5907390530981,-4.838803139380538
13760,68.8,106.13210715251844,-628.7498856203222,-522.6177784678038,-4.839053504331516
13770,68.85000000000001,93.96152114850699,-616.5247335006044,-522.5632123520974,-4.83854826251942
13780,68.9,105.33814021174528,-627.9538255866565,-522.6156853749112,-4.8390341238417705
13790,68.95,97.23968249251492,-619.8165810034494,-522.5768985109345,-4.838674986212356
13800,69.0,101.8732622771362,-624.474100511805,-522.6008382346688,-4.838896650321008
13810,69.05,104.66161792179324,-627.2527543697472,-522.591136447954,-4.838806818962537
13820,69.10000000000001,103.59831372247385,-626.1916056300588,-522.5932919075849,-4.838826776922082
13830,69.15,96.87914205361393,-619.4595371657424,-522.5803951121285,-4.8387073621493375
13840,69.2,96.63081179643143,-619.2103997559184,-522.579587959487,-4.838699888513768
13850,69.25,103.58227093737459,-626.1922455434956,-522.609974606121,-4.838981246352972
13860,69.3,89.47233078845733,-612.0198260789526,-522.5474952904954,-4.838402734171253
13870,69.35000000000001,104.42801147665756,-627.0564955942851,-522.6284841176275,-4.8391526307187736
13880,69.4,98.49467559619299,-621.053134066249,-522.5584584700559,-4.838504245093111
13890,69.45,110.01789925925685,-632.629345078666,-522.6114458194091,-4.838994868698233
13900,69.5,100.11266823798972,-622.7038119704572,-522.5911437324675,-4.838806886411736
13910,69.55,104.31014605455776,-626.9288262484192,-522.6186801938615,-4.839061853646865
13920,69.60000000000001,97.66341604844403,-620.2184586242031,-522.5550425757591,-4.838472616442214
13930,69.65,104.32114671127108,-626.9470971746283,-522.6259504633572,-4.839129170957011
13940,69.7,94.88738850977627,-617.4566673496112,-522.5692788398349,-4.838604433702175
13950,69.75,99.62019679080639,-622.2078031791275,-522.5876063883211,-4.838774133225195
13960,69.8,101.99932971609898,-624.5871599862076,-522.5878302701086,-4.8387762062047095
13970,69.85000000000001,103.68689492409898,-626.2695947829743,-522.5826998588753,-4.838728702396994
13980,69.9,106.31633568616829,-628.910749747481,-522.5944140613127,-4.838837167234377
13990,69.95,106.77779889394756,-629.369335042608,-522.5915361486605,-4.838810519895004
14000,70.0,96.34122713055365,-618.9052894477257,-522.5640623171721,-4.838556132566408
14010,70.05,105.0893108733489,-627.7084817738947,-522.6191709005459,-4.839066397227277
14020,70.10000000000001,96.55484108060071,-619.1030987151227,-522.548257634522,-4.83840979291224
14030,70.15,109.64348064831907,-632.2671690713125,-522.6236884229935,-4.839108226138829
14040,70.2,99.8967676538689,-622.481100597295,-522.5843329434261,-4.838743823550242
14050,70.25,102.38477660544146,-624.9904883260341,-522.6057117205926,-4.838941775190672
14060,70.3,98.1589942368467,-620.7402875454213,-522.5812933085747,-4.838715678783099
14070,70.35000000000001,99.78757089894155,-622.3700392262313,-522.5824683272897,-4.838726558586016
14080,70.4,99.01609095423807,-621.603579408485,-522.5874884542469,-4.8387730412430265
14090,70.45,94.93538371469307,-617.511854593069,-522.5764708783759,-4.838671026651628
14100,70.5,101.46781623918702,-624.0495669593095,-522.5817507201225,-4.838719914075209
14110,70.55,102.22436440799704,-624.8102927617102,-522.5859283537131,-4.838758595867715
14120,70.60000000000001,96.43717884100965,-619.0235089613474,-522.5863301203377,-4.838762315929053
14130,70.65,94.506274552811,-617.0736664613637,-522.5673919085527,-4.838586962116229
14140,70.7,103.30112104364369,-625.9153768726769,-522.6142558290333,-4.839020887305863
14150,70.75,96.39019536983808,-618.9646314745343,-522.5744361046961,-4.838652186154594
14160,70.8,98.38419031867599,-620.9629996875228,-522.5788093688468,-4.838692679341174
14170,70.85000000000001,102.68523929172477,-625.2904709487091,-522.6052316569843,-4.838937330157262
14180,70.9,96.26666847585484,-618.858185247632,-522.5915167717772,-4.8388103404794185
14190,70.95,99.8619431308687,-622.4460217087172,-522.5840785778486,-4.838741468313413
14200,71.0,106.08464588724124,-628.6855088333575,-522.6008629461163,-4.838896879130707
14210,71.05,99.63655316418605,-622.2267847940631,-522.590231629877,-4.8387984410173805
14220,71.10000000000001,102.97273914323077,-625.5699872143631,-522.5972480711323,-4.8388634080660395
14230,71.15,103.50894350998573,-626.1015096827504,-522.5925661727647,-4.838820057155228
14240,71.2,107.2004263570705,-629.8010502259993,-522.6006238689289,-4.838894665453045
14250,71.25,103.14555903468997,-625.7374068810151,-522.5918478463251,-4.838813405984491
14260,71.3,99.11925625199486,-621.7001336528502,-522.5808774008553,-4.838711827785698
14270,71.35000000000001,105.54805166910062,-628.1502756414734,-522.6022239723728,-4.8389094812256745
14280,71.4,97.10101385598301,-619.677402722136,-522.5763888661529,-4.838670267279194
14290,71.45,103.07476712468763,-625.666281698161,-522.5915145734734,-4.838810320124754
14300,71.5,108.36736757219695,-630.9789855919761,-522.6116180197791,-4.8389964631461035
14310,71.55,93.78843216983454,-616.347396246225,-522.5589640763905,-4.838508926633245
14320,71.60000000000001,100.73679738532661,-623.341265951636,-522.6044685663094,-4.8389302645028645
14330,71.65,97.304586220828,-619.8937685603372,-522.5891823395092,-4.838788725365826
14340,71.7,100.51511423619837,-623.1156135817652,-522.6004993455667,-4.838893512458951
14350,71.75,103.576038343772,-626.1666027107325,-522.5905643669605,-4.838801521916301
14360,71.8,108.0492878468787,-630.6344774734445,-522.5851896265658,-4.838751755801535
14370,71.85000000000001,106.8998635156147,-629.4789590161452,-522.5790955005305,-4.838695328708615
14380,71.9,102.57842371798728,-625.1576907772519,-522.5792670592646,-4.838696917215413
14390,71.95,98.15756455417274,-620.7498414633225,-522.5922769091497,-4.838817378788423
14400,72.0,97.74016706430716,-620.3184482313302,-522.5782811670231,-4.838687788583547
14410,72.05,109.84496442493672,-632.4608299429481,-522.6158655180113,-4.839035791833438
14420,72.10000000000001,103.2100205069567,-625.8044532572977,-522.5944327503411,-4.838837340280936
14430,72.15,101.1702606867804,-623.7438582107898,-522.5735975240094,-4.838644421518605
14440,72.2,100.59620304522858,-623.180469378677,-522.5842663334485,-4.8387432067911895
14450,72.25,100.24942886188983,-622.8422830417063,-522.5928541798165,-4.83882272388719
14460,72.3,104.4027235963761,-627.0024633849243,-522.5997397885483,-4.8388864795235955
14470,72.35000000000001,100.01802159704883,-622.6048199661587,-522.5867983691099,-4.838766651565833
14480,72.4,97.61719819208716,-620.209453106649,-522.5922549145619,-4.838817175134832
14490,72.45,101.55132676250363,-624.1507008895403,-522.5993741270366,-4.838883093768858
14500,72.5,97.544522903888,-620.1273373115649,-522.5828144076769,-4.838729763034046
14510,72.55,98.67942338323743,-621.278589346418,-522.5991659631806,-4.838881166325746
14520,72.60000000000001,97.06159727695454,-619.6313345872082,-522.5697373102537,-4.8386086787986455
14530,72.65,101.68250699768544,-624.2745418758994,-522.592034878214,-4.838815137761241
14540,72.7,97.450054204242,-620.0440927743473,-522.5940385701053,-4.838833690463939
14550,72.75,91.44580275561972,-614.0160457851694,-522.5702430295496,-4.838613361384718
14560,72.8,104.54446896138703,-627.1617076426911,-522.6172386813041,-4.839048506308371
14570,72.85000000000001,97.59748470057951,-620.1836811684902,-522.5861964679107,-4.838761078406581
14580,72.9,102.62312538521141,-625.221619925524,-522.5984945403126,-4.838874949447338
14590,72.95,105.17713579201643,-627.7754456114537,-522.5983098194373,-4.838873239068864
14600,73.0,105.31028432782948,-627.8990846432217,-522.5888003153923,-4.838785188105484
14610,73.05,96.58603867695795,-619.1538566398868,-522.5678179629289,-4.838590907064156
14620,73.10000000000001,96.02154824632905,-618.6063355604682,-522.5847873141391,-4.838748030686474
14630,73.15,100.14900503932584,-622.7325907773727,-522.5835857380468,-4.838736904981915
14640,73.2,104.75116622224012,-627.3417600950919,-522.5905938728517,-4.838801795118997
14650,73.25,101.38898565861751,-623.9811577955222,-522.5921721369048,-4.8388164086750445
14660,73.3,95.00707480177712,-617.6113687825181,-522.604293980741,-4.838928647969824
14670,73.35000000000001,96.62277911510989,-619.2190037041112,-522.5962245890013,-4.838853931379641
14680,73.4,100.42487036634398,-623.0187042575208,-522.5938338911768,-4.838831795288674
14690,73.45,103.17387040295483,-625.7740593451423,-522.6001889421875,-4.838890638353588
14700,73.5,97.47181103408717,-620.0505151517216,-522.5787041176344,-4.838691704792911
14710,73.55,102.36807610354273,-624.9709056689381,-522.6028295653954,-4.838915088568476
14720,73.60000000000001,98.5076084038495,-621.0943113202802,-522.5867029164307,-4.838765767744729
14730,73.65,100.5674209043808,-623.1582126014963,-522.5907916971155,-4.838803626825143
14740,73.7,104.14949992969031,-626.7668061234392,-522.6173061937488,-4.8390491314236
14750,73.75,96.4817426806496,-619.060687479188,-522.5789447985384,-4.838693933319799
14760,73.8,107.00913312413229,-629.6310781926207,-522.6219450684885,-4.839092083967485
14770,73.85000000000001,93.01944936595862,-615.5852427524995,-522.5657933865409,-4.83857216098649
14780,73.9,97.69056436116412,-620.3000573384849,-522.6094929773208,-4.838976786827044
14790,73.95,90.36326339890819,-612.9235318194263,-522.5602684205181,-4.838521003893686
14800,74.0,103.97824094656931,-626.5936450649994,-522.61540411843,-4.839031519615093
14810,74.05,93.37359821744505,-615.9490128361718,-522.5754146187268,-4.838661246469692
14820,74.10000000000001,93.32268405166866,-615.8948910746712,-522.5722070230026,-4.8386315465092835
14830,74.15,104.59920385374832,-627.1860017605421,-522.5867979067938,-4.838766647285127
14840,74.2,108.39355155416052,-630.9836605217653,-522.5901089676047,-4.838797305255599
14850,74.25,100.83278589175302,-623.4110521277349,-522.5782662359819,-4.838687650333166
14860,74.3,93.92268134090942,-616.511111743483,-522.5884304025735,-4.838781762986792
14870,74.35000000000001,97.02144307691825,-619.609510518626,-522.5880674417078,-4.838778402238035
14880,74.4,101.12741208953493,-623.7206979381978,-522.5932858486628,-4.838826720820952
14890,74.45,97.37688438682392,-619.9630575074135,-522.5861731205896,-4.838760862227681
14900,74.5,93.49164299203537,-616.0695743689281,-522.5779313768927,-4.838684549786044
14910,74.55,94.70667946721214,-617.2729220355526,-522.5662425683405,-4.838576320077227
14920,74.60000000000001,108.03845550413116,-630.6432092789601,-522.6047537748289,-4.83893290532249
14930,74.65,98.37841750643429,-620.9647063138912,-522.5862888074569,-4.838761933402378
14940,74.7,93.4557708013315,-616.0326336208522,-522.5768628195207,-4.838674655736303
14950,74.75,95.40764985779911,-618.0246119557512,-522.6169620979521,-4.839045945351408
14960,74.8,88.92221787720857,-611.5050168405338,-522.5827989633252,-4.838729620030789
14970,74.85000000000001,100.00602283053664,-622.5810514965998,-522.5750286660632,-4.838657672833919
14980,74.9,104.85777129927656,-627.434973784288,-522.5772024850114,-4.838677800787143
14990,74.95,102.19888071674615,-624.7659897219131,-522.5671090051669,-4.838584342640434
15000,75.0,102.60288662841882,-625.1930669736704,-522.5901803452516,-4.838797966159738
15010,75.05,100.05730052877603,-622.631946359384,-522.5746458306079,-4.838654128061184
15020,75.10000000000001,101.78969993377356,-624.3621009396113,-522.5724010058377,-4.838633342646646
15030,75.15,102.5122743823905,-625.1156692696558,-522.6033948872653,-4.838920323030234
15040,75.2,98.35383562162589,-620.9598168004667,-522.6059811788408,-4.838944270174452
15050,75.25,90.2796206831772,-612.8589380074917,-522.5793173243145,-4.8386973826325415
15060,75.3,91.36265120411832,-613.9352422198373,-522.5725910157189,-4.838635101997397
15070,75.35000000000001,101.002736093742,-623.6095252065946,-522.6067891128527,-4.838951751044932
15080,75.4,99.36736251240531,-621.9381158267108,-522.5707533143055,-4.83861808624357
15090,75.45,107.7231159387618,-630.3272951221152,-522.6041791833534,-4.83892758503105
15100,75.5,98.9618275047601,-621.5503886530656,-522.5885611483055,-4.838782973595421
15110,75.55,95.965433170329,-618.5510009533194,-522.5855677829904,-4.838755257249911
15120,75.60000000000001,97.47340899133643,-620.0803329746929,-522.6069239833564,-4.838952999845893
15130,75.65,94.84239605290875,-617.4449222936952,-522.6025262407865,-4.838912280007282
15140,75.7,96.98530827616301,-619.5829984503458,-522.5976901741828,-4.838867501612804
15150,75.75,102.27592437923046,-624.8663056529571,-522.5903812737266,-4.83879982660858
15160,75.8,97.13833877832565,-619.7123890724032,-522.5740502940776,-4.838648613834051
15170,75.85000000000001,93.24890374945298,-615.845937674959,-522.597033925506,-4.838861425236167
15180,75.9,89.89577718364788,-612.4471328167072,-522.5513556330593,-4.838438478083883
15190,75.95,105.96524970917841,-628.5861523957598,-522.6209026865813,-4.83908243228316
15200,76.0,96.02668647064091,-618.584052993125,-522.5573665224841,-4.838494134467446
15210,76.05,111.21559162166011,-633.8185470663004,-522.6029554446403,-4.83891625411704
15220,76.10000000000001,105.34449547919715,-627.9254142463992,-522.5809187672021,-4.838712210807427
15230,76.15,100.42629817090665,-623.0061545791241,-522.5798564082174,-4.838702374150161
15240,76.2,98.45196926959285,-621.0423675152452,-522.5903982456524,-4.838799983756041
15250,76.25,91.33544143453156,-613.9163395807655,-522.580898146234,-4.838712019872537
15260,76.3,91.40216739196659,-614.0012498234163,-522.5990824314497,-4.838880392883794
15270,76.35000000000001,94.00578063689834,-616.5766445454022,-522.570863908504,-4.8386191102639255
15280,76.4,107.357442747057,-629.9546685423089,-522.5972257952519,-4.8388632018078885
15290,76.45,105.43607941970053,-628.0153520514813,-522.5792726317808,-4.838696968812785
15300,76.5,106.31371882912744,-628.9099165057295,-522.5961976766021,-4.83885368219076
15310,76.55,101.1279926511751,-623.7090641797544,-522.5810715285793,-4.8387136252646235
15320,76.60000000000001,104.0345912404144,-626.6091695476068,-522.5745783071924,-4.838653502844374
15330,76.65,108.70615119102537,-631.311742145043,-522.6055909540177,-4.838940656981645
15340,76.7,98.40877029759717,-620.9823568096355,-522.5735865120383,-4.83864431955591
15350,76.75,100.91508234410045,-623.5173513062381,-522.6022689621376,-4.838909897797571
15360,76.8,97.82295957758221,-620.401126211187,-522.5781666336048,-4.838686728088934
15370,76.85000000000001,107.60747212366849,-630.1961460059493,-522.5886738822809,-4.838784017428527
15380,76.9,105.94822352306728,-628.5344013145194,-522.5861777914521,-4.838760905476408
15390,76.95,96.23876012324925,-618.7968680788664,-522.5581079556172,-4.838500999589048
15400,77.0,108.26808140348908,-630.8759004430921,-522.607819039603,-4.838961287403731
15410,77.05,97.30604200267337,-619.8831425104961,-522.5771005078227,-4.8386768565539136
15420,77.10000000000001,90.67032679783901,-613.2494256784328,-522.5790988805937,-4.838695360005498
15430,77.15,100.01460738776268,-622.6099527085615,-522.5953453207989,-4.8388457900073965
15440,77.2,98.89674303288109,-621.4828084567912,-522.5860654239101,-4.838759865036205
15450,77.25,101.33191035103198,-623.9308566421718,-522.5989462911398,-4.838879132325368
15460,77.3,107.40198060466687,-630.0200802379022,-522.6180996332354,-4.839056478085513
15470,77.35000000000001,95.45705909185703,-618.0356106769362,-522.5785515850793,-4.838690292454437
15480,77.4,102.94788376398817,-625.5529009876477,-522.6050172236595,-4.838935344663514
15490,77.45,104.95474211657546,-627.550743442829,-522.5960013262536,-4.8388518641319775
15500,77.5,103.26022902486437,-625.8770859863379,-522.6168569614736,-4.839044971865496
15510,77.55,101.51353349540592,-624.1009708335946,-522.5874373381887,-4.838772567946192
15520,77.60000000000001,103.62891528413188,-626.2285729212858,-522.599657637154,-4.838885718862537
15530,77.65,92.81141403818678,-615.3993877462059,-522.5879737080191,-4.83877753433351
15540,77.7,97.39872937216097,-620.0004457718956,-522.6017163997346,-4.838904781479024
15550,77.75,101.22492028863758,-623.822872110122,-522.5979518214845,-4.838869924273005
15560,77.8,102.88073520453825,-625.4573748656304,-522.5766396610921,-4.838672589454557
15570,77.85000000000001,107.4275227940537,-630.0303896429147,-522.6028668488609,-4.83891543378575
15580,77.9,92.37946793503785,-614.9504123085461,-522.5709443735083,-4.838619855310262
15590,77.95,97.11242302925757,-619.6919830077985,-522.5795599785409,-4.838699629430935
15600,78.0,106.23301962030881,-628.8413935946328,-522.608373974324,-4.838966425688185
15610,78.05,98.39592172339773,-620.9861555203272,-522.5902337969295,-4.838798461082681
15620,78.10000000000001,102.23981980039402,-624.8555022088361,-522.6156824084421,-4.839034096374464
15630,78.15,96.11249959123595,-618.6668942899346,-522.5543946986986,-4.838466617580543
15640,78.2,111.65135102730261,-634.2658935750823,-522.6145425477796,-4.839023542109071
15650,78.25,109.75925140843005,-632.3433742110932,-522.5841228026632,-4.838741877802437
15660,78.3,99.60259345101962,-622.1840502895595,-522.5814568385399,-4.838717192949444
15670,78.35000000000001,97.61295516315096,-620.2089059844278,-522.5959508212768,-4.838851396493304
15680,78.4,91.05221644489909,-613.6294201442885,-522.5772036993894,-4.838677812031384
15690,78.45,89.67139933011072,-612.2355871958622,-522.5641878657515,-4.8385572950532545
15700,78.5,107.93537307935722,-630.5700487734032,-522.634675694046,-4.839209960130056
15710,78.55,92.5295021121833,-615.0685125581239,-522.5390104459406,-4.838324170795746
15720,78.60000000000001,106.3199468025902,-628.9505483847169,-522.6306015821267,-4.839172236871543
15730,78.65,91.14076827433801,-613.7180346077982,-522.5772663334602,-4.838678391976483
15740,78.7,97.51499891357487,-620.1039732462893,-522.5889743327144,-4.838786799376986
15750,78.75,99.02947323716377,-621.6295841467979,-522.6001109096342,-4.838889915829946
15760,78.8,84.615872308344,-607.1843953097037,-522.5685230013597,-4.838597435197776
15770,78.85000000000001,98.19292850468314,-620.8002582490473,-522.6073297443642,-4.8389567568922605
15780,78.9,100.95160939079668,-623.5167506860804,-522.5651412952838,-4.838566123104479
15790,78.95,104.15334582975012,-626.7549259548848,-522.6015801251347,-4.838903519677173
15800,79.0,102.39462084363318,-624.9926816642934,-522.5980608206602,-4.838870933524631
15810,79.05,96.86596565116271,-619.4323049458654,-522.5663392947027,-4.838577215691692
15820,79.10000000000001,102.54535190266728,-625.1534835627407,-522.6081316600735,-4.838964182037717
15830,79.15,102.14403475375846,-624.7412104914771,-522.5971757377187,-4.838862738312209
15840,79.2,101.9145224040281,-624.5036342931702,-522.589111889142,-4.838788073047612
15850,79.25,105.74995350116264,-628.3568190137015,-522.6068655125389,-4.838952458449434
15860,79.3,98.72211875961898,-621.2949610703854,-522.5728423107664,-4.838637428803393
15870,79.35000000000001,100.14468242661017,-622.7301745275255,-522.5854921009153,-4.838754556489956
15880,79.4,91.58988609650687,-614.160930574546,-522.5710444780391,-4.838620782204066
15890,79.45,91.01954684526521,-613.5983109254436,-522.5787640801784,-4.838692260001652
15900,79.5,102.34791047804039,-624.9754271261801,-522.6275166481397,-4.83914367266796
15910,79.55,96.96847587546324,-619.5557073399534,-522.5872314644902,-4.838770661708242
15920,79.60000000000001,96.92479577088183,-619.5054824334328,-522.580686662551,-4.8387100616902865
15930,79.65,98.82953770829462,-621.4326683866141,-522.6031306783194,-4.838917876651106
15940,79.7,90.59390557132298,-613.1618458630647,-522.5679402917417,-4.838592039738349
15950,79.75,93.98361962059664,-616.5699100165176,-522.586290395921,-4.838761948110379
15960,79.8,97.0185696365575,-619.6034511698283,-522.5848815332708,-4.8387489030858415
15970,79.85000000000001,91.36512258564794,-613.945537594165,-522.5804150085171,-4.838707546375158
15980,79.9,89.50859220829318,-612.1035890495319,-522.5949968412388,-4.838842563344803
15990,79.95,94.4988561451012,-617.0990731868723,-522.6002170417711,-4.838890898534918
16000,80.0,91.25613572125474,-613.8419580088483,-522.5858222875936,-4.838757613774015
16010,80.05,95.75309846393057,-618.3337999207287,-522.5807014567981,-4.838710198674057
16020,80.10000000000001,104.39188556389803,-626.9887384903568,-522.5968529264587,-4.838859749319062
16030,80.15,91.21291373324037,-613.7681118952228,-522.5551981619824,-4.838474057055392
16040,80.2,99.75525026595649,-622.3494569138842,-522.5942066479276,-4.838835246740071
16050,80.25,102.13760146352706,-624.7278214147631,-522.590219951236,-4.838798332881815
16060,80.3,98.66805983632362,-621.2520302010546,-522.5839703647309,-4.838740466340101
16070,80.35000000000001,100.54341699490625,-623.121705580956,-522.5782885860498,-4.838687857278239
16080,80.4,104.89274338605806,-627.4811233626101,-522.588379976552,-4.838781296079185
16090,80.45,103.48956281320396,-626.0780064726752,-522.5884436594712,-4.838781885735845
16100,80.5,102.9484449707432,-625.5559649045507,-522.6075199338075,-4.838958517905625
16110,80.55,95.00421125955249,-617.5851240204184,-522.580912760866,-4.838712155193203
16120,80.60000000000001,94.6654931350621,-617.2258267956355,-522.5603336605734,-4.838521607968272
16130,80.65,101.25950965085279,-623.8693768913826,-522.6098672405298,-4.8389802522271275
16140,80.7,100.26654235297757,-622.8513208418217,-522.5847784888441,-4.838747948970779
16150,80.75,100.35704866721977,-622.941806303484,-522.5847576362642,-4.838747755891335
16160,80.8,90.09950236738517,-612.6716847085755,-522.5721823411903,-4.838631317973984
16170,80.85000000000001,98.9313055832233,-621.5194433550357,-522.5881377718124,-4.838779053442708
16180,80.9,99.42929445862825,-622.024621871855,-522.5953274132266,-4.838845624196543
16190,80.95,94.58106549331993,-617.1762872300156,-522.5952217366957,-4.838844645710146
16200,81.0,99.03437841589695,-621.6239517582138,-522.5895733423168,-4.838792345762193
16210,81.05,99.97166884407798,-622.5403927244886,-522.5687238804106,-4.838599295188987
16220,81.10000000000001,104.22163557839907,-626.8205361214947,-522.5989005430956,-4.838878708732367
16230,81.15,94.6446343431289,-617.2297155311134,-522.5850811879844,-4.838750751740597
16240,81.2,104.78470100456751,-627.3763444985403,-522.5916434939728,-4.838811513833082
16250,81.25,108.03521222347624,-630.634753908155,-522.5995416846787,-4.838884645228506
16260,81.3,89.65385630570893,-612.2357890071048,-522.5819327013959,-4.838721599086999
16270,81.35000000000001,97.15311070701117,-619.7491746154705,-522.5960639084593,-4.838852443596846
16280,81.4,101.19238941949375,-623.7684963632086,-522.5761069437148,-4.838667656886248
16290,81.45,100.9913108961025,-623.5621113163053,-522.5708004202028,-4.838618522409285
16300,81.5,110.44402340969658,-633.0579093016921,-522.6138858919956,-4.839017461962921
16310,81.55,94.68081616688103,-617.251298482097,-522.5704823152159,-4.838615576992741
16320,81.60000000000001,95.25754136346634,-617.8526972669605,-522.5951559034942,-4.838844036143464
16330,81.65,94.87434459263007,-617.4575966601332,-522.583252067503,-4.838733815439843
16340,81.7,86.33053024153077,-608.8880042044684,-522.5574739629376,-4.838495129286459
16350,81.75,103.89052494707502,-626.5118598126542,-522.6213348655791,-4.8390864339405475
16360,81.8,100.51880909171825,-623.097541609283,-522.5787325175647,-4.838691967755229
16370,81.85000000000001,104.64319973823358,-627.2311384737964,-522.5879387355628,-4.838777210514471
16380,81.9,105.64853594424198,-628.2403717212757,-522.5918357770337,-4.838813294231794
16390,81.95,98.35301070962358,-620.9261597979252,-522.5731490883015,-4.838640269336126
16400,82.0,107.81876752997702,-630.4323035546314,-522.6135360246544,-4.839014222450504
16410,82.05,98.03357306890146,-620.5890561416189,-522.5554830727175,-4.8384766951177545
16420,82.10000000000001,106.46520123633238,-629.0702308713721,-522.6050296350397,-4.838935459583701
16430,82.15,100.76129941323194,-623.3218226724188,-522.5605232591868,-4.838523363510989
16440,82.2,102.82171463208074,-625.4072056450715,-522.5854910129907,-4.83875454641658
16450,82.25,104.77154417302306,-627.3480680342261,-522.5765238612031,-4.838671517233362
16460,82.3,109.52056649402567,-632.1043522814356,-522.5837857874099,-4.838738757290832
16470,82.35000000000001,101.47954566027606,-624.0500779704767,-522.5705323102006,-4.838616039909265
16480,82.4,107.57786758227594,-630.1805837785255,-522.6027161962495,-4.8389140388541625
16490,82.45,102.72432625828698,-625.2918121117443,-522.5674858534574,-4.838587831976457
16500,82.5,104.75076945762656,-627.3361086764895,-522.5853392188629,-4.838753140915397
16510,82.55,104.62077767892696,-627.2051112143863,-522.5843335354593,-4.838743829032031
16520,82.60000000000001,100.20460324825373,-622.7893732897544,-522.5847700415006,-4.838747870754635
16530,82.65,92.45489513132513,-615.0300173108672,-522.5751221795421,-4.838658538699463
16540,82.7,101.91086104708953,-624.5088138822665,-522.597952835177,-4.838869933659047
16550,82.75,98.49581763681124,-621.0850334592167,-522.5892158224054,-4.838789035392643
16560,82.8,98.63303504886217,-621.224603888026,-522.5915688391638,-4.83881082258485
16570,82.85000000000001,105.03410246557299,-627.6452773376963,-522.6111748721232,-4.838992359927067
16580,82.9,99.28311578414959,-621.8708318387781,-522.5877160546286,-4.838775148653968
16590,82.95,101.23495392728276,-623.8365784134521,-522.6016244861694,-4.838903930427494
16600,83.0,100.73810201436835,-623.330996495039,-522.5928944806707,-4.838823097043247
16610,83.05,101.43467014836435,-623.9976282320821,-522.5629580837177,-4.838545908182572
16620,83.10000000000001,106.53231463454216,-629.1310474921737,-522.5987328576316,-4.838877156089182
16630,83.15,98.50959472634297,-621.085928621496,-522.5763338951531,-4.838669758288455
16640,83.2,102.59524526838067,-625.1871218885452,-522.5918766201646,-4.838813672408931
16650,83.25,102.05202736107724,-624.6212781139745,-522.5692507528973,-4.838604173637939
16660,83.3,105.8272898635413,-628.4206775466827,-522.5933876831414,-4.838827663732791
16670,83.35000000000001,99.07863001381685,-621.6676856161351,-522.5890556023182,-4.838787551873317
16680,83.4,93.53988969111309,-616.1186505465502,-522.578760855437,-4.838692230142936
16690,83.45,95.9203711534426,-618.4878810945438,-522.5675099411012,-4.838588055010196
16700,83.5,108.67617729111497,-631.2873303031845,-522.6111530120695,-4.838992157519162
16710,83.55,102.95770563729386,-625.5291098617416,-522.5714042244477,-4.838624113189331
16720,83.60000000000001,102.51351826929147,-625.096036322618,-522.5825180533266,-4.838727019012283
16730,83.65,105.03114987895023,-627.6309599933106,-522.5998101143604,-4.838887130688522
16740,83.7,92.88225652988461,-615.4578843844967,-522.5756278546121,-4.838663220876038
16750,83.75,95.44009111204302,-618.036392725471,-522.5963016134281,-4.838854644568778
16760,83.8,99.86563363681164,-622.4734283322804,-522.6077946954688,-4.838961061995081
16770,83.85000000000001,98.19665363910474,-620.7913624057772,-522.5947087666725,-4.838839895987708
16780,83.9,103.23180844719941,-625.8275672859531,-522.5957588387537,-4.838849618877349
16790,83.95,105.14161520938187,-627.7508224506081,-522.6092072412263,-4.838974141122465
16800,84.0,107.05707117272583,-629.6614490596568,-522.6043778869309,-4.83892942487899
16810,84.05,104.75640792448183,-627.3657897455557,-522.6093818210738,-4.838975757602536
16820,84.10000000000001,87.58613440556256,-610.1424934820776,-522.556359076515,-4.838484806264028
16830,84.15,100.11029085774477,-622.7325782484887,-522.622287390744,-4.839095253618
16840,84.2,91.43043541981685,-613.9929120265489,-522.562476606732,-4.838541450062333
16850,84.25,97.47961790769747,-620.0708776934787,-522.5912597857812,-4.838807960979455
16860,84.3,102.24236807339135,-624.8262102879306,-522.5838422145392,-4.838739279764252
16870,84.35000000000001,103.56433346024964,-626.1542472919252,-522.5899138316756,-4.838795498441441
16880,84.4,100.19939592839583,-622.7762314798089,-522.5768355514131,-4.838674403253825
16890,84.45,101.36506295994113,-623.962197860524,-522.5971349005829,-4.838862360190582
16900,84.5,101.97593725586316,-624.5613697025494,-522.5854324466862,-4.838754004135984
16910,84.55,101.73896375500314,-624.3322575431974,-522.5932937881943,-4.838826794335132
16920,84.60000000000001,94.40955400605546,-616.9966076834486,-522.5870536773931,-4.838769015531418
16930,84.65,104.95125803795631,-627.5585364007491,-522.6072783627927,-4.838956281136969
16940,84.7,103.70476080409864,-626.3027028439691,-522.5979420398704,-4.838869833702504
16950,84.75,99.89790934037714,-622.4853822451779,-522.5874729048007,-4.838772897266673
16960,84.8,103.82154238291272,-626.4131247695881,-522.5915823866753,-4.838810948024771
16970,84.85000000000001,101.51145953504303,-624.0955153822666,-522.5840558472236,-4.838741257844663
16980,84.9,110.8268360971568,-633.4363070377959,-522.6094709406391,-4.838976582783695
16990,84.95,104.92036596466944,-627.4872399641166,-522.5668739994471,-4.838582166661547
17000,85.0,100.4130256440318,-623.0047648908493,-522.5917392468175,-4.838812400433495
17010,85.05,100.33888596934523,-622.9327084924416,-522.5938225230964,-4.8388316900286705
17020,85.10000000000001,103.91356622074478,-626.4962635462376,-522.5826973254929,-4.838728678939749
17030,85.15,104.30912583968183,-626.9082779163095,-522.5991520766277,-4.838881037746552
17040,85.2,94.0140072462868,-616.5960565409753,-522.5820492946884,-4.8387226786545225
17050,85.25,99.41682456220983,-622.0103276396966,-522.5935030774867,-4.838828732198952
17060,85.3,102.09926624656487,-624.6808764603151,-522.5816102137502,-4.83871861309028
17070,85.35000000000001,99.46876998382503,-622.0510391492259,-522.5822691654008,-4.838724714494452
17080,85.4,102.5645903215329,-625.1547755397505,-522.5901852182176,-4.838798011279793
17090,85.45,97.12944443375495,-619.7183845206905,-522.5889400869355,-4.83878648228644
17100,85.5,92.15435767382424,-614.7231848577559,-522.5688271839316,-4.83860025170307
17110,85.55,103.96316111482706,-626.5602691836554,-522.5971080688283,-4.83886211174841
17120,85.60000000000001,103.22648019148136,-625.8151179952982,-522.5886378038169,-4.838783683368676
17130,85.65,102.7247941871734,-625.3115436320244,-522.586749444851,-4.838766198563435
17140,85.7,96.65239189167292,-619.2144322065004,-522.5620403148275,-4.838537410322477
17150,85.75,97.69651429565722,-620.2837335904463,-522.5872192947891,-4.838770549025825
17160,85.8,98.96444112644869,-621.5534441178085,-522.5890029913597,-4.838787064734812
17170,85.85000000000001,99.66137062125908,-622.2409728765128,-522.5796022552538,-4.83870002088198
17180,85.9,106.70520084310398,-629.3155780415049,-522.6103771984009,-4.838984974059268
17190,85.95,101.39948821261338,-623.9624593509055,-522.5629711382921,-4.838546029058261
17200,86.0,109.62852451767344,-632.2248870355476,-522.5963625178741,-4.838855208498835
17210,86.05,106.74300946675366,-629.3308657407614,-522.5878562740078,-4.838776446981553
17220,86.10000000000001,101.27580814858666,-623.838377222629,-522.5625690740424,-4.838542306241133
17230,86.15,110.68920522677416,-633.3036120996679,-522.6144068728938,-4.839022285860128
17240,86.2,93.39514376040157,-615.9580305442815,-522.56288678388,-4.838545247998889
17250,86.25,104.51045804389669,-627.1286940870981,-522.6182360432014,-4.839057741140754
17260,86.3,103.5047190459199,-626.1088271104148,-522.604108064495,-4.838926926523102
17270,86.35000000000001,100.59106853985018,-623.1962390827138,-522.6051705428636,-4.838936764285774
17280,86.4,101.97250737825827,-624.5611049909595,-522.5885976127013,-4.838783311228716
17290,86.45,106.54827047476334,-629.157029833863,-522.6087593590996,-4.838969994065737
17300,86.5,101.95077301202481,-624.5410266821974,-522.5902536701726,-4.838798645094191
17310,86.55,100.33872336764487,-622.9307981003714,-522.5920747327265,-4.8388155067845044
17320,86.60000000000001,101.58132514228723,-624.1896849913942,-522.6083598491069,-4.838966294899138
17330,86.65,97.49360641601857,-620.0901581717601,-522.5965517557415,-4.83885696070131
17340,86.7,99.94048209441802,-622.5342953819539,-522.5938132875359,-4.838831604514222
17350,86.75,102.47736748084137,-625.0556073886409,-522.5782399077995,-4.8386874065536984
17360,86.8,108.69713372408934,-631.3008592202096,-522.6037254961203,-4.838923384223336
17370,86.85000000000001,101.21729822987118,-623.8099916792108,-522.5926934493397,-4.838821235642034
17380,86.9,98.86742750868308,-621.459153972363,-522.5917264636798,-4.8388122820711095
17390,86.95,99.05441225176725,-621.6313156420204,-522.5769033902532,-4.838675031391233
17400,87.0,103.79678912627666,-626.4123699664967,-522.6155808402201,-4.839033155927964
17410,87.05,104.50440715584462,-627.0938633583504,-522.5894562025057,-4.838791261134312
17420,87.10000000000001,109.25339293389098,-631.8627952359,-522.609402302009,-4.838975947240824
17430,87.15,93.8776082251346,-616.4591776076809,-522.5815693825463,-4.838718235023577
17440,87.2,95.44898516339364,-618.0557738432998,-522.6067886799061,-4.838951747036168
17450,87.25,92.42390486107803,-615.0040450267899,-522.5801401657118,-4.838705001534368
17460,87.3,103.24618924324196,-625.8497153428308,-522.6035260995889,-4.838921537959156
17470,87.35000000000001,112.22085742315288,-634.8207374311293,-522.5998800079764,-4.838887777851633
17480,87.4,102.62293900678408,-625.2104185734819,-522.5874795666978,-4.838772958950905
17490,87.45,105.76673222440822,-628.3799751689447,-522.6132429445365,-4.839011508745709
17500,87.5,103.52328981147087,-626.0997291021135,-522.5764392906426,-4.8386707341726165
17510,87.55,101.01204594914381,-623.6256932496726,-522.6136473005288,-4.839015252782674
17520,87.60000000000001,92.96967471212788,-615.5579037239698,-522.5882290118419,-4.838779898257796
17530,87.65,99.6610537699114,-622.2542446951926,-522.5931909252812,-4.838825841900752
17540,87.7,102.64869321747408,-625.240522902431,-522.591829684957,-4.838813237823676
17550,87.75,95.43464227683882,-618.014511454997,-522.5798691781581,-4.838702492390353
17560,87.8,96.03444457166604,-618.6399020109536,-522.6054574392875,-4.838939420734143
17570,87.85000000000001,102.02106095417538,-624.6187240803245,-522.5976631261491,-4.838867251168047
17580,87.9,99.63481778582454,-622.2392296137043,-522.6044118278797,-4.8389297391470345
17590,87.95,96.62831306939282,-619.2230260435027,-522.5947129741099,-4.8388399349454625
17600,88.0,104.30230954961164,-626.9364207648616,-522.63411121525,-4.839204733474537
17610,88.05,85.99052853309908,-608.5342656099967,-522.5437370768976,-4.8383679358972005
17620,88.10000000000001,101.57574936184497,-624.203065897905,-522.6273165360601,-4.839141819778335
17630,88.15,90.33291986808483,-612.8992328059693,-522.5663129378845,-4.838576971647079
17640,88.2,97.65890436094757,-620.2861613537754,-522.6272569928278,-4.839141268452109
17650,88.25,94.41952483868558,-617.013187974983,-522.5936631362974,-4.838830214224976
17660,88.3,101.0150384347192,-623.6125680290651,-522.5975295943458,-4.838866014762461
17670,88.35000000000001,101.25840994579868,-623.8497852008153,-522.5913752550166,-4.838809030139043
17680,88.4,105.28209276174131,-627.8837608163167,-522.6016680545754,-4.838904333838661
17690,88.45,101.89431010548678,-624.4772271539545,-522.5829170484677,-4.8387307134117385
17700,88.5,103.14946363991373,-625.7443987972354,-522.5949351573216,-4.838841992197422
17710,88.55,99.20929618079022,-621.7953868916331,-522.5860907108429,-4.838760099174471
17720,88.60000000000001,91.97876080351989,-614.5695227651223,-522.5907619616024,-4.838803351496319
17730,88.65,98.05276143186708,-620.6454192071097,-522.5926577752426,-4.838820905326321
17740,88.7,109.25017142036928,-631.8522198996347,-522.6020484792655,-4.838907856289495
17750,88.75,105.3103805199012,-627.9022280280518,-522.5918475081506,-4.838813402853247
17760,88.8,100.58539474405075,-623.1768077990312,-522.5914130549804,-4.8388093801387075
17770,88.85000000000001,100.73670490955165,-623.3203150641293,-522.5836101545776,-4.8387371310609035
17780,88.9,106.15869403247416,-628.7611809904448,-522.6024869579707,-4.838911916277506
17790,88.95,103.90164493575116,-626.5010240312107,-522.5993790954595,-4.838883139772774
17800,89.0,95.71947209333378,-618.2884106433261,-522.5689385499923,-4.8386012828702984
17810,89.05,97.93321298945074,-620.5213909361813,-522.5881779467306,-4.8387794254326915
17820,89.10000000000001,108.986930499511,-631.5965409014954,-522.6096104019844,-4.838977874092448
17830,89.15,100.52547154535137,-623.1408411710005,-522.6153696256491,-4.839031200237492
17840,89.2,95.91644140017135,-618.525004721651,-522.6085633214797,-4.838968178902589
17850,89.25,106.3591400312055,-628.9471109944024,-522.5879709631969,-4.83877750891849
17860,89.3,112.79225833850964,-635.3964742884747,-522.604215949965,-4.838927925462639
17870,89.35000000000001,106.40239638864243,-628.9977909302115,-522.5953945415691,-4.83884624575527
17880,89.4,100.67870189224529,-623.2569921703567,-522.5782902781115,-4.838687872945477
17890,89.45,99.88508319654264,-622.4828269857888,-522.5977437892462,-4.838867998048577
17900,89.5,96.62731964115922,-619.2321125078752,-522.6047928667159,-4.838933267284407
17910,89.55,99.37302080001247,-621.9687634656124,-522.5957426655999,-4.838849469125925
17920,89.60000000000001,96.8289307051893,-619.3894451610012,-522.5605144558119,-4.838523281998259
17930,89.65,101.48475875469597,-624.0773904437266,-522.5926316890307,-4.838820663787321
17940,89.7,94.53376401075927,-617.1217425290805,-522.5879785183213,-4.838777578873345
17950,89.75,95.1765542515045,-617.755188209902,-522.5786339583975,-4.838691055170347
17960,89.8,101.99600411935647,-624.6065688865167,-522.6105647671602,-4.838986710807039
17970,89.85000000000001,90.96951070329135,-613.5650276654119,-522.5955169621205,-4.838847379278894
17980,89.9,90.78799057176198,-613.3602140534548,-522.5722234816928,-4.838631698904563
17990,89.95,103.99109072831274,-626.6009631684705,-522.6098724401577,-4.838980300371831
18000,90.0,96.40477569729484,-618.9910929555738,-522.586317258279,-4.8387621968359165
18010,90.05,105.4462524621829,-628.0567316840253,-522.6104792218424,-4.838985918720763
18020,90.10000000000001,106.66107715630437,-629.2805637026516,-522.6194865463473,-4.839069319873586
18030,90.15,95.74252100169542,-618.3073762271958,-522.5648552255004,-4.838563474310189
18040,90.2,113.29366406805202,-635.8961250490262,-522.6024609809741,-4.8389116757497606
18050,90.25,108.84706753742853,-631.4562279207056,-522.6091603832771,-4.838973707252565
18060,90.3,100.55612709719307,-623.1638087214805,-522.6076816242874,-4.838960015039698
18070,90.35000000000001,92.95522188169777,-615.5194936320368,-522.564271750339,-4.838558071762399
18080,90.4,102.25289042804718,-624.8504407222916,-522.5975502942445,-4.8388662064281895
18090,90.45,108.56912220553276,-631.1700854088574,-522.6009632033247,-4.838897807438191
18100,90.5,101.88137551458765,-624.4744938092148,-522.5931182946272,-4.838825169394696
18110,90.55,102.68643729290794,-625.3034691280728,-522.6170318351649,-4.839046591066341
18120,90.60000000000001,104.99850558086152,-627.5758518308702,-522.5773462500086,-4.838679131944525
18130,90.65,104.9572306576348,-627.5646212387642,-522.6073905811294,-4.838957320195642
18140,90.7,95.23671091734255,-617.822425366803,-522.5857144494605,-4.838756615272782
18150,90.75,99.63493984297448,-622.2389895557193,-522.6040497127448,-4.838926386229118
18160,90.8,100.04702831793956,-622.6474698020987,-522.6004414841592,-4.838892976705178
18170,90.85000000000001,105.68251020437921,-628.284322252431,-522.6018120480518,-4.83890566711159
18180,90.9,106.14214651001446,-628.7332606526749,-522.5911141426604,-4.838806612432041
18190,90.95,103.1945687716986,-625.7755075568487,-522.58093878515,-4.838712396158797
18200,91.0,98.57545520418782,-621.1691943321056,-522.5937391279177,-4.83883091785109
18210,91.05,98.73563473289919,-621.3329725520335,-522.5973378191344,-4.8388642390660594
18220,91.10000000000001,101.43052173583528,-624.0117623146702,-522.5812405788349,-4.838715190544768
18230,91.15,98.6697865576413,-621.2545798864268,-522.5847933287855,-4.8387480863776435
18240,91.2,98.95256099224582,-621.5420126987561,-522.5894517065103,-4.838791219504725
18250,91.25,101.74550632356514,-624.3402312149985,-522.5947248914334,-4.83884004529105
18260,91.3,98.06020256673611,-620.650336214838,-522.590133648102,-4.838797533778722
18270,91.35000000000001,99.25607132950559,-621.832493423144,-522.5764220936384,-4.838670574941096
18280,91.4,108.90893785316395,-631.5208737367748,-522.6119358836108,-4.83899940632973
18290,91.45,100.0516424804269,-622.6237089800082,-522.5720664995813,-4.8386302453664936
18300,91.5,101.929407676487,-624.5169587270258,-522.5875510505388,-4.838773620838322
18310,91.55,97.20664191965865,-619.7864342605244,-522.5797923408658,-4.838701780933942
18320,91.60000000000001,103.87480038429862,-626.4608003036635,-522.5859999193649,-4.8387592585126376
18330,91.65,110.9907784466211,-633.582370879711,-522.5915924330899,-4.838811041047129
18340,91.7,106.66962081620956,-629.2628216227772,-522.5932008065677,-4.838825933394145
18350,91.75,97.74870699848178,-620.324044389389,-522.5753373909072,-4.838660531397289
18360,91.8,98.69563065434146,-621.28030140767,-522.5846707533285,-4.838746951419709
18370,91.85000000000001,100.44492137300246,-623.0279128405529,-522.5829914675504,-4.838731402477318
18380,91.9,108.49082949703342,-631.1037843613727,-522.6129548643394,-4.839008841336476
18390,91.95,99.73123725292842,-622.3022270535174,-522.570989800589,-4.83862027593138
18400,92.0,100.0841809872688,-622.6716472930678,-522.587466305799,-4.8387728361648055
18410,92.05,100.0180462673139,-622.6180476335048,-522.6000013661909,-4.838888901538804
18420,92.10000000000001,97.70266431920183,-620.2807461832568,-522.578081864055,-4.838685943185694
18430,92.15,101.07078343361007,-623.6760954660648,-522.6053120324548,-4.838938074374581
18440,92.2,100.29511292451065,-622.8844587817301,-522.5893458572195,-4.8387902394186995
18450,92.25,100.5386083600792,-623.1331631173035,-522.5945547572244,-4.8388384699742994
18460,92.3,95.29024016111944,-617.8723694392683,-522.5821292781488,-4.838723419242119
18470,92.35000000000001,99.82349580769639,-622.3916499792298,-522.5681541715334,-4.8385940201067905
18480,92.4,111.42789430254876,-634.0326457261795,-522.6047514236307,-4.838932883552136
18490,92.45,105.3011010412182,-627.9020731065392,-522.600972065321,-4.838897889493713
18500,92.5,95.43515789965927,-618.0195212508004,-522.5843633511411,-4.838744105103158
18510,92.55,96.59589404297772,-619.1787484719944,-522.5828544290166,-4.838730133602006
18520,92.60000000000001,101.41867714010527,-624.0262845873216,-522.6076074472163,-4.838959328214965
18530,92.65,106.97714665184537,-629.570525798296,-522.5933791464506,-4.838827584689358
18540,92.7,112.72778163323517,-635.310325777405,-522.5825441441698,-4.8387272605941645
18550,92.75,106.74041271540777,-629.3288826917695,-522.5884699763618,-4.838782129410758
18560,92.8,100.27531997707622,-622.8719414750198,-522.5966214979435,-4.838857606462439
18570,92.85000000000001,103.47741556823264,-626.076899286731,-522.5994837184983,-4.8388841085046135
18580,92.9,100.51420930623607,-623.074289632677,-522.560080326441,-4.838519262281862
18590,92.95,103.8389968825948,-626.4435084865867,-522.6045116039919,-4.838930662999925
18600,93.0,99.47964556705598,-622.060747441043,-522.581101873987,-4.838713906240621
18610,93.05,112.36558117212749,-634.9801078064605,-522.6145266343331,-4.839023394762343
18620,93.10000000000001,108.61797376864165,-631.2210983751439,-522.6031246065023,-4.838917820430577
18630,93.15,95.85745784199271,-618.4317468918636,-522.5742890498708,-4.838650824535841
18640,93.2,99.96881502347514,-622.5983324173451,-522.62951739387,-4.839162198091389
18650,93.25,99.27571619356009,-621.8985384885194,-522.6228222949593,-4.839100206434808
18660,93.3,95.14704426039364,-617.7523403554718,-522.6052960950782,-4.838937926806279
18670,93.35000000000001,89.98051232865146,-612.5448894574839,-522.5643771288325,-4.8385590474891895
18680,93.4,108.8666347853722,-631.4743189539151,-522.607684168543,-4.83896003859762
18690,93.45,114.88516377813043,-637.476647654452,-522.5914838763216,-4.838810035891867
18700,93.5,107.08506595910521,-629.675479347246,-522.5904133881407,-4.838800123964266
18710,93.55,106.46748588054221,-629.0825142657408,-522.6150283851986,-4.83902804060369
18720,93.60000000000001,101.99363735795129,-624.5885129854346,-522.5948756274834,-4.838841440995217
18730,93.65,98.9100591298958,-621.506128792202,-522.5960696623063,-4.838852496873206
18740,93.7,102.12357184172004,-624.7321026305177,-522.6085307887977,-4.838967877674053
18750,93.75,91.34401181356242,-613.9234173813826,-522.5794055678202,-4.838698199702039
18760,93.8,97.82653514135512,-620.4323198529605,-522.6057847116053,-4.8389424510333825
18770,93.85000000000001,107.10044918493176,-629.6984657186341,-522.5980165337023,-4.838870523460207
18780,93.9,99.42239701152252,-621.9998462631567,-522.5774492516341,-4.838680085663278
18790,93.95,99.23987390916999,-621.8288015365176,-522.5889276273476,-4.838786366919885
18800,94.0,105.6460126247706,-628.254430092428,-522.6084174676574,-4.838966828404235
18810,94.05,103.64623654828975,-626.226693282081,-522.5804567337913,-4.83870793272029
18820,94.10000000000001,102.5642203513032,-625.1593401275134,-522.5951197762101,-4.838843701631576
18830,94.15,94.76577902616366,-617.3423227945426,-522.576543768379,-4.838671701559065
18840,94.2,103.6100373031779,-626.2108908468505,-522.6008535436725,-4.838896792071042
18850,94.25,104.18103161830635,-626.7571304844508,-522.5760988661445,-4.838667582093931
18860,94.3,112.22423195738382,-634.8427832661878,-522.618551308804,-4.8390606602667035
18870,94.35000000000001,99.38407493325616,-621.9736395271773,-522.5895645939211,-4.838792264758529
18880,94.4,97.17386130064932,-619.777497094888,-522.6036357942387,-4.838922553650359
18890,94.45,97.71882094217001,-620.3176788233369,-522.5988578811669,-4.838878313714508
18900,94.5,94.7268245085712,-617.3139115095131,-522.5870870009419,-4.838769324082795
18910,94.55,99.67613524857192,-622.2796177593035,-522.6034825107316,-4.8389211343586265
18920,94.60000000000001,105.84203020582233,-628.4346163628633,-522.592586157041,-4.838820242194823
18930,94.65,105.66648948349169,-628.265550205255,-522.5990607217633,-4.838880191868179
18940,94.7,97.5450392714487,-620.1240580530988,-522.5790187816501,-4.838694618348613
18950,94.75,102.99670326712055,-625.608073448254,-522.6113701811335,-4.838994168343828
18960,94.8,99.05633638968223,-621.649551209222,-522.5932148195398,-4.838826063143887
18970,94.85000000000001,99.88721540680618,-622.489526218421,-522.6023108116149,-4.83891028529273
18980,94.9,99.07287799394874,-621.6777699831101,-522.6048919891614,-4.8389341850848275
18990,94.95,108.93016090735911,-631.513806351219,-522.58364544386,-4.838737457813518
19000,95.0,119.01705449668208,-641.6447144336737,-522.6276599369917,-4.83914499941659
19010,95.05,106.68558419906928,-629.2865620243166,-522.6009778252474,-4.838897942826365
19020,95.10000000000001,103.14374079680739,-625.7442481491235,-522.6005073523161,-4.838893586595519
19030,95.15,97.67338122148432,-620.2700418898493,-522.596660668365,-4.838857969151527
19040,95.2,104.23788958784127,-626.8450566510177,-522.6071670631763,-4.8389552505849664
19050,95.25,112.32449539099838,-634.9347931833753,-522.610297792377,-4.8389842388183055
19060,95.3,106.83587635593861,-629.4536736691848,-522.6177973132462,-4.839053678826354
19070,95.35000000000001,91.46562533656565,-614.0453244988098,-522.5796991622442,-4.838700918168928
19080,95.4,104.67294067227212,-627.2880851491187,-522.6151444768466,-4.839029115526357
19090,95.45,107.74825658366115,-630.3338015855611,-522.5855450019,-4.838755046313889
19100,95.5,106.3681840316502,-628.9652988436275,-522.5971148119772,-4.838862174184975
19110,95.55,106.58811670959658,-629.2194972850997,-522.6313805755032,-4.8391794497731775
19120,95.60000000000001,100.52225766561514,-623.1497355671419,-522.6274779015267,-4.839143313903025
19130,95.65,106.21551210786411,-628.823699238744,-522.6081871308799,-4.838964695656295
19140,95.7,106.61573171197581,-629.2152002033778,-522.5994684914019,-4.838883967512981
19150,95.75,102.51658283144873,-625.1252690575235,-522.6086862260747,-4.838969316908099
19160,95.8,102.44786559584745,-625.0477685989893,-522.5999030031418,-4.838887990769831
19170,95.85000000000001,105.77863259481524,-628.3692204695857,-522.5905878747704,-4.838801739581208
19180,95.9,113.89298792187259,-636.4958274919617,-522.6028395700891,-4.838915181204529
19190,95.95,110.47766179704088,-633.0917294068395,-522.6140676097986,-4.839019144535172
19200,96.0,98.51899545613541,-621.1222651558938,-522.6032696997585,-4.838919163886652
19210,96.05,105.84396820584425,-628.4421576521651,-522.5981894463208,-4.838872124502971
19220,96.10000000000001,104.91946656051289,-627.5252703087816,-522.6058037482687,-4.838942627298785
19230,96.15,106.44095747235417,-629.0494365696524,-522.6084790972982,-4.838967399049057
19240,96.2,102.32753379412559,-624.8956761610235,-522.568142366898,-4.838593910804611
19250,96.25,107.21386156712293,-629.8344270847498,-522.6205655176268,-4.839079310348397
19260,96.3,103.30779666660106,-625.9409118524242,-522.633115185823,-4.839195510979843
19270,96.35000000000001,96.6760318046758,-619.277427286731,-522.6013954820553,-4.83890181001903
19280,96.4,98.81926440329097,-621.4205435767311,-522.6012791734402,-4.838900733087409
19290,96.45,102.48428478546417,-625.0879305882676,-522.6036458028034,-4.838922646322254
19300,96.5,99.1910029479424,-621.7905803196032,-522.5995773716609,-4.838884975663526
19310,96.55,96.46109672597748,-619.0539638063157,-522.5928670803382,-4.838822843336465
19320,96.60000000000001,102.48788818644145,-625.0824783442775,-522.5945901578361,-4.838838797757742
19330,96.65,100.7973090785063,-623.3754880947537,-522.5781790162474,-4.838686842743032
19340,96.7,105.09824724847391,-627.6920982695943,-522.5938510211204,-4.838831953899263
19350,96.75,105.42974552756961,-628.0301194004029,-522.6003738728333,-4.838892350674382
19360,96.8,101.34086499391054,-623.9166089896436,-522.5757439957331,-4.838664296256788
19370,96.85000000000001,108.694806498834,-631.302211376876,-522.607404878042,-4.838957452574463
19380,96.9,100.96300941806798,-623.541177525117,-522.578168107049,-4.8386867417319355
19390,96.95,105.57898010479808,-628.180798987605,-522.6018188828069,-4.838905730396361
19400,97.0,101.8453965757244,-624.4251645039293,-522.5797679282049,-4.838701554890786
19410,97.05,98.71571658335908,-621.3026666070433,-522.5869500236843,-4.838768055774854
19420,97.10000000000001,102.79689460931816,-625.411746975108,-522.6148523657898,-4.83902641079435
19430,97.15,88.24964030943755,-610.8101081647495,-522.560467855312,-4.838522850512148
19440,97.2,95.98065535724378,-618.5884940946911,-522.6078387374473,-4.838961469791179
19450,97.25,96.94557269476908,-619.5379146046142,-522.5923419098451,-4.838817980646714
19460,97.3,98.34653947113983,-620.9328902926843,-522.5863508215444,-4.838762507606893
19470,97.35000000000001,101.66161229517911,-624.2712975464664,-522.6096852512873,-4.838978567141549
19480,97.4,97.03494605063747,-619.6460671881247,-522.6111211374872,-4.838991862384141
19490,97.45,93.23911089866208,-615.8468701222519,-522.6077592235898,-4.838960733551757
19500,97.5,90.89759771230156,-613.4697529414863,-522.5721552291847,-4.838631066936895
19510,97.55,106.67769697259492,-629.2871337077003,-522.6094367351053,-4.83897626606579
19520,97.60000000000001,101.56487093549963,-624.1372532219093,-522.5723822864097,-4.838633169318609
19530,97.65,106.32937113298622,-628.9004218744964,-522.5710507415101,-4.838620840199168
19540,97.7,110.10457651630391,-632.7158676402577,-522.6112911239537,-4.838993436332905
19550,97.75,102.43932236905945,-625.0549641948786,-522.6156418258191,-4.839033720609437
19560,97.8,96.88981358642181,-619.4682008472658,-522.578387260844,-4.838688770933741
19570,97.85000000000001,102.62311488952999,-625.2199217389492,-522.5968068494192,-4.838859322679808
19580,97.9,99.6354851166778,-622.2390404146641,-522.6035552979863,-4.838921808314688
19590,97.95,100.87034205668408,-623.4821421340979,-522.6118000774138,-4.838998148864943
19600,98.0,96.1438010163876,-618.7315649399969,-522.5877639236094,-4.838775591885272
19610,98.05,99.65684672003087,-622.2352542809003,-522.5784075608694,-4.838688958896939
19620,98.10000000000001,112.31800244888123,-634.9145635365626,-522.5965610876814,-4.838857047108161
19630,98.15,102.8345796600778,-625.4075420948724,-522.5729624347946,-4.838638541062913
19640,98.2,94.41848818620834,-616.993414829895,-522.5749266436866,-4.838656728182283
19650,98.25,101.8865723957947,-624.5268052018054,-522.6402328060107,-4.839261414870469
19660,98.3,87.66262330007213,-610.2256235328593,-522.5630002327872,-4.838546298451734
19670,98.35000000000001,99.77565863042561,-622.377869880959,-522.6022112505334,-4.838909363430865
19680,98.4,103.09056796977158,-625.6718255534373,-522.5812575836658,-4.838715347996906
19690,98.45,100.36999537873493,-622.9540209204187,-522.5840255416838,-4.838740977237813
19700,98.5,101.3102922449536,-623.9045479333632,-522.5942556884096,-4.838835700818607
19710,98.55,96.58113292675338,-619.1370613587059,-522.5559284319525,-4.838480818814374
19720,98.60000000000001,97.15611906506187,-619.7365166135944,-522.5803975485326,-4.838707384708635
19730,98.65,102.36111339553177,-624.9581427377544,-522.5970293422226,-4.838861382798358
19740,98.7,96.7855590711184,-619.3503905313693,-522.5648314602508,-4.838563254261582
19750,98.75,104.00951326138166,-626.610890329369,-522.6013770679873,-4.838901639518401
19760,98.8,105.42286310937125,-627.9989314011633,-522.576068291792,-4.838667298998074
19770,98.85000000000001,108.38584347194475,-630.9643514893529,-522.5785080174081,-4.838689889050075
19780,98.9,107.94675001298546,-630.5204891635688,-522.5737391505833,-4.838645732875771
19790,98.95,110.7206755248655,-633.312185527192,-522.5915100023265,-4.838810277799319
19800,99.0,105.45726397608054,-628.0369281277291,-522.5796641516486,-4.838700593996746
19810,99.05,103.05824340597299,-625.6454588600452,-522.5872154540722,-4.838770513463631
19820,99.10000000000001,101.32419265544407,-623.9226728449826,-522.5984801895385,-4.838874816569801
19830,99.15,94.25645097029604,-616.852287818511,-522.595836848215,-4.838850341187175
19840,99.2,103.31795278088204,-625.9329779205136,-522.6150251396316,-4.839028010552145
19850,99.25,98.66885002140442,-621.2329426415167,-522.5640926201123,-4.838556413149188
19860,99.3,97.39901548689691,-619.9991970107023,-522.6001815238054,-4.838890569664865
19870,99.35000000000001,98.07728794993359,-620.674266175101,-522.5969782251674,-4.838860909492291
19880,99.4,95.65723934618886,-618.2369373647105,-522.5796980185216,-4.838700907578904
19890,99.45,91.03585676210596,-613.6222033408229,-522.586346578717,-4.838762468321454
19900,99.5,91.14051882678672,-613.7108463364492,-522.5703275096625,-4.838614143607987
19910,99.55,103.31915756348512,-625.9150737611865,-522.5959161977014,-4.838851075904643
19920,99.60000000000001,106.43363320519694,-629.0305554586304,-522.5969222534334,-4.838860391235494
19930,99.65,104.74131489035139,-627.3297916046207,-522.5884767142693,-4.838782191798789
19940,99.7,103.81264459011652,-626.4008615793396,-522.588216989223,-4.83877978693725
19950,99.75,102.22019317771334,-624.8289227089678,-522.6087295312544,-4.8389697178819855
19960,99.8,102.77862902488012,-625.3916705546245,-522.6130415297444,-4.839009643793929
19970,99.85000000000001,100.76666656909373,-623.3383291579088,-522.5716625888151,-4.838626505451992
19980,99.9,107.78436456516815,-630.3908367857892,-522.6064722206211,-4.838948816857602
19990,99.95,93.76153236522084,-616.32724517278,-522.5657128075591,-4.8385714148848065
20000,100.0,102.72085259490943,-625.3378686266632,-522.6170160317538,-4.839046444738461
