step,time,T,P,PE,KE,E_total,E_per_atom,density,virial,min_r,max_f,p_COM
10,0.05,0.5947758398989872,-5.352946501291887,-712.3656898960609,95.46152230378745,-616.9041675922734,-5.712075625854384,0.8442,-1954.6394073064441,1.008382566078045,15.207920071069129,6.188684290385342e-15
20,0.1,0.2940151473929801,-3.186982135404693,-664.0182906427111,47.18943115657331,-616.8288594861378,-5.711378328575351,0.8442,-1025.90597948099,0.9550409384173296,40.43419727176316,1.1186977631614274e-14
30,0.15,0.29010908334604973,-2.9796683636525927,-663.4408667673582,46.562507877040986,-616.8783588903173,-5.711836656391826,0.8442,-945.0743616053112,0.9763800645451748,26.17284944128033,1.29945012767754e-14
40,0.2,0.32077416430725864,-3.1964683705775445,-668.3563242898548,51.48425337131501,-616.8720709185397,-5.711778434430924,0.8442,-1038.2166735222254,0.9740877340429432,31.133660737621764,1.2912312087068358e-14
50,0.25,0.34385870083631176,-3.430454555980559,-672.0554858200492,55.18932148422804,-616.8661643358212,-5.711723743850196,0.8442,-1135.4988637255333,0.9993827036136369,18.847536634219352,1.1769967752707476e-14
60,0.3,0.38347093727779463,-3.753262129311552,-678.4178339560231,61.54708543308604,-616.870748522937,-5.711766190027195,0.8442,-1272.2252607410574,0.9977308980277744,19.55876574991039,1.1619687007758545e-14
70,0.35000000000000003,0.39535533340470286,-3.8239519085234246,-680.3201019253088,63.45453101145481,-616.865570913854,-5.7117182492023515,0.8442,-1303.2062107538452,0.9746737893581094,29.362242440526845,9.513160277149438e-15
80,0.4,0.365257258606149,-3.551897034571494,-675.4903810749221,58.62379000628691,-616.8665910686352,-5.711727695079956,0.8442,-1189.0410500599505,1.010865360316164,14.441195220858168,1.0294138515293655e-14
90,0.45,0.34638958830768024,-3.3340625280024683,-672.4554309736591,55.59552892338268,-616.8599020502764,-5.711665759724782,0.8442,-1099.324063087032,0.9947969327266218,19.849662893566798,1.0757138747576288e-14
100,0.5,0.722,-3.202750585231791,-677.5902794675962,115.881,-561.7092794675963,-5.201011846922188,0.8442,-1170.6249288021627,1.004047569186168,19.165550390126864,1.5061843844936824e-14
110,0.55,0.6372224710634691,-2.6032744959513963,-663.963464922413,102.27420660568679,-561.6892583167262,-5.200826465895613,0.8442,-913.0808984022681,0.9796979632745593,24.753114479806605,1.6885703862105673e-14
120,0.6,0.5335367210908384,-1.891467159532962,-647.3111664248369,85.63264373507957,-561.6785226897573,-5.200727061942197,0.8442,-606.2983986620566,0.9602228881789889,37.09620460068341,1.5024665051093856e-14
130,0.65,0.5758250566768324,-2.2375035492399404,-654.1200708272339,92.4199215966316,-561.7001492306023,-5.200927307690762,0.8442,-752.8069625630404,0.962839930554473,38.70286481890167,1.0949776852971056e-14
140,0.7000000000000001,0.5844922774213961,-2.380393418093787,-655.5036813262215,93.81101052613407,-561.6926708000874,-5.200858062963772,0.8442,-810.4556034780794,0.97122067733914,29.174987683522613,1.0589252267940896e-14
150,0.75,0.5648584841597966,-2.262535271994333,-652.3574560701321,90.65978670764734,-561.6976693624848,-5.200904345948934,0.8442,-758.8608508410616,0.9459329860814991,47.05250539601035,1.5139998670710058e-14
160,0.8,0.5452224294412226,-2.161751606363016,-649.1810398318848,87.50819992531622,-561.6728399065686,-5.200674443579339,0.8442,-713.8184710021433,0.9665957170371885,33.74318470942811,1.897158057450664e-14
170,0.85,0.5627377119696038,-2.2754334743109843,-652.0166227314882,90.3194027711214,-561.6972199603667,-5.20090018481821,0.8442,-763.1239901972756,0.9622105119182315,39.727882179305055,1.9875550450968063e-14
180,0.9,0.5498828695611487,-2.248181101029225,-649.9509793451056,88.25620056456437,-561.6947787805412,-5.200877581301308,0.8442,-748.4996882276896,0.955605191497624,37.81712222155588,1.8774918511603494e-14
190,0.9500000000000001,0.5980378296736247,-2.598996063750941,-657.683005573661,95.98507166261678,-561.6979339110443,-5.2009067954726325,0.8442,-898.7430323828287,0.9712667678629688,35.45992344327804,2.2551742522171432e-14
200,1.0,0.7220000000000003,-2.620137936772472,-660.607645773301,115.88100000000004,-544.7266457733009,-5.043765238641675,0.8442,-947.0209272612728,0.9543852527044372,41.37659023051291,1.529503475356794e-14
210,1.05,0.7120004945506677,-2.531533396671452,-658.9956918330478,114.27607937538217,-544.7196124576656,-5.043700115348755,0.8442,-909.7750806338904,0.9546385018399263,40.87167458265745,1.852210063976631e-14
220,1.1,0.6952166590553231,-2.4313154018218355,-656.305525233431,111.58227377837937,-544.7232514550517,-5.043733809768997,0.8442,-865.8739216158485,0.9764598520823395,27.040562825833756,2.4047543478151317e-14
230,1.1500000000000001,0.6642017946043978,-2.1996998850528926,-651.3267111899748,106.60438803400584,-544.722323155969,-5.04372521440712,0.8442,-766.9321566672036,0.9608062247450967,36.80296731676357,2.2598987826730614e-14
240,1.2,0.6647204106577571,-2.1252928967182694,-651.4120743468704,106.68762591057002,-544.7244484363005,-5.043744892928708,0.8442,-738.5431351763125,0.9823542611991836,27.41919163047231,1.9874620194460183e-14
250,1.25,0.6386486665631137,-1.9586215421733537,-647.2138257590651,102.50311098337974,-544.7107147756853,-5.043617729404494,0.8442,-666.1282060425589,0.9560346736511435,42.982489891554216,2.1290896626270462e-14
260,1.3,0.6424507017655101,-2.0097749121795756,-647.8546918437941,103.11333763336437,-544.7413542104297,-5.043901427874349,0.8442,-686.992488904681,0.9558390036665843,38.449845283343386,2.1863308455429285e-14
270,1.35,0.614112752660729,-1.8736914252864452,-643.2901908648267,98.565096802047,-544.7250940627797,-5.043750870951664,0.8442,-625.582789469863,0.9424197202628946,48.08667852737254,1.7689476708971776e-14
280,1.4000000000000001,0.6443803896909094,-2.0432646011201605,-648.1437201416093,103.42305254539096,-544.7206675962183,-5.043709885150169,0.8442,-700.4708933134172,0.9596845184993987,43.135082931915534,1.9958864401792627e-14
290,1.45,0.6278211991102469,-1.8508482202848753,-645.4867005934083,100.76530245719462,-544.7213981362137,-5.043716649409386,0.8442,-621.2572111935311,0.9677238739870732,31.94586419967286,1.8456435182227042e-14
300,1.5,0.7219999999999998,-1.4479750489821235,-639.3112169753089,115.88099999999996,-523.4302169753089,-4.846576083104712,0.8442,-497.1503093460002,0.9736222432499921,31.988208011369647,2.3380279435614256e-14
310,1.55,0.6712151451175706,-1.1750256502085756,-631.1195999012576,107.73003079137008,-523.3895691098876,-4.8461997139804405,0.8442,-375.9393174744587,0.9191195350026932,73.97293088076576,2.358979420690741e-14
320,1.6,0.6853727440176465,-1.2196808372228525,-633.4089426043015,110.00232541483226,-523.4066171894692,-4.84635756656916,0.8442,-397.6648308242022,0.9660627343552596,36.48544951219807,2.529969056975485e-14
330,1.6500000000000001,0.7191952445498471,-1.432301197781897,-638.8480393421413,115.43083675025045,-523.4172025918908,-4.8464555795545445,0.8442,-490.22601801289966,0.9601746369577958,40.93916673846753,2.3027310896507317e-14
340,1.7,0.7295638648408589,-1.4824628259280226,-640.5398503557943,117.09500030695786,-523.4448500488364,-4.846711574526263,0.8442,-512.8372485699223,0.9759445524956559,26.92514810768448,2.7270585820756987e-14
350,1.75,0.6565437762256808,-1.126632337380106,-628.7955466457125,105.37527608422177,-523.4202705614907,-4.84648398668047,0.8442,-352.6126674947986,0.9509988625171296,41.77545157304668,2.954713671837708e-14
360,1.8,0.674330144110524,-1.305656133434477,-631.6425594184551,108.22998812973911,-523.412571288716,-4.84641269711774,0.8442,-427.08394384468346,0.9730279374140913,30.86524677263618,3.059565978385704e-14
370,1.85,0.7213301526909988,-1.6965424222785581,-639.1779229442644,115.7734895069053,-523.4044334373591,-4.846337346642214,0.8442,-592.332270701377,0.9389215070390383,60.06229488791907,2.8258283994004153e-14
380,1.9000000000000001,0.7928358059616618,-2.167851448008014,-650.7048155363412,127.25014685684671,-523.4546686794945,-4.846802487773097,0.8442,-796.3862956047863,0.9693474938455302,33.18191695739038,2.936728778883788e-14
390,1.95,0.7785203550145882,-2.045086806715654,-648.3811300146457,124.95251697984139,-523.4286130348044,-4.846561231803744,0.8442,-744.6315960381799,0.9496095152634981,46.423439618202515,3.441333221242959e-14
400,2.0,0.7220000000000008,-1.857337053705273,-644.4026029023861,115.88100000000011,-528.521602902386,-4.893718545392463,0.8442,-654.2615265105354,0.9632542889963739,37.164890835082424,3.0104770051969265e-14
410,2.05,0.6872735097458078,-1.5400511848432048,-638.8421639639552,110.30739831420215,-528.534765649753,-4.893840422682898,0.8442,-521.2373155334814,0.9714682404377247,30.612939338216762,3.07788184553749e-14
420,2.1,0.663428651276658,-1.3579184911614786,-635.0189350356901,106.4802985299036,-528.5386365057865,-4.8938762639424676,0.8442,-443.6099079082172,0.9710648315998771,32.057564728435864,3.0995907808897675e-14
430,2.15,0.6905563084750156,-1.546437140910813,-639.3553357984993,110.83428751024,-528.5210482882593,-4.893713410076475,0.8442,-524.7518423050485,0.9665660196642091,31.687447741349015,3.245433951319268e-14
440,2.2,0.7655496820228014,-1.9824391398493546,-651.4266576979235,122.87072396465962,-528.5559337332638,-4.894036423456146,0.8442,-716.3852173152079,0.957701551341538,38.82689497944771,3.544318811944909e-14
450,2.25,0.6472586381583845,-1.2543885940763795,-632.3923319144932,103.88501142442071,-528.5073204900725,-4.893586300834005,0.8442,-398.6365347979439,0.9635173920552164,40.96903125290478,3.599674522208546e-14
460,2.3000000000000003,0.6815272285050422,-1.4515432891783298,-637.9210644999333,109.38512017505927,-528.5359443248741,-4.893851336341426,0.8442,-485.40660523092424,0.9525200063253981,49.62040980476227,3.747401544784951e-14
470,2.35,0.6649869865885712,-1.3247398503883971,-635.2637181842814,106.73041134746569,-528.5333068368157,-4.8938269151557,0.8442,-431.38100185598364,0.9437931632669105,50.971374756038706,3.766546149626048e-14
480,2.4,0.646769302960929,-1.1650902616322751,-632.3324528185841,103.80647312522912,-528.525979693355,-4.8937590712347685,0.8442,-364.2057090853569,0.9666102051920535,30.73154397879494,3.71324480627592e-14
490,2.45,0.7041745874431028,-1.522296918470564,-641.5385501510544,113.020021284618,-528.5185288664364,-4.893690082096634,0.8442,-519.8992605558583,0.9668347405395116,42.51454935996828,3.110895198048238e-14
500,2.5,0.7220000000000002,-1.8406521225121883,-650.1055191083443,115.88100000000003,-534.2245191083443,-4.946523325077262,0.8442,-647.8579281848312,0.9848008307836568,24.08877006096426,3.1380857503664885e-14
510,2.5500000000000003,0.639593668986302,-1.3636595333180348,-636.8442983272232,102.65478387230146,-534.1895144549218,-4.946199207915942,0.8442,-438.0907586955666,0.9732122763101565,33.7009072717605,2.7016043188011817e-14
520,2.6,0.6450400836663831,-1.4908631774378698,-637.7258792048195,103.52893342845448,-534.196945776365,-4.946268016447824,0.8442,-488.67555897423745,0.9631586545657566,35.684893833350145,2.8202505804285003e-14
530,2.65,0.6826182805869121,-1.813928090184835,-643.7768780859423,109.5602340341994,-534.2166440517428,-4.946450407886508,0.8442,-624.8416928456866,0.9686473682363962,36.49121211110907,2.8305081035060772e-14
540,2.7,0.599300624516307,-1.3186964788487217,-630.3632898418534,96.18775023486727,-534.1755396069861,-4.946069811175797,0.8442,-407.7792028960805,0.9306462630650846,65.19957488864654,3.146592453111691e-14
550,2.75,0.6679521331808406,-1.6558743528085784,-641.4328181330037,107.20631737552492,-534.2265007574788,-4.946541673680359,0.8442,-559.4295780845711,0.9799205330640273,29.78096163483771,3.215145307183841e-14
560,2.8000000000000003,0.6650470674677448,-1.560512562798157,-640.9327762817524,106.74005432857304,-534.1927219531793,-4.946228906973882,0.8442,-521.8889291136222,0.9647097258133801,33.7956907962907,3.729589311216769e-14
570,2.85,0.6689504699129664,-1.4306458053714866,-641.5836798627508,107.3665504210311,-534.2171294417197,-4.946454902238146,0.8442,-473.3113791886018,0.9899616760063652,22.375583368825062,3.415755224171513e-14
580,2.9,0.6360571587732612,-1.2869671739427857,-636.2603666669916,102.08717398310841,-534.1731926838831,-4.946048080406325,0.8442,-407.5107616092602,0.9532818545049166,48.87221615260644,3.2286881366812666e-14
590,2.95,0.6979046269398632,-1.7546083486340942,-646.2379097596223,112.01369262384804,-534.2242171357743,-4.946520529034948,0.8442,-607.027830515784,0.9573707581319678,37.42797943064364,3.377086024696424e-14
600,3.0,0.7220000000000002,-1.5277934819395473,-640.113185272967,115.88100000000003,-524.232185272967,-4.854001715490434,0.8442,-527.7842495002355,0.9250128367281467,68.26946626006357,3.596030200612134e-14
610,3.0500000000000003,0.7333152959586854,-1.5444945077708652,-641.9282241415917,117.697105001369,-524.2311191402227,-4.8539918438909515,0.8442,-537.8601807632103,0.9645101847466963,34.28498641976182,3.5046544498552264e-14
620,3.1,0.7388931483921535,-1.5603307107702162,-642.8379755370989,118.59235031694064,-524.2456252201583,-4.854126159445911,0.8442,-545.7452653778441,0.971699588086447,33.406393632465694,3.310959811476178e-14
630,3.15,0.7309126591848758,-1.5457062015142609,-641.5469895441394,117.31148179917257,-524.2355077449668,-4.854032479120063,0.8442,-537.5467688233601,0.9409910740667212,57.45937206849505,3.474590133714902e-14
640,3.2,0.6993591406668734,-1.3755878232589964,-636.4650575183383,112.24714207703319,-524.2179154413051,-4.853869587419491,0.8442,-462.0327932458139,0.9636364621961897,40.15101746696856,3.3857991332591434e-14
650,3.25,0.7033627650576051,-1.4087237790793066,-637.1253336413364,112.88972379174562,-524.2356098495908,-4.854033424533248,0.8442,-476.0473919570587,0.9541812116222969,45.29421894869644,3.417470145088648e-14
660,3.3000000000000003,0.7380311026731889,-1.649511388475251,-642.6909434051723,118.45399197904683,-524.2369514261255,-4.8540458465382,0.8442,-579.6930883365549,0.9658590346185968,39.271256828142924,3.062391031040267e-14
670,3.35,0.7571789470328475,-1.764588769334293,-645.8008509999487,121.52722099877202,-524.2736300011767,-4.854385462973858,0.8442,-630.0631488741749,0.981594424332551,28.018864031866975,3.7429379094532247e-14
680,3.4,0.6861103221527669,-1.3301497346980828,-634.3580222135724,110.12070670551908,-524.2373155080534,-4.854049217667161,0.8442,-440.3012507999845,0.9642175304006434,36.941960183265685,3.482549487813485e-14
690,3.45,0.7361782074526585,-1.6689001634960214,-642.397551045262,118.15660229615169,-524.2409487491103,-4.8540828587880585,0.8442,-586.534071188597,0.9454501610598105,47.454867684883475,3.3904727933997453e-14
700,3.5,0.7220000000000002,-1.8077722414022226,-643.9267680740526,115.88100000000003,-528.0457680740526,-4.889312667352339,0.8442,-635.2387840488102,0.9412323249827839,52.724015275198944,3.8587328126633226e-14
710,3.5500000000000003,0.7694013021248757,-2.028728418162127,-651.5522870720699,123.48890899104255,-528.0633780810274,-4.889475722972476,0.8442,-735.3987501095146,0.9696802248299297,29.606496402152676,3.5636083846822225e-14
720,3.6,0.7492547446540271,-1.8358041206057023,-648.3007966722737,120.25538651697134,-528.0454101553023,-4.889309353289836,0.8442,-654.8278250621869,0.9484531513467391,48.83674819562543,3.587549876119304e-14
730,3.65,0.7049156847141916,-1.528350083335419,-641.1967067903099,113.13896739662776,-528.0577393936821,-4.8894235129044645,0.8442,-522.4625523524458,0.9644914274427614,31.377460817386034,3.622908875431677e-14
740,3.7,0.6835148677998619,-1.4366424184890512,-637.7544555077376,109.70413628187784,-528.0503192258598,-4.88935480764685,0.8442,-480.33171608937516,0.9631842957442592,33.45174892229506,3.627111110163552e-14
750,3.75,0.6997629069355221,-1.5499581414380508,-640.3532184642492,112.3119465631513,-528.0412719010978,-4.889271036121277,0.8442,-529.0861236921861,0.9613784409825624,37.66327855433467,2.848349600475316e-14
760,3.8000000000000003,0.681240139716458,-1.411465732713597,-637.366283528607,109.33904242449151,-528.0272411041155,-4.889141121334403,0.8442,-469.9320102893252,0.9556295211449564,42.21540727767287,3.0850618829273926e-14
770,3.85,0.7481509361922059,-1.802131480067172,-648.1329716228025,120.07822525884903,-528.0547463639535,-4.889395799666237,0.8442,-641.5467896345538,0.9718530585979775,29.384313719075063,3.6451853001344686e-14
780,3.9,0.7273056818123832,-1.7395016966839845,-644.7806890448884,116.7325619308875,-528.0481271140009,-4.889334510314823,0.8442,-610.7559101387882,0.9573964187860703,37.016700426707885,4.162448069165389e-14
790,3.95,0.6669926375513736,-1.3916950534860915,-635.0949511389999,107.05231832699546,-528.0426328120045,-4.88928363714819,0.8442,-457.7279256412471,0.9600476041304937,40.02845008889772,4.486417286779025e-14
800,4.0,0.7220000000000003,-1.4559110904539052,-637.216114867297,115.88100000000006,-521.335114867297,-4.827176989512009,0.8442,-500.1961248362365,0.9226670000356749,71.35769194196934,4.421911826966107e-14
810,4.05,0.7413753817045075,-1.5932621413301322,-640.3297426044616,118.99074876357345,-521.3389938408881,-4.827212905934148,0.8442,-559.1884375441489,0.9628664636282812,38.682276469510356,4.9418020996810827e-14
820,4.1,0.7498905417397478,-1.647282415906985,-641.7068086772862,120.35743194922952,-521.3493767280567,-4.827309043778302,0.8442,-582.6800773781542,0.9542075958315445,41.88833184042176,4.970912011303359e-14
830,4.15,0.7624413660097792,-1.796364716283883,-643.6973580184178,122.37183924456956,-521.3255187738483,-4.827088136794892,0.8442,-643.9636320063387,0.9644233088554609,42.03321121062483,4.785924947840292e-14
840,4.2,0.7430103109207044,-1.7115584576022036,-640.5924803731622,119.25315490277305,-521.3393254703891,-4.827215976577677,0.8442,-605.1197258873243,0.9560320176861133,38.0740171638589,4.792075486677619e-14
850,4.25,0.7165824217156781,-1.480336728512491,-636.3545103839577,115.01147868536634,-521.3430316985914,-4.827250293505476,0.8442,-507.8152747824476,0.949940327301343,42.233788114587604,4.8465067956454075e-14
860,4.3,0.675862720011274,-1.1288248720522587,-629.8075573265066,108.47596656180949,-521.3315907646971,-4.82714435893238,0.8442,-359.71348980369226,0.973204626862626,32.658861231407045,5.197724181408794e-14
870,4.3500000000000005,0.7275976273439352,-1.4077316014295356,-638.1399694394526,116.7794191887016,-521.360550250751,-4.827412502321768,0.8442,-483.5186942099858,0.944618158336549,49.3847584879667,5.289373862434764e-14
880,4.4,0.7496243026244787,-1.5671038120604406,-641.66531926566,120.31470057122883,-521.3506186944311,-4.827320543466954,0.8442,-551.8216438528284,0.9640135938724762,34.11207578149297,5.251038025651315e-14
890,4.45,0.7241553747336433,-1.4575914666647671,-637.5562162665261,116.22693764474975,-521.3292786217763,-4.827122950201633,0.8442,-501.5393867573039,0.9601896710638861,39.911723092564024,5.824297735578287e-14
900,4.5,0.7219999999999994,-1.5257461997729453,-638.9858535451199,115.8809999999999,-523.10485354512,-4.843563458751111,0.8442,-526.9985122081492,0.9532939055581624,44.398300352553235,5.738599336196597e-14
910,4.55,0.6815727989060605,-1.3143389479376635,-632.4638258017785,109.3924342244227,-523.0713915773558,-4.843253625716257,0.8442,-432.76298747514,0.9639169684858053,39.88339559445325,5.747997439686174e-14
920,4.6000000000000005,0.7591480007558866,-1.830072623088709,-644.945726651861,121.8432541213198,-523.1024725305413,-4.843541412319826,0.8442,-655.8335181776567,0.9638946647897214,38.45090842104396,5.3760078131199996e-14
930,4.65,0.7369104196584245,-1.6533590930914372,-641.3741238389541,118.27412235517714,-523.100001483777,-4.843518532257194,0.8442,-580.8067180225293,0.9519732875689779,42.18388750333963,4.985658574286882e-14
940,4.7,0.699466334057056,-1.2720374622518706,-635.3457852751189,112.2643466161575,-523.0814386589615,-4.843346654249643,0.8442,-422.32538108699924,0.9613894969755967,37.191849200862045,5.61614478909586e-14
950,4.75,0.6891825331851605,-1.0886959002380172,-633.7024057572772,110.61379657621826,-523.0886091810589,-4.843413047972768,0.8442,-348.6277981279728,0.935553788005753,54.16809230260589,5.4012002489055506e-14
960,4.8,0.6627505455575702,-0.8588795406920791,-629.458121909305,106.37146256199001,-523.0866593473149,-4.84339499395662,0.8442,-251.86139337273409,0.9613055841457439,43.95294039341547,4.8209623187749566e-14
970,4.8500000000000005,0.7132024240433376,-1.1877235847870469,-637.5645021425947,114.46898905895567,-523.095513083639,-4.843476972996658,0.8442,-394.4166035737521,0.9658808699297529,31.506103109955234,5.258640825191315e-14
980,4.9,0.7276618512251434,-1.3205472994265066,-639.8824499905409,116.78972712163551,-523.0927228689054,-4.84345113767505,0.8442,-450.07857660560984,0.9704173231809492,33.08191134966561,5.734667327611837e-14
990,4.95,0.702631923656607,-1.172791972034053,-635.8384877838906,112.77242374688542,-523.0660640370052,-4.843204296638937,0.8442,-385.26107851553274,0.9417823786551756,49.21278978331475,5.355306916773722e-14
1000,5.0,0.722,-1.6537914078478204,-646.7616090112963,115.881,-530.8806090112963,-4.91556119454904,0.8442,-576.1416624287838,0.9768834724143074,34.690321474266895,3.718577536922058e-15
1010,5.05,0.7144507112213704,-1.6947553907307569,-645.536031462895,114.66933915102994,-530.8666923118651,-4.915432336220973,0.8442,-589.4174773398352,0.9471909082640837,52.34184010454351,1.0395602503531689e-14
1020,5.1000000000000005,0.7041962854658216,-1.6319178014761047,-643.8963925465556,113.02350381726436,-530.8728887292913,-4.9154897104564,0.8442,-561.9782713996485,0.9673298784092988,37.89673511571754,9.556950438430676e-15
1030,5.15,0.6793462342557263,-1.4521529986288626,-639.9338249127952,109.03507059804407,-530.8987543147512,-4.9157292066180664,0.8442,-484.93396672121605,0.9727247752665756,30.644797281549607,6.63602452622439e-15
1040,5.2,0.6762936000174421,-1.428415130168783,-639.4237810810724,108.54512280279945,-530.878658278273,-4.915543132206231,0.8442,-474.8344306633759,0.9568849702112009,42.7050663699265,3.8636120163593794e-15
1050,5.25,0.7252426087009805,-1.7607687922891082,-647.2925905840743,116.40143869650736,-530.8911518875669,-4.915658813773768,0.8442,-618.2496859835769,0.9591686953098598,39.36497158230119,4.016031340300579e-15
1060,5.3,0.6855396739440095,-1.5854662207418966,-640.8947911609336,110.02911766801353,-530.86567349292,-4.915422902712222,0.8442,-538.1056304773331,0.9825073810082178,25.671831752060207,3.60408580779089e-15
1070,5.3500000000000005,0.7149284431430825,-1.7624868673784584,-645.6356592649199,114.74601512446473,-530.8896441404552,-4.915644853152362,0.8442,-615.5672855029097,0.9748597311844112,27.157068120152886,5.576319813133673e-15
1080,5.4,0.672627204383773,-1.4855778872323526,-638.8383903135749,107.95666630359557,-530.8817240099793,-4.9155715186109195,0.8442,-495.58531649820037,0.9667934938233665,34.276604024378884,9.21025450825063e-15
1090,5.45,0.6706746334594822,-1.4421924344361825,-638.540239477696,107.64327867024689,-530.8969608074491,-4.915712600068973,0.8442,-478.30155024941115,0.9794598996738031,28.703536166753764,1.2194469871996146e-14
1100,5.5,0.7219999999999999,-1.3042504050647081,-635.8076766510928,115.88099999999999,-519.9266766510929,-4.814135894917526,0.8442,-441.9894651985914,0.962411322077618,38.710195002113,1.4702394586433727e-14
1110,5.55,0.7374161816509462,-1.4630857712072878,-638.2846751121541,118.35529715497687,-519.9293779571773,-4.8141609070109,0.8442,-507.94457650907236,0.9492109610704111,42.60765642186699,1.4678002862885988e-14
1120,5.6000000000000005,0.792778175213004,-1.8874574240395674,-647.1887559915696,127.24089712168714,-519.9478588698825,-4.814332026572986,0.8442,-688.753712124267,0.9714996851448365,32.166398621417976,1.6229584827041372e-14
1130,5.65,0.7376643719995467,-1.5666797768063971,-638.30987022181,118.39513170592724,-519.9147385158827,-4.814025356628544,0.8442,-547.7838835889265,0.9459115764179505,52.16538451835112,1.064041766486287e-14
1140,5.7,0.6913723111871717,-1.1397336495595922,-630.891888313151,110.96525594554106,-519.92663236761,-4.814135484885277,0.8442,-368.9253349807599,0.9575625459588882,39.779755076976606,1.568199847234775e-14
1150,5.75,0.7064484052239645,-1.1228201796227881,-633.3304859831796,113.3849690384463,-519.9455169447333,-4.814310342080864,0.8442,-367.31867902517376,0.9758522197185051,29.55936763607653,1.93638459635676e-14
1160,5.8,0.6781182847730264,-0.9759939031986784,-628.7556641155887,108.83798470607074,-519.917679409518,-4.8140525871251665,0.8442,-301.78848384482734,0.936076326319753,61.70709614179431,1.8344650808193027e-14
1170,5.8500000000000005,0.7114671604359214,-1.2263964369739977,-634.116373691627,114.19047924996538,-519.9258944416616,-4.814128652237607,0.8442,-408.69683742646555,0.9593154625031003,42.25382437115683,2.4532537657185683e-14
1180,5.9,0.7600529695072976,-1.5732699225203968,-641.9580142724636,121.98850160592127,-519.9695126665424,-4.8145325246902075,0.8442,-557.5670561932073,0.9902489202945031,23.774440842079997,2.654123290062216e-14
1190,5.95,0.682813834702207,-1.161220290525296,-629.5057866412775,109.59162046970422,-519.9141661715732,-4.814020057144197,0.8442,-374.39886061205493,0.9341689088595594,58.470202332892015,2.8074281100770846e-14
1200,6.0,0.7220000000000004,-1.4688117311516065,-640.1750296054068,115.88100000000007,-524.2940296054068,-4.854574348198211,0.8442,-505.1473302212818,0.9544230783481104,43.979425085928,3.09102451105748e-14
1210,6.05,0.7295233306508315,-1.4275970423046869,-641.3762011459964,117.08849456945846,-524.287706576538,-4.854515801634611,0.8442,-491.76688510386634,0.9578274306331809,36.3624940793955,2.491139837328129e-14
1220,6.1000000000000005,0.6866366809657117,-1.158532421754451,-634.4811451683958,110.20518729499673,-524.275957873399,-4.854407017346286,0.8442,-374.60587137551977,0.9701993469357388,30.811087301168264,2.9818118584074764e-14
1230,6.15,0.6893585072298076,-1.1231549208903133,-634.9514129246626,110.64204041038413,-524.3093725142785,-4.854716412169245,0.8442,-361.91002420332836,0.9696388732472561,36.33561491114014,3.1151068923738243e-14
1240,6.2,0.7116899152575794,-1.2051970688139824,-638.5298507795535,114.22623139884149,-524.303619380712,-4.854663142414,0.8442,-400.6327919315341,0.9701055342409693,31.885144439260298,2.900976860388739e-14
1250,6.25,0.6810975735426213,-1.0689624341340827,-633.5932888025976,109.31616055359072,-524.2771282490069,-4.854417854157471,0.8442,-338.4346594794656,0.9402076597666782,54.04658497219742,2.5234138452124662e-14
1260,6.3,0.6632184359802231,-0.9992580794859786,-630.730305605725,106.4465589748258,-524.2837466308991,-4.854479135471288,0.8442,-305.8896145666926,0.9665301505851389,37.05087320892049,3.038544730458457e-14
1270,6.3500000000000005,0.702072349159321,-1.2785853184395906,-636.9894631779731,112.68261204007102,-524.3068511379021,-4.854693066091686,0.8442,-425.6827664700896,0.9721628836156998,26.124942407148705,2.746148770252258e-14
1280,6.4,0.662961864029834,-1.0550056927666187,-630.69357670544,106.40537917678836,-524.2881975286516,-4.854520347487515,0.8442,-327.2021577292127,0.9648885284495787,34.43534558230323,2.90221408778601e-14
1290,6.45,0.642746191969072,-0.8403351180487892,-627.4497542640672,103.16076381103606,-524.2889904530311,-4.854527689379918,0.8442,-238.26272038832897,0.9511792468349332,43.550363331467096,2.6116920034337997e-14
1300,6.5,0.721999999999999,-0.9233375926899745,-632.9779130371145,115.88099999999984,-517.0969130371146,-4.787934379973284,0.8442,-295.7969146070089,0.9674684479643838,36.15867088200169,3.10609105012426e-14
1310,6.55,0.7004686649692674,-0.8373019271857985,-629.5023665630625,112.42522072756742,-517.0771458354951,-4.787751350328659,0.8442,-255.80067721536386,0.9654280729542899,38.414350682138654,3.0991732057327134e-14
1320,6.6000000000000005,0.6919983408802027,-0.8436502772302484,-628.1592052549535,111.06573371127254,-517.093471543681,-4.787902514293342,0.8442,-255.4927591785261,0.9498226490469506,48.40602334342406,3.101896373653377e-14
1330,6.65,0.7189480858198455,-1.084661076079063,-632.4838898544124,115.3911677740852,-517.0927220803271,-4.787895574817844,0.8442,-356.7232905960846,0.9641362407363592,33.36340779127084,2.8278726365333677e-14
1340,6.7,0.725540966794098,-1.2234963743555998,-633.5241667783736,116.44932517045272,-517.0748416079208,-4.787730014888155,0.8442,-412.14372025727886,0.9418840125762972,57.49728743080462,2.966934718886643e-14
1350,6.75,0.7333056989584373,-1.278853242597166,-634.7772307733836,117.6955646828292,-517.0816660905544,-4.7877932045421705,0.8442,-435.90519983989356,0.9665877287844076,39.33706146191789,3.290856300248121e-14
1360,6.8,0.7186065307958489,-1.1999603819600178,-632.4113128388182,115.33634819273375,-517.0749646460844,-4.787731154130411,0.8442,-400.8639595157978,0.93747377091755,65.50752985345972,2.9434522946062235e-14
1370,6.8500000000000005,0.7119998835872142,-1.1063642589191418,-631.342796745213,114.27598131574788,-517.0668154294651,-4.7876556984209735,0.8442,-362.8016528407594,0.949734029106764,47.10275330199684,2.95019704505899e-14
1380,6.9,0.7061263106590729,-1.0023122042418442,-630.4130017204471,113.33327286078121,-517.0797288596659,-4.7877752672191285,0.8442,-320.9639247175564,0.9358002216566016,56.08278538934407,2.5968437530882064e-14
1390,6.95,0.7110322595258193,-1.0296184520777953,-631.2100240819599,114.12067765389399,-517.0893464280659,-4.7878643187783885,0.8442,-333.0334619808113,0.9578940664731056,38.219466124214506,2.7237201271240263e-14
1400,7.0,0.7220000000000003,-1.2223912973538886,-634.6516514890162,115.88100000000004,-518.7706514890161,-4.803431958231631,0.8442,-410.57232364646467,0.9348672891772574,62.998485037755806,2.873145862978633e-14
1410,7.05,0.7406464810791229,-1.3551028994330148,-637.6629848098792,118.87376021319922,-518.7892245966799,-4.8036039314507395,0.8442,-467.5478738662981,0.9628192045684902,40.56123815699811,2.6026620959163476e-14
1420,7.1000000000000005,0.7327907884783366,-1.3233817702854234,-636.3986535134203,117.61292155077302,-518.7857319626473,-4.803571592246734,0.8442,-452.82820889527125,0.9584642691397858,36.40542689092708,2.3335292835790417e-14
1430,7.15,0.7479439635892813,-1.3864416710388021,-638.8245296266806,120.04500615607964,-518.7795234706009,-4.803514106209268,0.8442,-481.93993173699175,0.9687191478901022,32.332282012426546,2.5071689960610404e-14
1440,7.2,0.7398409810075215,-1.2559729308230914,-637.5247319291258,118.7444774517072,-518.7802544774186,-4.803520874790912,0.8442,-429.24127489259547,0.9721331678484794,27.7461030856065,2.952932373307682e-14
1450,7.25,0.6920436368730509,-0.9526772616974498,-629.8465990834517,111.07300371812468,-518.773595365327,-4.80345921634562,0.8442,-297.3514802915015,0.964213825590659,38.88347315550579,2.8890981178106337e-14
1460,7.3,0.7130605480848117,-1.1292856398723392,-633.2503892761338,114.44621796761227,-518.8041713085215,-4.803742326930755,0.8442,-371.94242662748104,0.9624065363833573,35.89686512330177,2.82402854673099e-14
1470,7.3500000000000005,0.6506042246937307,-0.7827188064435195,-623.1915496137361,104.42197806334377,-518.7695715503924,-4.803421958799929,0.8442,-218.6958528654285,0.944359600563485,54.223223424641134,2.919659646755215e-14
1480,7.4,0.7094760272613041,-1.1097025570000731,-632.6724298931339,113.87090237543931,-518.8015275176946,-4.803717847386061,0.8442,-363.26514653523196,0.9620543281440348,35.23461016326521,3.013459366711817e-14
1490,7.45,0.713739703312787,-1.105787401448649,-633.3557581396168,114.55522238170232,-518.8005357579145,-4.803708664425135,0.8442,-363.14395924061114,0.9746456952107958,32.15920062015239,3.3360101249793585e-14
1500,7.5,0.7219999999999995,-0.5801559522557677,-621.5299073736668,115.88099999999993,-505.6489073736669,-4.681934327533953,0.8442,-164.08541081562907,0.9444538591847961,55.67609904387132,3.596561652921346e-14
1510,7.55,0.8110557828938493,-1.1224485787846201,-635.8287796849525,130.1744531544628,-505.65432653048964,-4.6819845049119415,0.8442,-401.0688507316446,0.9795018796906143,26.552054495714604,3.824683071298723e-14
1520,7.6000000000000005,0.8470849562827348,-1.3093522865838623,-641.6160219307384,135.95713548337895,-505.65888644735946,-4.682026726364439,0.8442,-484.47506922918205,0.9651521694817102,36.8773522816356,3.801326464657084e-14
1530,7.65,0.7952423781648051,-0.970094031303395,-633.2830586996641,127.63640169545123,-505.6466570042129,-4.681913490779749,0.8442,-337.4723469456592,0.9350748459049092,55.311434427069955,4.054081884044711e-14
1540,7.7,0.7881960458325317,-0.8949841349147398,-632.1796741843227,126.50546535612133,-505.67420882820136,-4.682168600261123,0.8442,-306.3625093639089,0.9496850961571834,48.92558790897263,4.293831111839382e-14
1550,7.75,0.7562756090465653,-0.708907319417504,-627.0354570085505,121.38223525197374,-505.6532217565767,-4.681974275523858,0.8442,-224.6048789124147,0.9557578967416125,43.74624179322058,4.6433676103247395e-14
1560,7.8,0.7803030584968844,-0.8551424801379172,-630.899886572422,125.23864088874994,-505.66124568367206,-4.682048571145112,0.8442,-288.51414125430614,0.9813885012846996,28.63539368010602,4.101838376699214e-14
1570,7.8500000000000005,0.7711440540949063,-0.8928853036983646,-629.4201072343163,123.76862068223245,-505.6514865520839,-4.681958208815591,0.8442,-300.03214246533713,0.9538846386575746,41.91378052888243,4.4099137791937103e-14
1580,7.9,0.8220032761574109,-1.327188939553158,-637.6114525641618,131.93152582326445,-505.6799267408974,-4.682221543897198,0.8442,-483.1942286094582,0.9628147480342715,39.899414994024355,4.300542609642618e-14
1590,7.95,0.7855719155656063,-1.1473994219450165,-631.7393444293153,126.08429244827983,-505.6550519810355,-4.6819912220466255,0.8442,-402.38809428205155,0.9495321158518233,49.14831621633047,3.958314880335644e-14
1600,8.0,0.7220000000000003,-1.0762621057050792,-631.1743759059076,115.88100000000004,-515.2933759059075,-4.771234962091736,0.8442,-354.48862535907506,0.9545997342397139,39.95881802479636,3.5888249061230915e-14
1610,8.05,0.7016351898786615,-0.9215088438912019,-627.8939933461563,112.61244797552516,-515.2815453706312,-4.7711254200984365,0.8442,-288.4968509170792,0.9588770521153595,35.85581419130236,3.2808968873850177e-14
1620,8.1,0.7405134067538692,-1.1784442278707354,-634.1574489558074,118.85240178399602,-515.3050471718113,-4.771343029368624,0.8442,-399.7039883153844,0.9782221990031424,30.02089876940571,3.699625622093446e-14
1630,8.15,0.7311735374261072,-1.1971791566513845,-632.6177949349238,117.35335275689022,-515.2644421780336,-4.770967057204015,0.8442,-403.8682484368074,0.9730204729287301,29.10363768526804,4.0527857146366546e-14
1640,8.2,0.7931689791202425,-1.5989203232879068,-642.6103378131074,127.30362114879892,-515.3067166643085,-4.771358487632487,0.8442,-578.1411468006625,0.9720060290265016,31.42782450089523,4.30421529686994e-14
1650,8.25,0.8304179223629429,-1.864019142832663,-648.608351676359,133.28207653925233,-515.3262751371067,-4.77153958460284,0.8442,-691.9534878186664,0.9606163916779631,39.517486898101595,4.0184284273482265e-14
1660,8.3,0.7843235201706252,-1.582535243576062,-641.1751911494122,125.88392498738536,-515.2912661620268,-4.771215427426174,0.8442,-568.9867013672294,0.9603170778342021,37.624273982744675,4.4758961718333535e-14
1670,8.35,0.7910720266596144,-1.5947808686715186,-642.2590186054086,126.9670602788681,-515.2919583265406,-4.771221836356857,0.8442,-575.8730309391335,0.9548004119952705,48.15631297119618,3.169017079532692e-14
1680,8.4,0.7712825530290858,-1.4178612961837715,-639.0786988916499,123.79084976116827,-515.2878491304816,-4.7711837882452,0.8442,-501.5603394619585,0.9461551832380672,47.60714930545479,3.447921788057229e-14
1690,8.45,0.7520891171556412,-1.22756268846071,-636.025876423471,120.71030330348042,-515.3155731199906,-4.771440491851765,0.8442,-422.3059532535658,0.9580716128070019,47.823477634152496,3.451352258122363e-14
1700,8.5,0.7220000000000008,-0.7505244888654943,-623.289539607017,115.88100000000011,-507.4085396070169,-4.69822721858349,0.8442,-229.47205599633477,0.9547300458188598,44.793719676521,3.71336409729904e-14
1710,8.55,0.7913036719017278,-1.242127325837528,-634.4645154231913,127.00423934022731,-507.460276082964,-4.6987062600274445,0.8442,-440.6013084962599,0.9703921706865145,34.06710745232207,3.9324273493944035e-14
1720,8.6,0.7424166344584768,-1.028836961127468,-626.5665131014716,119.15786983058553,-507.4086432708861,-4.698228178434131,0.8442,-342.902066898099,0.9301156353379398,59.81668551585121,3.0779481724417445e-14
1730,8.65,0.7733113178596741,-1.127583708740962,-631.5626536488237,124.11646651647769,-507.44618713234604,-4.6985758067809815,0.8442,-390.8104828497861,0.9555249880591843,38.09703399853026,3.854418094873153e-14
1740,8.700000000000001,0.7617565223285908,-0.9819313725089497,-629.6951218453747,122.26192183373882,-507.4332000116359,-4.698455555663295,0.8442,-331.16604568244395,0.9565965768460292,47.51782846772772,3.909140044134781e-14
1750,8.75,0.75907548634521,-1.0100044626562692,-629.2359061920814,121.83161555840621,-507.4042906336752,-4.698187876237733,0.8442,-341.0717103362326,0.959955683097186,37.24459699763718,3.6376803021286395e-14
1760,8.8,0.8210392720854156,-1.4190837328404657,-639.2290690064755,131.7768031697092,-507.4522658367663,-4.698632091081169,0.8442,-518.1506818908042,0.97967334270677,27.644983741952956,3.5417550089667643e-14
1770,8.85,0.7670446927430893,-1.1217330831382466,-630.523209975083,123.11067318526584,-507.4125367898171,-4.698264229535344,0.8442,-386.5346536499897,0.9455453890158323,52.778849603653775,3.982963784383976e-14
1780,8.9,0.7952716649374163,-1.2065224682635036,-635.0634367613056,127.64110222245532,-507.42233453885035,-4.698354949433799,0.8442,-428.22196091930186,0.9516883799111258,46.45543601153131,4.784392254238898e-14
1790,8.950000000000001,0.8112004510023327,-1.2224331742252972,-637.6506856746723,130.1976723858744,-507.45301328879793,-4.698639011933314,0.8442,-439.4893419180296,0.9736914611701815,29.569344100812287,4.4924746335109296e-14
1800,9.0,0.7220000000000002,-1.3740535538245267,-637.4701693583773,115.88100000000003,-521.5891693583774,-4.829529345910902,0.8442,-468.77958625779695,0.9384110657547178,56.09632473338086,4.328403484016908e-14
1810,9.05,0.7842271235383326,-1.78124519048565,-647.4698892257154,125.86845332790237,-521.6014358978131,-4.82964292497975,0.8442,-645.2194143673769,0.9707640929050724,32.07046691262241,4.228317585070822e-14
1820,9.1,0.6995103708826511,-1.196953487254497,-633.85582812321,112.2714145266655,-521.5844135965446,-4.829485311079116,0.8442,-393.5227716207793,0.9548693674749757,41.98473733175357,4.7682754117885065e-14
1830,9.15,0.6614756903417163,-0.931617630792303,-627.7700935802158,106.16684829984546,-521.6032452803703,-4.829659678521947,0.8442,-279.36487806113496,0.9589363600485143,40.513276040937,4.6580967913018737e-14
1840,9.200000000000001,0.7001485042994193,-1.1974637232601544,-633.9817587241872,112.37383494005681,-521.6079237841304,-4.829702998001208,0.8442,-393.9253530333524,0.9553163786553305,39.42963387379898,4.5304207811783386e-14
1850,9.25,0.7187173428170884,-1.3516030542834332,-636.9690069209352,115.35413352214269,-521.6148733987925,-4.829767346285116,0.8442,-459.09960891817354,0.97538651356804,29.306431981925407,4.467182077301392e-14
1860,9.3,0.7222863574323913,-1.4083606222698168,-637.5290880881438,115.92696036789881,-521.602127720245,-4.829649330743009,0.8442,-482.03925800651473,0.9492396383270566,43.001461839853526,4.6352575796632684e-14
1870,9.35,0.7571128670647688,-1.6225101776031097,-643.1179596951787,121.5166151638954,-521.6013445312833,-4.829642078993364,0.8442,-575.5126419248309,0.9312925460555586,65.28588458232686,4.433454531784577e-14
1880,9.4,0.7719253949233426,-1.6405224348845164,-645.5184942478095,123.89402588519648,-521.624468362613,-4.829856188542713,0.8442,-587.2249208031478,0.9689789249582047,38.78423990563598,5.039434266799517e-14
1890,9.450000000000001,0.7264747982641648,-1.4031295333025253,-638.1783566728373,116.59920512139846,-521.5791515514388,-4.829436588439249,0.8442,-481.38864542852,0.93146439365717,62.232158710594014,5.0026120061214635e-14
1900,9.5,0.7219999999999994,-1.6891394790382075,-644.1351671119106,115.8809999999999,-528.2541671119108,-4.891242288073248,0.8442,-589.7080863398064,0.9543582669748882,48.758287907615205,4.827147860821619e-14
1910,9.55,0.6962574589814217,-1.5147443486469803,-639.9832993159745,111.74932216651817,-528.2339771494563,-4.891055343976448,0.8442,-514.435470063815,0.9442483347051962,53.062885726818436,5.302295016165756e-14
1920,9.6,0.7067323539593601,-1.576948007002906,-641.6720591347276,113.43054281047729,-528.2415163242504,-4.891125151150466,0.8442,-541.7028083267879,0.9317199660878712,57.34301052935801,5.793151827669516e-14
1930,9.65,0.7116596995568832,-1.5767468464574448,-642.4589932449505,114.22138177887976,-528.2376114660708,-4.8910889950562115,0.8442,-543.2220638266476,0.9500867515822965,48.23955932673536,5.95727767588034e-14
1940,9.700000000000001,0.698963908734752,-1.5301325256333431,-640.4241110568919,112.1837073519277,-528.2404037049641,-4.891114849120038,0.8442,-521.218269927914,0.9431562898377059,56.937565626129555,6.138442204219754e-14
1950,9.75,0.7620982495279983,-1.9136662037529542,-650.5908501906702,122.31676904924373,-528.2740811414264,-4.8914266772354305,0.8442,-688.8722229153523,0.9721133814328661,32.98782903803787,5.575233843603052e-14
1960,9.8,0.7004856821903758,-1.5399679312030363,-640.6460284949945,112.42795199155532,-528.2180765034392,-4.890908115772585,0.8442,-525.4861070489536,0.9300398080626432,66.693766003027,5.974383782889963e-14
1970,9.85,0.692164688961707,-1.4696452100229522,-639.3374698394388,111.09243257835398,-528.2450372610848,-4.891157752417452,0.8442,-495.8005747259882,0.9584443308338041,40.34532414494835,5.926867672332316e-14
1980,9.9,0.667700619246472,-1.2968109987465803,-635.413668915575,107.16594938905875,-528.2477195265163,-4.891182588208484,0.8442,-421.5412565865528,0.9670615822221825,36.288487753369246,6.496789981811189e-14
1990,9.950000000000001,0.7092275547374804,-1.5784566596740337,-642.0628873961956,113.8310225353656,-528.23186486083,-4.891035785748426,0.8442,-543.0902671972422,0.9579513567938918,40.53704762881704,6.511249810124847e-14
2000,10.0,0.7220000000000003,-1.9753854399106467,-651.9437712938137,115.88100000000004,-536.0627712938136,-4.963544178646423,0.8442,-699.5679433910626,0.9804275496633328,24.88442012106399,1.1683745737483647e-14
2010,10.05,0.6574341204691853,-1.600668413434749,-641.5430994648759,105.51817633530423,-536.0249231295717,-4.963193732681219,0.8442,-534.8339613960816,0.9463615336668341,55.18802787266804,9.13383027825583e-15
2020,10.1,0.673781444924754,-1.743570689821395,-644.1954490248173,108.14192191042302,-536.0535271143943,-4.96345858439254,0.8442,-594.975717866373,0.9575655584358451,38.410617208288606,9.83230248118192e-15
2030,10.15,0.656232512697993,-1.7101945894600923,-641.40053455091,105.32531828802787,-536.0752162628821,-4.963659409841501,0.8442,-576.4802730678992,0.9471434520761143,48.40740866172272,1.1420333794690602e-14
2040,10.200000000000001,0.7001011934655024,-1.9366503401705146,-648.4442295558506,112.36624155121312,-536.0779880046375,-4.963685074117014,0.8442,-677.6063804934508,0.9626726088734923,33.532317384896665,1.2862134089176141e-14
2050,10.25,0.644570395133719,-1.5178368139627647,-639.4814363626891,103.4535484189619,-536.0278879437273,-4.963221184664142,0.8442,-498.8757350591237,0.9307469329791522,72.37503290719671,1.5657644460446676e-14
2060,10.3,0.6607156933972049,-1.581145766552177,-642.1065212648024,106.04486879025139,-536.061652474551,-4.963533819208806,0.8442,-528.4044907286769,0.9715057169965557,32.82174381372731,9.397137812445236e-15
2070,10.35,0.6660973066702658,-1.681267228001551,-642.9623278277379,106.90861772057767,-536.0537101071602,-4.963460278770002,0.8442,-568.5742806805074,0.9671195209184072,31.975240905141785,9.235154262395338e-15
2080,10.4,0.6580305245791325,-1.6411318389437255,-641.6719670627123,105.61389919495076,-536.0580678677616,-4.9635006284052,0.8442,-550.5568692309364,0.9604651103006745,38.313825324910745,1.482150986416859e-14
2090,10.450000000000001,0.6980422584766037,-1.86805476368554,-648.1033386806397,112.0357824854949,-536.0675561951448,-4.963588483288378,0.8442,-650.6126250724092,0.9481578300802104,48.21451383775398,1.578675070366066e-14
2100,10.5,0.7219999999999995,-1.7962446190553547,-646.6696001344397,115.88099999999993,-530.7886001344398,-4.914709260504072,0.8442,-630.8145366662169,0.9623822742100032,34.14026444641193,1.633273539494052e-14
2110,10.55,0.7151176472257983,-1.750288627571433,-645.5858967278119,114.77638237974062,-530.8095143480713,-4.91490291063029,0.8442,-610.9469604076615,0.9688968563411235,32.26976809490937,1.8683935331930578e-14
2120,10.6,0.7031678240353914,-1.7244626866665747,-643.640763363111,112.85843575768031,-530.7823276054306,-4.914651181531765,0.8442,-597.1633427198237,0.9648143252624382,32.22932587435618,2.0579538074859637e-14
2130,10.65,0.7345000759708084,-1.9083173755133722,-648.6999533402324,117.88726219331474,-530.8126911469176,-4.914932325434422,0.8442,-677.8775594949234,0.9514063173791024,41.976083136651035,2.4756044174769293e-14
2140,10.700000000000001,0.6620031364264061,-1.4332107065718387,-637.0379782005551,106.25150339643818,-530.786474804117,-4.914689581519602,0.8442,-472.04484018813196,0.9698431764496647,31.56000864881472,2.6668703302091057e-14
2150,10.75,0.6377721635124927,-1.2437484044550642,-633.1657183748299,102.36243224375508,-530.8032861310749,-4.914845241954397,0.8442,-391.47926214735133,0.9649744862403621,38.788834569101,2.3145237874413306e-14
2160,10.8,0.6972594358950583,-1.6674137832067757,-642.7232856384117,111.91013946115686,-530.8131461772548,-4.914936538678285,0.8442,-573.3539234212815,0.967601150502261,37.321363671648996,2.271003192819058e-14
2170,10.85,0.7021544867136261,-1.7741498526668367,-643.4982891118838,112.69579511753699,-530.8024939943468,-4.914837907355063,0.8442,-615.9047226643461,0.9770497003968186,28.612772546444926,2.1647231624406963e-14
2180,10.9,0.7098093329088855,-1.840019447617769,-644.7351533926367,113.92439793187611,-530.8107554607606,-4.91491440241445,0.8442,-643.6653343906032,0.9538969883063354,46.43456944886656,2.2531541595369434e-14
2190,10.950000000000001,0.690095336218836,-1.7191396676651127,-641.5219965457027,110.76030146312318,-530.7616950825795,-4.914460139653515,0.8442,-590.8849069438841,0.9284908883580649,69.44926264991342,2.3347042823820648e-14
2200,11.0,0.7219999999999992,-1.994387193916606,-649.2796966142554,115.88099999999987,-533.3986966142555,-4.938876820502366,0.8442,-706.8607274445221,0.9453390148799827,52.45316366027563,1.9453716245041747e-14
2210,11.05,0.6864580064907455,-1.7069777320134452,-643.5693811884184,110.17651004176466,-533.3928711466538,-4.9388228809875345,0.8442,-585.0387182584643,0.9620792585508735,33.95679629413141,1.8578517507411392e-14
2220,11.1,0.6132889390486214,-1.2097766335559454,-631.8061380843985,98.43287471730373,-533.3732633670948,-4.9386413274731,0.8442,-370.5084911058303,0.9452533835129758,47.19332710885566,1.7104394585371545e-14
2230,11.15,0.6656872455086082,-1.5581117362308918,-640.2348826568909,106.84280290413162,-533.3920797527593,-4.93881555326629,0.8442,-521.1749208242186,0.963158258640485,32.99979256490755,1.8471142679327267e-14
2240,11.200000000000001,0.708686112678954,-1.844972757317636,-647.142674350392,113.74412108497211,-533.3985532654199,-4.938875493198332,0.8442,-645.202468063773,0.9678913199525293,38.11141155790157,1.9538032716143794e-14
2250,11.25,0.6429084549328958,-1.4287460040548403,-636.5671633069534,103.18680701672979,-533.3803562902236,-4.938707002687256,0.8442,-464.144631501378,0.9547268119812115,43.76498879566762,2.6094324971718147e-14
2260,11.3,0.6741716504967343,-1.6507577176825312,-641.596091815593,108.20454990472587,-533.3915419108671,-4.9388105732487695,0.8442,-559.4809611348173,0.979227782366933,26.56256431737193,2.4539398045907984e-14
2270,11.35,0.6773620191987251,-1.7001197987302321,-642.1078344076859,108.71660408139537,-533.3912303262905,-4.938807688206394,0.8442,-579.4595757511623,0.9525267504013337,42.68527954947646,2.2117972212701235e-14
2280,11.4,0.6368389142746406,-1.456470639879084,-635.5978726751999,102.21264574107981,-533.3852269341202,-4.938752101241853,0.8442,-472.8186855058515,0.9394332494116988,59.7748665858853,2.36948911742541e-14
2290,11.450000000000001,0.6914176671438729,-1.7173673620535994,-644.39753508527,110.9725355765916,-533.4249995086784,-4.939120365821096,0.8442,-590.6331395834843,0.952734925494409,46.8490116547049,3.303419080436679e-14
2300,11.5,0.7219999999999999,-1.709545753072086,-644.0518611863439,115.88099999999997,-528.1708611863439,-4.890470936910592,0.8442,-597.5399185916149,0.961853300012845,32.985738714122846,3.651427418088881e-14
2310,11.55,0.6680818300583872,-1.4593583514518533,-635.3485841380467,107.22713372437114,-528.1214504136756,-4.890013429756255,0.8442,-484.0496803756456,0.9663801830918559,34.40989351552119,3.2215795107106044e-14
2320,11.6,0.700152817007816,-1.638921711547904,-640.5437144536899,112.37452712975447,-528.1691873239354,-4.890455438184587,0.8442,-563.3562554506489,0.9586627989884214,39.165609268818834,3.312025283799416e-14
2330,11.65,0.688443741839371,-1.5163382049739311,-638.6482483602496,110.49522056521904,-528.1530277950305,-4.890305812916949,0.8442,-512.5155402915628,0.9664343136183822,34.61809252383307,3.4054586971864845e-14
2340,11.700000000000001,0.7097599053453972,-1.5636212167742678,-642.0627344984088,113.91646480793626,-528.1462696904725,-4.890243237874746,0.8442,-537.5689753998407,0.9718329721709239,29.702160922000193,3.168164917236135e-14
2350,11.75,0.7349453521871618,-1.680543627649901,-646.1072269214188,117.95872902603948,-528.1484978953794,-4.890263869401661,0.8442,-590.6033330073059,0.9560296077262762,38.43466045433,3.579062910884627e-14
2360,11.8,0.6990104706550847,-1.4744535208073155,-640.33758824206,112.19118054014109,-528.1464077019189,-4.890244515758508,0.8442,-499.86401511870525,0.9533826005485393,47.13167311047192,3.709855599409708e-14
2370,11.85,0.6825007373982238,-1.4552351983175336,-637.6774399792339,109.54136835241492,-528.136071626819,-4.890148811359435,0.8442,-487.1389595218176,0.9560771809591676,41.90382696593225,2.9669762629936634e-14
2380,11.9,0.768457679788866,-2.0409913007958242,-651.5037891096272,123.33745760611299,-528.1663315035141,-4.8904289954029085,0.8442,-739.7994533043436,0.9499368634626536,45.4288702454962,2.7233976725390733e-14
2390,11.950000000000001,0.7500086213034319,-1.9228395056223069,-648.5246767503778,120.37638371920082,-528.148293031177,-4.890261972510898,0.8442,-688.4758535976364,0.9611472668844602,36.27351092929794,3.150060969497067e-14
2400,12.0,0.7219999999999992,-1.536625049101379,-640.8064954452279,115.88099999999987,-524.9254954452281,-4.860421254122482,0.8442,-531.1737635495523,0.9473359944234401,54.83265566366405,2.613280028715438e-14
2410,12.05,0.7032463127391918,-1.342824979390633,-637.8149018761928,112.87103319464029,-524.9438686815525,-4.860591376681042,0.8442,-450.71801120554903,0.9783237449724597,30.89613639299231,2.884791210277621e-14
2420,12.1,0.6611820292761931,-1.1328281397821667,-631.0499391935724,106.11971569882898,-524.9302234947435,-4.860465032358736,0.8442,-356.4933813816101,0.9519026811858863,46.73652133986309,3.093087124860826e-14
2430,12.15,0.6664740077106535,-1.221203983550199,-631.8965355383644,106.96907823755988,-524.9274573008046,-4.860439419451894,0.8442,-392.12621667634926,0.9402377794605786,61.941880891917734,3.04026826742219e-14
2440,12.200000000000001,0.7209929789801075,-1.5525940575385044,-640.6496533580955,115.71937312630726,-524.9302802317883,-4.860465557701743,0.8442,-536.9763192693474,0.9513774790471952,43.487475907735934,3.2169322803277e-14
2450,12.25,0.790339984768732,-1.9301723148456182,-651.7947549376764,126.8495675553815,-524.945187382295,-4.8606035868731015,0.8442,-704.3575131433275,0.9928312193831641,20.70081808993884,3.3118976429353934e-14
2460,12.3,0.75814609833724,-1.6924409667801417,-646.6058561123233,121.68244878312703,-524.9234073291963,-4.86040191971478,0.8442,-602.6865177097037,0.9561032296999937,38.081682709194126,3.1545576235551926e-14
2470,12.35,0.7038737865001701,-1.3087218555719013,-637.8790211621223,112.9717427332773,-524.907278428845,-4.860252578044861,0.8442,-437.8326937544862,0.9285889874603569,70.60547245575388,3.316172244123169e-14
2480,12.4,0.6863814223769708,-1.1924291731132304,-635.0938408926353,110.1642182915038,-524.9296226011315,-4.860459468528996,0.8442,-387.5325817603163,0.9506064831658354,47.38297694675228,2.674422187109745e-14
2490,12.450000000000001,0.6871159315116023,-1.2818581151171595,-635.2137760106649,110.28210700761217,-524.9316690030528,-4.860478416694933,0.8442,-422.0929711649417,0.9533844765429156,45.642420517536586,3.162694254052379e-14
2500,12.5,0.722,-1.4714022635536446,-638.4519530451531,115.881,-522.5709530451531,-4.83861993560327,0.8442,-506.14156440543275,0.9482640414613217,45.95953050564972,3.474937378936383e-14
2510,12.55,0.7356942608704015,-1.549032313017102,-640.6709248700155,118.07892886969944,-522.591996000316,-4.838814777780704,0.8442,-540.372553762032,0.9701013042509339,35.61237581770443,3.6069609293380266e-14
2520,12.6,0.7251808361863472,-1.4894353803667468,-638.9747246168629,116.39152420790873,-522.5832004089541,-4.838733337119946,0.8442,-514.0931809723645,0.9617666231324474,36.25264446218128,3.4564953405625245e-14
2530,12.65,0.7479890549115451,-1.6139005678656029,-642.6422299826949,120.05224331330298,-522.5899866693919,-4.83879617286474,0.8442,-569.2521989561603,0.9692676596204559,32.09298977205597,2.5575162754998442e-14
2540,12.700000000000001,0.7122816593487995,-1.3857762401970883,-636.8835358303951,114.32120632548232,-522.5623295049128,-4.838540088008451,0.8442,-470.1299559274499,0.9609996584656265,33.85948588068735,3.208640579783415e-14
2550,12.75,0.7401293416694618,-1.5065521555551595,-641.3719356555699,118.79075933794861,-522.5811763176213,-4.8387145955335304,0.8442,-525.5058347742972,0.9650790303437449,40.00614125175943,3.573849131206692e-14
2560,12.8,0.7160613940714863,-1.3317376398842065,-637.4918553702281,114.92785374847355,-522.5640016217545,-4.838555570571801,0.8442,-450.61482866348797,0.9628736526750413,33.92606978811951,3.428110252034491e-14
2570,12.85,0.7300701354013625,-1.33286564119574,-639.7732127970527,117.17625673191867,-522.596956065134,-4.838860704306796,0.8442,-455.5865824664703,0.9492448225647852,49.92078805118227,3.464167154748355e-14
2580,12.9,0.7133840165592371,-1.204196923935823,-637.0888629356997,114.49813465775756,-522.5907282779422,-4.838803039610576,0.8442,-400.79782984054486,0.9648628651327398,38.12902897816357,3.033246337705827e-14
2590,12.950000000000001,0.710596533587904,-1.2642136583314443,-636.6307608081546,114.05074364085858,-522.580017167296,-4.8387038626601475,0.8442,-422.9288264904806,0.9532636399015575,49.56978394361152,2.934314413339779e-14
2600,13.0,0.7219999999999994,-1.235728711206642,-634.083452991204,115.88099999999991,-518.2024529912042,-4.798170861029668,0.8442,-415.6911605195893,0.9666656373228621,35.529351101152294,3.289502954675661e-14
2610,13.05,0.7396875133156875,-1.3870060030523637,-636.9451766879762,118.71984588716785,-518.2253308008084,-4.798382692600078,0.8442,-479.48142982796594,0.9671916768968581,35.4844712777216,2.8036827291435523e-14
2620,13.1,0.725037674228134,-1.358158762180204,-634.5746755828828,116.36854671361552,-518.2061288692673,-4.79820489693766,0.8442,-463.6634462344115,0.9640437801926554,37.90261376614147,2.514405460740257e-14
2630,13.15,0.7366052344249092,-1.4185714735177974,-636.4461889437977,118.22514012519792,-518.2210488185997,-4.798343044616664,0.8442,-490.59745096368226,0.9660257203702183,34.391709005208405,2.5403979534329896e-14
2640,13.200000000000001,0.7609655800710818,-1.5035238331702439,-640.3459252097801,122.13497560140863,-518.2109496083715,-4.798249533410847,0.8442,-531.0945200904416,0.9609159178474951,31.663647373423082,2.8249862247390395e-14
2650,13.25,0.7743488143848682,-1.498721444986359,-642.4832087373615,124.28298470877135,-518.2002240285901,-4.798150222486946,0.8442,-533.5875539503274,0.9588454248306064,46.94999157894569,2.9130927822774226e-14
2660,13.3,0.7347617165088018,-1.126210576178618,-636.1717763952779,117.9292554996627,-518.2425208956151,-4.798541860144585,0.8442,-377.7934101758095,0.9633178345468157,37.55289379041123,3.18822777103572e-14
2670,13.35,0.6593452691959072,-0.668582405891637,-624.0266148716795,105.8249157059431,-518.2016991657364,-4.798163881164226,0.8442,-177.72293614695064,0.9495542400458724,42.97538451136189,3.196232594322205e-14
2680,13.4,0.6932263979448692,-0.9020756519158528,-629.472424892025,111.2628368701515,-518.2095880218734,-4.798236926128458,0.8442,-278.3140344082217,0.9348021459265289,62.66920343849718,3.0359119151811154e-14
2690,13.450000000000001,0.6620822405365242,-0.7220868680197289,-624.465345905095,106.26419960611213,-518.2011462989828,-4.798158762027619,0.8442,-199.14447644565286,0.9465453500939519,54.173287779217446,3.408449172063033e-14
2700,13.5,0.722,-0.9116899640625485,-630.0635916198984,115.881,-514.1825916198984,-4.760949922406467,0.8442,-291.32660937686705,0.9645590053665571,35.919745746341235,3.743114910582337e-14
2710,13.55,0.7975205071913687,-1.4209250716312698,-642.2233832270272,128.00204140421468,-514.2213418228125,-4.761308720581598,0.8442,-511.2372992556335,0.950965782929031,45.5370751241916,3.72777116834361e-14
2720,13.6,0.72392252331395,-1.025019652673138,-630.3789256925375,116.18956499188899,-514.1893607006484,-4.761012599080078,0.8442,-335.4449098088515,0.9374833662426069,57.303133732474286,3.987988483789516e-14
2730,13.65,0.7436063390194713,-1.1650035660901112,-633.5442045963391,119.34881741262514,-514.1953871837139,-4.761068399849203,0.8442,-395.54763542591616,0.9452671948065536,59.37836931513417,4.2674005701775036e-14
2740,13.700000000000001,0.7605712619309427,-1.2928856445734729,-636.2568313134994,122.07168753991631,-514.1851437735831,-4.760973553459103,0.8442,-450.12481229785794,0.9452991174738439,46.315266824767406,4.19104780290562e-14
2750,13.75,0.7407308861728892,-1.1505836054588157,-633.0622322096604,118.88730723074872,-514.1749249789116,-4.760878934989922,0.8442,-389.0816754549388,0.9413524590150055,48.726433313898724,4.180590462445222e-14
2760,13.8,0.729330650269916,-1.1008086796382641,-631.225897240132,117.05756936832151,-514.1683278718104,-4.760817850664911,0.8442,-366.2846159782405,0.9667539425807095,33.48249050950555,4.170141074444324e-14
2770,13.85,0.794293022654518,-1.5383328265115246,-641.686813208984,127.48403013605012,-514.2027830729338,-4.761136880304942,0.8442,-555.252139848734,0.959485487876513,37.79110446582732,4.3134593497677566e-14
2780,13.9,0.8096166841583335,-1.6843496462350405,-644.1266753861582,129.94347780741253,-514.1831975787456,-4.760955533136534,0.8442,-616.25757664555,0.9599193892543715,41.24189109182086,3.884765392522915e-14
2790,13.950000000000001,0.7721563662507798,-1.437018307079581,-638.0889105465877,123.93109678325015,-514.1578137633376,-4.7607204978086815,0.8442,-509.1958258652879,0.9264337882965095,73.47723726244439,4.3398718237281093e-14
2800,14.0,0.722,-1.4876324064097783,-640.5757113965645,115.881,-524.6947113965646,-4.858284364783005,0.8442,-512.3706171007506,0.9662800727435865,37.200209968454914,4.271939259932441e-14
2810,14.05,0.7107278784984573,-1.3861178177872864,-638.7519704595057,114.0718244990024,-524.6801459605033,-4.8581494996342895,0.8442,-469.75762680877403,0.9448784939563032,46.75724282211216,4.0554647837955245e-14
2820,14.1,0.7436521195683408,-1.6140354693884682,-644.0511018160482,119.3561651907187,-524.6949366253295,-4.858286450234533,0.8442,-567.8988064766374,0.948783608139817,46.63647216830265,4.355168222057396e-14
2830,14.15,0.7208732453629868,-1.5487105611138192,-640.3817803645887,115.70015588075938,-524.6816244838294,-4.858163189665087,0.8442,-535.4470578664336,0.949687203250201,50.80779201519363,4.380182479097073e-14
2840,14.200000000000001,0.71702706216267,-1.562403827670799,-639.7798685705662,115.08284347710854,-524.6970250934577,-4.858305787902386,0.8442,-539.456305981293,0.9483592021402697,43.13627278676324,4.143412206106726e-14
2850,14.25,0.7105560686917194,-1.5305497028423187,-638.7427654678169,114.04424902502096,-524.698516442796,-4.858319596692555,0.8442,-525.1342404098683,0.9740470859313475,30.511191837552918,4.755173365389781e-14
2860,14.3,0.7084323584093609,-1.5141615872947922,-638.4229725293526,113.70339352470243,-524.7195790046502,-4.858514620413428,0.8442,-518.1564764051329,0.9473353475714495,47.168514952902406,4.3828121454123007e-14
2870,14.35,0.684629728980885,-1.4294664837518098,-634.5770744353588,109.88307150143204,-524.6940029339268,-4.858277804943766,0.8442,-477.93884102097456,0.966351808981443,36.78777980469412,4.5272543009864966e-14
2880,14.4,0.7264109929793622,-1.736393568023792,-641.2804488813264,116.58896437318762,-524.6914845081387,-4.858254486186469,0.8442,-609.2731457568156,0.9493322433742274,50.582551802173214,4.5922050703705666e-14
2890,14.450000000000001,0.7229104789471438,-1.6401224113684014,-640.7173926642143,116.02713187101658,-524.6902607931978,-4.8582431554925725,0.8442,-571.1905608778173,0.9500499231974169,49.43800937160297,5.0216609787914516e-14
2900,14.5,0.722,-1.362887861612772,-635.4571786987032,115.881,-519.5761786987032,-4.810890543506511,0.8442,-464.49424596330675,0.9607480337120967,35.3689544359232,5.496921502903663e-14
2910,14.55,0.7368585565243413,-1.4377429814459202,-637.8431840343757,118.26579832215678,-519.5773857122189,-4.810901719557582,0.8442,-498.03746213639727,0.9554460542070219,39.71123846262513,5.561747123020252e-14
2920,14.6,0.7601082278886072,-1.5455679588068532,-641.594429677578,121.99737057612145,-519.5970591014566,-4.811083880569043,0.8442,-546.9530761807392,0.9707226097800654,33.59096106564972,4.870185364971589e-14
2930,14.65,0.702231934131548,-1.168921237041194,-632.2894843733692,112.70822542811347,-519.5812589452557,-4.810937582826442,0.8442,-383.6459119761202,0.9576578248635537,36.827640473985994,5.008004277980591e-14
2940,14.700000000000001,0.6859517152762338,-1.039804052442367,-629.6444289695766,110.09525030183552,-519.549178667741,-4.810640543219824,0.8442,-328.8165512849326,0.9651066692362903,37.24381926121103,5.2977651092779444e-14
2950,14.75,0.8148397363342564,-1.8704335920535802,-650.3878566730524,130.78177768164815,-519.6060789914043,-4.811167398068558,0.8442,-689.3679910672593,0.9828939172685642,26.31666714230936,5.186741086144083e-14
2960,14.8,0.750446664273782,-1.5383997435689927,-640.0160445595814,120.44668961594202,-519.5693549436394,-4.810827360589253,0.8442,-541.0716021861352,0.9598830319590418,39.33347933349945,5.4529528090629e-14
2970,14.85,0.7150062553625423,-1.2192973978230017,-634.3282434595934,114.75850398568804,-519.5697394739054,-4.81083092105468,0.8442,-407.11892625693537,0.9578364874963472,41.24762971182392,5.2306713305349634e-14
2980,14.9,0.7370213348504958,-1.3265890811861292,-637.863378785524,118.29192424350458,-519.5714545420194,-4.8108468013149945,0.8442,-455.4298567985865,0.965304606090823,36.230629263741385,6.1789378652567e-14
2990,14.950000000000001,0.7353850819639329,-1.320372018351362,-637.617608441869,118.02930565521123,-519.5883027866578,-4.811002803580164,0.8442,-452.5136313105512,0.974480028539017,31.737545694171555,5.896078717114379e-14
3000,15.0,0.722,-1.158005994447694,-634.2413942351465,115.881,-518.3603942351465,-4.79963327995506,0.8442,-385.8615464116777,0.9712695764852224,32.89711465234688,3.962442589946573e-15
3010,15.05,0.7349902579587643,-1.251218263027478,-636.3028307198464,117.96593640238167,-518.3368943174647,-4.7994156881246735,0.8442,-425.84482142818746,0.960758175079525,38.63279639538366,7.065634129108877e-15
3020,15.1,0.764819772631093,-1.4301483477724979,-641.0964066451525,122.75357350729043,-518.342833137862,-4.799470677202426,0.8442,-504.18211137627276,0.9688211192190183,31.884100951770886,5.237499917317066e-15
3030,15.15,0.7438722090158437,-1.353660819844512,-637.736163739233,119.39148954704292,-518.34467419219,-4.79948772400176,0.8442,-468.0395463362806,0.962887619504919,38.55584016963617,5.759391665682685e-15
3040,15.200000000000001,0.7204009388674303,-1.3090245933124756,-633.9533768233799,115.62435068822256,-518.3290261351574,-4.799342834584791,0.8442,-443.3036804462191,0.9323561643473026,63.22979445347732,3.570261522203509e-15
3050,15.25,0.7473439391831355,-1.4365841433229192,-638.310970052176,119.94870223889325,-518.3622678132828,-4.799650627900767,0.8442,-500.98996948215336,0.9620903723313141,37.29720792215218,1.6590777789236517e-15
3060,15.3,0.6321601972869912,-0.6240942113290318,-619.783579260793,101.46171166456209,-518.3218675962308,-4.799276551816952,0.8442,-151.84061246196092,0.9536227000134152,40.04428528696108,3.527033696576492e-15
3070,15.35,0.6371796390575675,-0.5881453852978442,-620.6057817732107,102.26733206873958,-518.338449704471,-4.799430089856213,0.8442,-139.66992079474542,0.9409120579895189,48.290661035820534,3.2580896357342793e-15
3080,15.4,0.6988505613091291,-1.0126511378024672,-630.504089555622,112.16551509011524,-518.3385744655068,-4.799431245050989,0.8442,-322.5746161305459,0.9666668397927133,32.84059191789192,5.354812357498152e-15
3090,15.450000000000001,0.7774246774109127,-1.553680454569192,-643.1236820417065,124.77666072445149,-518.347021317255,-4.79950945664125,0.8442,-555.6771436452007,0.9548587220623564,41.22240082191492,5.7691551311195e-15
3100,15.5,0.7220000000000001,-1.5705401283577047,-640.3387887447574,115.88100000000001,-524.4577887447574,-4.856090636525532,0.8442,-544.1902118782064,0.9743271272868076,28.700042404979918,6.959125978279272e-15
3110,15.55,0.7248987493425275,-1.5841790099287942,-640.8362856754817,116.34624926947566,-524.4900364060061,-4.8563892259815375,0.8442,-550.3639454344733,0.9600123163954054,41.055590985924674,4.6257812371663175e-15
3120,15.6,0.7006649391033603,-1.4381664542673498,-636.921648441146,112.45672272608932,-524.4649257150567,-4.856156719583858,0.8442,-486.4732569744245,0.9596967402115282,45.84801290636217,5.195559074876495e-15
3130,15.65,0.7149967946348169,-1.5071407938269155,-639.2290229835625,114.75698553888812,-524.4720374446744,-4.85622256893217,0.8442,-517.5888061425692,0.9658476488144426,34.82783901134692,6.9012663441370375e-15
3140,15.700000000000001,0.7386090047546788,-1.6438078226037915,-643.0483060065452,118.54674526312596,-524.5015607434193,-4.856495932809438,0.8442,-577.6913267839582,0.9626872454342168,41.40382656801215,1.1682163181672949e-14
3150,15.75,0.6689511601674927,-1.2318006431069166,-631.8353126769344,107.36666120688258,-524.4686514700519,-4.8561912173152955,0.8442,-396.9957623030884,0.9573177161989677,36.77838463027306,1.226796442210798e-14
3160,15.8,0.7548448283207772,-1.7075884928505318,-645.6603017151152,121.15259494548474,-524.5077067696304,-4.856552840459541,0.8442,-607.4304556756922,0.9702521725644404,32.49314860629405,1.5944388449579774e-14
3170,15.85,0.7233369299273585,-1.4891583345637616,-640.5880764728437,116.09557725334105,-524.4924992195026,-4.856412029810209,0.8442,-513.3894264648416,0.9528450851304273,47.9987468692903,1.7192691655952013e-14
3180,15.9,0.6812148828247503,-1.1940003966840886,-633.829676284676,109.33498869337242,-524.4946875913035,-4.8564322925120695,0.8442,-386.4616511815471,0.9478935883821502,45.41393382543621,1.9130337954786086e-14
3190,15.950000000000001,0.6975744892435,-1.3047902582829445,-636.4364140080946,111.96070552358175,-524.4757084845129,-4.856256560041786,0.8442,-434.282792846284,0.9722194373176974,32.26987032370773,2.4032995018885526e-14
3200,16.0,0.7219999999999991,-1.4028882430599734,-638.1883417548453,115.88099999999986,-522.3073417548454,-4.836179090322643,0.8442,-479.84620472769086,0.9694707081467194,33.3901008028358,2.2728495006559733e-14
3210,16.05,0.7451214018336728,-1.55502930298164,-641.9071257399372,119.59198499430448,-522.3151407456328,-4.836251303200304,0.8442,-545.7285640516518,0.9619307494610201,38.478709712287696,1.4118840092473987e-14
3220,16.1,0.7307916354193622,-1.4766230543199756,-639.6021641965401,117.29205748480763,-522.3101067117325,-4.8362046917753005,0.8442,-510.9937692875738,0.947117953158956,57.985419943205905,2.003377759761333e-14
3230,16.15,0.7218423734439916,-1.4792768868014292,-638.1930456988674,115.85570093776064,-522.3373447611068,-4.836456895936174,0.8442,-509.11273686525453,0.9698962368042068,36.08296123711449,1.9075492614473572e-14
3240,16.2,0.6767912654510244,-1.2296674279310313,-630.9676909679856,108.62499810488941,-522.3426928630962,-4.836506415399039,0.8442,-398.7172384370009,0.9459577472697084,46.893614837866465,2.1881764244455535e-14
3250,16.25,0.6258896542255019,-0.862408657557247,-622.7512005611059,100.45528950319306,-522.2959110579128,-4.83607325053623,0.8442,-241.27292307950268,0.9368901853076879,56.531547452416945,2.5700464047155557e-14
3260,16.3,0.7533455016822361,-1.6254168550941641,-643.2492558708419,120.9119530199989,-522.337302850843,-4.836456507878176,0.8442,-575.4075847272225,0.968094655592579,37.58107955819758,2.5444536976826716e-14
3270,16.35,0.7507723700603367,-1.6668346786957833,-642.8165141482935,120.49896539468405,-522.3175487536095,-4.8362735995704575,0.8442,-590.4698564959946,0.9250000870495642,86.42906660574857,2.3757136804634002e-14
3280,16.4,0.7472824848122728,-1.6098566049576242,-642.2839987828067,119.93883881236978,-522.345159970437,-4.836529258985528,0.8442,-567.4712162494627,0.9653119855967749,33.27427511132638,2.2701418321499884e-14
3290,16.45,0.6861182404703556,-1.1974783714412425,-632.4301309179916,110.12197759549208,-522.3081533224995,-4.836186604837958,0.8442,-389.3851694559252,0.9351419677506936,59.257888392235664,2.2262342162063978e-14
3300,16.5,0.722,-0.9711417379979406,-628.6871240053662,115.881,-512.8061240053662,-4.748204851901539,0.8442,-314.14392133501326,0.9734456026575403,35.071882573004764,2.5232138726075333e-14
3310,16.55,0.7245674108384207,-1.0642017669729722,-629.0503644311408,116.29306943956652,-512.7572949915743,-4.747752731403466,0.8442,-350.69176503835814,0.9237035104515064,84.0014678783195,2.3226624562820087e-14
3320,16.6,0.843864438520244,-1.7813211671793865,-648.248951693411,135.44024238249915,-512.8087093109118,-4.74822878991585,0.8442,-664.5710639201784,0.9676464763113257,33.487819273165236,2.2988923075677396e-14
3330,16.65,0.7603874389646221,-1.2507634688975822,-634.8172174771065,122.04218395382185,-512.7750335232847,-4.747916977067451,0.8442,-433.8989602203941,0.9620086483463427,36.598588406847206,2.075642039985385e-14
3340,16.7,0.7745542428784515,-1.2139788970184926,-637.1128618116487,124.31595598199146,-512.7969058296572,-4.748119498422752,0.8442,-424.3712585515108,0.9576434770392646,44.7543503021949,1.861801310921147e-14
3350,16.75,0.7627591850634649,-1.0539421221838765,-635.21394208436,122.42284920268611,-512.7910928816739,-4.748065674830314,0.8442,-359.12829634348304,0.957879906190382,39.56286465279323,1.8186659572807685e-14
3360,16.8,0.7027120798984409,-0.7820615927732298,-625.532237051232,112.78528882369976,-512.7469482275322,-4.747656928032706,0.8442,-235.32656242797606,0.9224497236332523,70.28661608305818,2.428478049829732e-14
3370,16.85,0.7801690320178908,-1.3391606743116204,-638.0082070519185,125.21712963887147,-512.791077413047,-4.748065531602287,0.8442,-474.23462915116033,0.9378504506704956,52.981798508943214,2.5477380939351042e-14
3380,16.9,0.7869490614902656,-1.3282773774903065,-639.1016858591967,126.30532436918762,-512.7963614900091,-4.748114458240825,0.8442,-472.25440043190173,0.9750957797776533,34.62078622867096,2.988645321693651e-14
3390,16.95,0.7389717005027918,-0.9682964787785702,-631.3714464632195,118.60495793069809,-512.7664885325214,-4.747837856782605,0.8442,-318.55075515615516,0.9649797537585475,35.00341182163758,2.9641499373229925e-14
3400,17.0,0.7219999999999994,-1.0761261057480838,-633.9278110121484,115.88099999999991,-518.0468110121485,-4.796729731593968,0.8442,-354.43642921353285,0.9646527301954367,36.48770821512911,2.6265399055933242e-14
3410,17.05,0.6857739329080951,-0.9564347053215128,-628.0890604994231,110.06671623174927,-518.0223442676738,-4.796503187663647,0.8442,-296.762185444236,0.9438662143525545,48.84392858513319,2.512932857498226e-14
3420,17.1,0.7356260711232487,-1.2226820454684568,-636.1316154417135,118.06798441528143,-518.0636310264321,-4.796885472466964,0.8442,-415.09875845291793,0.9620169719975865,36.140830326120124,2.9754498119719396e-14
3430,17.150000000000002,0.6977839750812509,-0.9677589837973442,-630.0307100926683,111.99432800054076,-518.0363820921275,-4.796633167519699,0.8442,-304.99964406707977,0.941644640196511,48.40748619626951,2.2365483475836085e-14
3440,17.2,0.6931131431616443,-1.0069827964935034,-629.2952789001109,111.24465947744392,-518.0506194226671,-4.796764994654325,0.8442,-318.54020984561487,0.9587488904182346,37.755050330069544,2.832097114986304e-14
3450,17.25,0.7051278551575805,-1.1836219356256714,-631.2156650468715,113.17302075279167,-518.0426442940799,-4.79669115087111,0.8442,-390.2262495467762,0.9600861042670427,41.68467676578172,2.882483009337508e-14
3460,17.3,0.7231274606260001,-1.3245088882229377,-634.1114741304356,116.06195743047302,-518.0495166999625,-4.796754784258912,0.8442,-450.12987324841185,0.9548413843327187,39.96526097645289,2.509601376102859e-14
3470,17.35,0.763618190465321,-1.5406486497410348,-640.6187762817086,122.56071956968403,-518.0580567120246,-4.796833858444672,0.8442,-546.2022963117836,0.9644634852747889,36.75053557195703,2.854504088950375e-14
3480,17.400000000000002,0.7331644652532979,-1.3791657986282964,-635.7161677961745,117.67289667315431,-518.0432711230202,-4.79669695484278,0.8442,-474.358928574873,0.9604528180999885,34.736894497609114,2.7323443507914208e-14
3490,17.45,0.7039866200160866,-1.22015970890657,-631.0412963524576,112.9898525125819,-518.0514438398757,-4.796772628146997,0.8442,-403.8795153536013,0.9267752167084629,69.63332167927005,2.854914276234364e-14
3500,17.5,0.7220000000000011,-1.237246155042545,-632.093063165832,115.88100000000017,-516.2120631658318,-4.779741325609553,0.8442,-416.27354834573606,0.9433198604580952,55.594812671028656,2.4322057452899854e-14
3510,17.55,0.7059917218557078,-1.165814700899756,-629.5166445519903,113.3116713578411,-516.2049731941493,-4.7796756777236045,0.8442,-383.67180919990176,0.9306528773987573,57.69445083585678,2.92692908607358e-14
3520,17.6,0.7557781519963251,-1.443897271938865,-637.5150383739618,121.30239339541019,-516.2126449785517,-4.779746712764368,0.8442,-506.5293988917723,0.9339324031266637,60.586952824423285,3.1670473984975786e-14
3530,17.650000000000002,0.736208501705236,-1.288396871111909,-634.3798125148236,118.16146452369038,-516.2183479911332,-4.779799518436419,0.8442,-440.5085077862609,0.9505898505079923,48.64224077774032,3.8078545765336105e-14
3540,17.7,0.7077739186481163,-1.0078753408266015,-629.8193385688849,113.59771394302267,-516.2216246258622,-4.779829857646872,0.8442,-323.6328554314997,0.9626417847055959,41.34025694145311,3.4424791863833617e-14
3550,17.75,0.6661081221948005,-0.6402903468373222,-623.1017954591923,106.91035361226548,-516.1914418469269,-4.779550387471545,0.8442,-169.0557409668295,0.9464015488967107,50.21995984900544,3.6383145148050985e-14
3560,17.8,0.7062618468991967,-0.9253322980442157,-629.5542001079823,113.35502642732106,-516.1991736806613,-4.779621978524641,0.8442,-291.4633115604799,0.9481485982635643,56.07462031943924,3.706266354528529e-14
3570,17.85,0.767209644680939,-1.2947713881732676,-639.3763083265579,123.13714797129072,-516.2391603552672,-4.779992225511734,0.8442,-452.9993878567524,0.9640782058465839,33.46241596336122,3.530635774481976e-14
3580,17.900000000000002,0.6260983888270809,-0.41157826536334363,-616.6625483383676,100.48879140674649,-516.1737569316211,-4.779386638255751,0.8442,-68.3139633358245,0.9491626544096967,44.42381932115558,3.9820684058828347e-14
3590,17.95,0.6643645179899533,-0.6076302267490221,-622.8691721277401,106.63050513738752,-516.2386669903525,-4.779987657318078,0.8442,-155.95601231769137,0.971698615421939,31.830075977029153,3.7326626426882106e-14
3600,18.0,0.7219999999999998,-0.8093027653064432,-626.4016051658201,115.88099999999996,-510.52060516582014,-4.72704264042426,0.8442,-252.03088277537665,0.9576681400379782,38.16975977806927,3.2085496432905164e-14
3610,18.05,0.7544203727373912,-1.0806198207826851,-631.6251742728409,121.08446982435129,-510.54070444848963,-4.727228744893423,0.8442,-366.6652967314675,0.9665720306094032,37.93190549383709,3.396984251236333e-14
3620,18.1,0.6899709590278773,-0.7210946988012452,-621.2362365459567,110.7403389239743,-510.49589762198235,-4.726813866870207,0.8442,-207.79963134489591,0.969341623898774,31.283366696432743,3.6890427139454275e-14
3630,18.150000000000002,0.7570468191391833,-0.9947261032951343,-632.0610236173861,121.50601447183891,-510.5550091455472,-4.727361195792104,0.8442,-334.55065950688663,0.9633561611985503,40.37322092797567,3.759403898758079e-14
3640,18.2,0.7321680913123733,-0.779048628954872,-628.0058779037973,117.5129786556359,-510.49289924816145,-4.726786104149643,0.8442,-243.71394874591016,0.9536038895832677,46.166560945720526,4.224557489056922e-14
3650,18.25,0.8004670389729779,-1.1120804471139478,-639.0310978511642,128.47495975516296,-510.55613809600123,-4.727371649037049,0.8442,-393.6588574012374,0.9755932051889467,29.75698151104939,4.199636027386386e-14
3660,18.3,0.6575690011207728,-0.2656041500424467,-616.0504811219475,105.53982467988402,-510.5106564420635,-4.726950522611699,0.8442,-22.486260998806983,0.9457979620742992,48.45338077782498,3.851213890216764e-14
3670,18.35,0.7108340256655812,-0.5405690147821809,-624.6380752529591,114.08886111932578,-510.5492141336333,-4.727307538274382,0.8442,-145.27435422457046,0.9578394616484827,40.13399730777195,3.9797585459536744e-14
3680,18.400000000000002,0.7579382072419212,-0.8470443719662746,-632.181607395076,121.64908226232835,-510.5325251327476,-4.727153010488403,0.8442,-278.15991351828296,0.9435537018902673,59.44654393491633,4.0655732007375344e-14
3690,18.45,0.7580759443996387,-0.9547101120844275,-632.1927334345048,121.671189076142,-510.5215443583628,-4.727051336651507,0.8442,-319.5261463728792,0.9606324571096059,44.73521891161222,4.210633341991258e-14
3700,18.5,0.7219999999999999,-1.146501828120055,-633.3170419477404,115.88099999999999,-517.4360419477405,-4.791074462479078,0.8442,-381.44630133923624,0.9601464319485913,49.05462194836655,3.523021237200093e-14
3710,18.55,0.6791845205871859,-0.8994803656249831,-626.4250293525754,109.00911555424334,-517.4159137983321,-4.790888090725297,0.8442,-272.76840743994734,0.9645585797344016,33.11131881254035,3.6788047093827064e-14
3720,18.6,0.7688628615151385,-1.4952719362305809,-640.8458289413715,123.40248927317973,-517.4433396681917,-4.791142033964738,0.8442,-530.4861999411319,0.952398248396881,45.72334573498599,3.0645222518393976e-14
3730,18.650000000000002,0.8377569420250928,-1.9745543449901062,-651.8880530527505,134.4599891950274,-517.4280638577231,-4.791000591275214,0.8442,-736.7542222752154,0.97479041205648,30.350714916936372,3.0998343404209907e-14
3740,18.7,0.7876186147080595,-1.649723569948323,-643.8386807672181,126.41278766064354,-517.4258931065746,-4.7909804917275425,0.8442,-595.8408764899103,0.9729504553928238,32.54638667333012,3.024766923537931e-14
3750,18.75,0.7065423117579548,-1.0531370147088026,-630.8286031236513,113.40004103715174,-517.4285620864996,-4.791005204504626,0.8442,-340.605032920188,0.9437735779587872,49.000542243864814,3.178075221115724e-14
3760,18.8,0.6469109817513622,-0.575557465440893,-621.2263582429447,103.82921257109363,-517.397145671851,-4.790714311776399,0.8442,-137.99169123424875,0.9696762535590306,34.615555077426194,2.928317144584725e-14
3770,18.85,0.7108507867958348,-0.9446085983062714,-631.5514273643635,114.0915512807315,-517.459876083632,-4.791295148922519,0.8442,-300.34828170569006,0.9487703945970699,44.181231523643625,2.668819833892738e-14
3780,18.900000000000002,0.6911526834212899,-0.8388555652560031,-628.371863560822,110.93000568911702,-517.441857871705,-4.791128313626898,0.8442,-253.3785781973092,0.9556288819403967,50.50476226632044,2.5002520774293672e-14
3790,18.95,0.6706619783443875,-0.7051671181363751,-625.0464090219824,107.64124752427419,-517.4051614977083,-4.790788532386188,0.8442,-195.43059085786604,0.9475494624892826,50.91620234202289,2.3948156589752784e-14
3800,19.0,0.7219999999999999,-1.165679604049573,-635.7267409439565,115.88099999999997,-519.8457409439566,-4.81338649022182,0.8442,-388.8066417812687,0.943091625925777,46.351534367461404,2.7717093588696046e-14
3810,19.05,0.7265891073304919,-1.2374365893221795,-636.4883322637571,116.61755172654395,-519.8707805372131,-4.813618338307529,0.8442,-417.8335069040436,0.9598974983118318,39.52209810464274,2.5286669904998603e-14
3820,19.1,0.6854806755677252,-0.9884665381089615,-629.8749559409918,110.01964842861989,-519.8553075123718,-4.813475069558998,0.8442,-308.960837233847,0.9449021303736568,54.18598000820691,2.652161077327099e-14
3830,19.150000000000002,0.7313956432466606,-1.2751465679939646,-637.2453279758163,117.38900074108903,-519.8563272347272,-4.81348451143266,0.8442,-433.86373746395543,0.9718034552655057,29.148764188941254,2.896575913834758e-14
3840,19.2,0.7499492045125501,-1.4629273031350336,-640.2310370473527,120.36684732426428,-519.8641897230884,-4.813557312250818,0.8442,-511.94445661344787,0.9442018462024188,49.126878306055985,2.8523226294852914e-14
3850,19.25,0.7044439702377084,-1.202154343385886,-632.887526694397,113.0632572231522,-519.8242694712449,-4.813187680289304,0.8442,-397.11732199870494,0.9606039426161623,39.266695828654456,2.5548656826451536e-14
3860,19.3,0.8029230440559828,-1.7137937873445364,-648.7486296547561,128.86914857098523,-519.8794810837709,-4.813698898923804,0.8442,-625.3893604927066,0.9703225049059633,33.660668634014826,2.4684305349706422e-14
3870,19.35,0.7424406950316905,-1.3558909755837203,-638.9927767371177,119.16173155258633,-519.8310451845314,-4.813250418375291,0.8442,-468.43165911683826,0.9397484089293334,49.863071263319625,1.696172271098758e-14
3880,19.400000000000002,0.7263214358468951,-1.2464437412162543,-636.4417606768012,116.57459045342667,-519.8671702233745,-4.81358490947569,0.8442,-421.20368398927184,0.9573755214214206,45.17104273304028,2.1986200413023644e-14
3890,19.45,0.6557494898961287,-0.7981554187554876,-625.1015801514178,105.24779312832865,-519.8537870230891,-4.813460990954529,0.8442,-226.28741818579064,0.9677043561611605,37.539344242072474,2.1518900638779943e-14
3900,19.5,0.7220000000000008,-0.6821559422561303,-624.9450843819346,115.88100000000013,-509.0640843819345,-4.713556336869764,0.8442,-203.2325285129968,0.9396619397218017,63.75962704062089,1.6663519306016184e-14
3910,19.55,0.7555888669746116,-0.7804697844398358,-630.3480006244449,121.27201314942516,-509.07598747501976,-4.713666550694628,0.8442,-251.8477128692035,0.9566923389967579,37.530379117344516,1.1656691348187823e-14
3920,19.6,0.6962132006456343,-0.43229127617243385,-620.7840109217876,111.7422187036243,-509.0417922181633,-4.7133499279459565,0.8442,-98.98071875231985,0.9567356878920729,38.052541348816966,1.1770438693354478e-14
3930,19.650000000000002,0.7358917856662365,-0.7452081128349943,-627.1840043284067,118.11063159943095,-509.07337272897576,-4.7136423400831085,0.8442,-231.9325943699137,0.9434913269680467,50.83636766965601,1.0328542993257302e-14
3940,19.7,0.7317010522880372,-0.8474198103456476,-626.5026802517956,117.43801889222996,-509.06466135956566,-4.713561679255237,0.8442,-269.80316680210973,0.9494058171778951,43.39785521266075,9.1708659837775e-15
3950,19.75,0.7520815308030311,-1.0422384941743132,-629.7634203052004,120.7090856938865,-509.0543346113139,-4.713466061215869,0.8442,-351.1769388327797,0.9574994950259166,40.470943143412775,1.0130908668294444e-14
3960,19.8,0.7934825414048121,-1.1917768041851993,-636.4344842231854,127.35394789547234,-509.0805363277131,-4.713708669701047,0.8442,-421.9829681909113,0.9558407641537642,37.86221752076641,9.461191379906006e-15
3970,19.85,0.7609830007772646,-0.9456790530124795,-631.1908326430722,122.13777162475095,-509.0530610183213,-4.71345426868816,0.8442,-317.00195453059325,0.9607268419279333,40.83821890897911,1.6253609152172853e-14
3980,19.900000000000002,0.7881929590682707,-1.1777424203297926,-635.5601660325905,126.50496993045745,-509.05519610213304,-4.713474037982714,0.8442,-414.8828128230974,0.9579525026825433,47.21144295050767,1.266104587382691e-14
3990,19.95,0.8237226913885445,-1.4800550624597468,-641.2674909998658,132.2074919678614,-509.0599990320044,-4.7135185095555965,0.8442,-542.420620046661,0.9614233711981823,38.51182548405884,1.728180806003609e-14
4000,20.0,0.7219999999999994,-1.3964670087659,-636.9683099166758,115.8809999999999,-521.087309916676,-4.824882499228481,0.8442,-477.381765126554,0.9407856037297713,50.44565221186915,7.254781986280703e-15
4010,20.05,0.7262862458282637,-1.441732589004039,-637.6573702980669,116.56894245543633,-521.0884278426306,-4.824892850394728,0.8442,-496.14322613709714,0.9692702420577655,34.162113895152686,1.8038988979531736e-15
4020,20.1,0.7329952153824248,-1.5302779569603173,-638.7459647855634,117.64573206887918,-521.1002327166842,-4.825002154784113,0.8442,-532.3002291428588,0.9721431693621149,31.105433209056937,6.6650378637527805e-15
4030,20.150000000000002,0.7242903426201602,-1.4427668141979701,-637.3535278443636,116.24859999053572,-521.1049278538279,-4.825045628276184,0.8442,-495.8934842757263,0.9599741176603594,37.73339147532607,4.004505348847205e-15
4040,20.2,0.7196251898895812,-1.3389145894470231,-636.5850000285444,115.4998429772778,-521.0851570512666,-4.824862565289505,0.8442,-454.5239780848983,0.9344196295575639,59.3964368027297,7.090368942966221e-15
4050,20.25,0.6803800620652934,-1.1180736456088192,-630.2695136698222,109.2009999614796,-521.0685137083426,-4.824708460262432,0.8442,-357.05083835239463,0.9549444292693561,43.45902489046262,5.251492481449511e-15
4060,20.3,0.7304328310688797,-1.447878926539744,-638.3391016241738,117.23446938655519,-521.1046322376187,-4.825042891089062,0.8442,-499.84565526982624,0.966330069681258,33.10240852629966,4.6204489227285734e-15
4070,20.35,0.7516521409839266,-1.6312991609610359,-641.7211019020116,120.64016862792023,-521.0809332740913,-4.824823456241586,0.8442,-577.1165372597695,0.9801353233677386,26.61852648284519,1.841096603147574e-15
4080,20.400000000000002,0.7619046782094646,-1.6664492066716343,-643.3967822990006,122.28570085261907,-521.1110814463816,-4.825102605985015,0.8442,-593.9287819816279,0.9779847826654946,31.537549358961964,4.968790712345294e-15
4090,20.45,0.7008688461963718,-1.3172840748454469,-633.5742108680643,112.48944981451767,-521.0847610535466,-4.824858898643949,0.8442,-440.1452326893139,0.9468335206130535,48.22016001756849,8.988803430108277e-15
4100,20.5,0.7220000000000002,-1.9549007139144337,-647.5113211895248,115.88100000000003,-531.6303211895247,-4.922502973977081,0.8442,-691.7060016441151,0.9798669935916756,27.98716324536415,6.340007782591211e-15
4110,20.55,0.7299121502365845,-2.064568112293133,-648.7665722681013,117.15090011297181,-531.6156721551295,-4.922367334769717,0.8442,-736.3593713872202,0.96575357645227,35.26624614280649,6.049993551481396e-15
4120,20.6,0.6850029413154118,-1.7680111641673033,-641.5633020592171,109.9429720811236,-531.6203299780935,-4.9224104627601255,0.8442,-607.9916221047574,0.9578834474858875,42.198793591272974,1.0981610206827645e-14
4130,20.650000000000002,0.6804776811290941,-1.699555091315328,-640.8331443992193,109.2166678212196,-531.6164765779997,-4.922374783129627,0.8442,-580.252318159709,0.9721466791349334,28.653894288372367,1.2259064358260504e-14
4140,20.7,0.6826603393306376,-1.6539613125515769,-641.1718852456544,109.56698446256735,-531.604900783087,-4.922267599843399,0.8442,-563.4608210002177,0.9725236016907044,31.07943233591313,1.378424853078467e-14
4150,20.75,0.6714142853677381,-1.5328470347993264,-639.3677355276851,107.76199280152196,-531.6057427261632,-4.922275395612622,0.8442,-513.3340078416006,0.9411281571894355,53.63585585205773,1.4465555241941913e-14
4160,20.8,0.7158551242782661,-1.7709940362685277,-646.5089073559548,114.89474744666171,-531.614159909293,-4.922353332493453,0.8442,-619.1325417050215,0.9773646841764273,27.121160883835774,1.4163613398257011e-14
4170,20.85,0.7021428078129259,-1.7153019547283561,-644.2924826630982,112.69392065397462,-531.5985620091236,-4.9222089074918856,0.8442,-593.315391517307,0.9626448315157367,40.96046934578089,1.299530159232624e-14
4180,20.900000000000002,0.6699642963921634,-1.5857111346744461,-639.136842693557,107.52926957094222,-531.6075731226148,-4.922292343727914,0.8442,-533.1532049689974,0.9704213094721827,31.808737140514687,1.5089233869531432e-14
4190,20.95,0.632577949942136,-1.3556575548354528,-633.1465909752263,101.52876096571283,-531.6178300095135,-4.9223873149029025,0.8442,-432.74654391957495,0.9456151380721051,48.168091436837834,2.5302674479844665e-14
4200,21.0,0.7220000000000008,-1.6070931577730936,-642.2060535795475,115.88100000000011,-526.3250535795474,-4.87338012573655,0.8442,-558.2190931037289,0.9571479030742519,36.13289644113207,2.2754368297262836e-14
4210,21.05,0.7431505716029939,-1.7378198288805242,-645.5746248124952,119.27566674228052,-526.2989580702147,-4.8731385006501355,0.8442,-615.2441614573365,0.9350351613091573,62.59414256614692,1.9086151390185774e-14
4220,21.1,0.7018096286018777,-1.4080568626881935,-638.9327040817258,112.64044539060137,-526.2922586911244,-4.873076469362263,0.8442,-475.28821636288626,0.9658343825113931,38.77916167358426,1.861271600031723e-14
4230,21.150000000000002,0.6689579361085137,-1.156584079223144,-633.6536641749304,107.36774874541645,-526.285915429514,-4.873017735458463,0.8442,-368.1301933176187,0.9700318318763161,33.19538194131472,1.7754724523756352e-14
4240,21.2,0.6880120371653587,-1.3835279617489011,-636.7236089883617,110.42593196504008,-526.2976770233216,-4.87312663910483,0.8442,-461.40371961789634,0.9479165443794726,50.541359986350706,1.5379394252899875e-14
4250,21.25,0.707408340040702,-1.578665895450556,-639.8610806721148,113.53903857653266,-526.3220420955821,-4.87335224162576,0.8442,-542.5811453450253,0.9578308768684757,47.14172468129341,1.67754903375984e-14
4260,21.3,0.6422910223192548,-1.223745378852355,-629.3429140086075,103.0877090822404,-526.2552049263671,-4.872733378947844,0.8442,-385.2663050052463,0.9501585761525414,42.32213055680194,1.6929080989952637e-14
4270,21.35,0.7465271605725968,-1.843659337101327,-646.1351379742938,119.81760927190179,-526.317528702392,-4.8733104509480745,0.8442,-656.9588830633269,0.9573669698242593,39.51228340054869,1.3684547313576752e-14
4280,21.400000000000002,0.7225028759363202,-1.6950960277619942,-642.2476742153367,115.9617115877794,-526.2859626275573,-4.873018172477383,0.8442,-592.1571136021969,0.9577425548250849,40.73601978438329,1.436752566280257e-14
4290,21.45,0.6946164790777374,-1.4323311724002217,-637.7851527041918,111.48594489197686,-526.299207812215,-4.8731408130760645,0.8442,-482.2740021178432,0.9653369859182247,34.51243859037642,1.9124538246314227e-14
4300,21.5,0.7219999999999994,-1.4910803263449826,-640.2230857972423,115.88099999999991,-524.3420857972424,-4.855019312937429,0.8442,-513.6939125982701,0.9364675723315539,58.44014934735243,1.8454097593061536e-14
4310,21.55,0.7667670372580881,-1.815957989568286,-647.4048777984137,123.06610947992316,-524.3387683184906,-4.854988595541579,0.8442,-652.8849558686002,0.9529342546265016,44.88029846676242,1.938952941914869e-14
4320,21.6,0.7646456883754211,-1.8298571755857016,-647.080817908459,122.72563298425509,-524.355184924204,-4.855140601150037,0.8442,-657.5320812253597,0.9615180324667405,34.50117482858472,2.2294483623700682e-14
4330,21.650000000000002,0.7300498658138895,-1.6218100864613099,-641.5140103879907,117.17300346312926,-524.3410069248614,-4.855009323378346,0.8442,-566.4755378233328,0.9436349999965594,49.83806915204368,2.4783102518135662e-14
4340,21.7,0.7624846521427018,-1.8355208842376913,-646.7243690411575,122.37878666890363,-524.3455823722538,-4.85505168863198,0.8442,-659.005610299089,0.9662968651126831,38.48313534422531,1.748169457070102e-14
4350,21.75,0.7719712088028854,-1.8763767623024692,-648.2500680846694,123.9013790128631,-524.3486890718062,-4.855080454368577,0.8442,-677.759549010208,0.9788896302522367,25.701599797160213,2.1661870951938044e-14
4360,21.8,0.6911013557634714,-1.3434424671409304,-635.2802585412257,110.92176760003717,-524.3584909411886,-4.855171212418413,0.8442,-447.0200340474487,0.9450419235823907,47.813165054798986,2.6295181753055385e-14
4370,21.85,0.6705430544643045,-1.2025631091315252,-631.9705052771966,107.62216024152087,-524.3483450356757,-4.8550772688488495,0.8442,-386.2903076638472,0.9570358217021568,39.74308531791928,2.2872278442819873e-14
4380,21.900000000000002,0.7259533209084118,-1.5380626767231456,-640.8635945459065,116.51550800580009,-524.3480865401064,-4.855074875371355,0.8442,-533.0063942614429,0.9756842881842335,28.193743037192608,2.532209174765382e-14
4390,21.95,0.708368006947561,-1.4182615493561754,-638.042145364136,113.69306511508354,-524.3490802490525,-4.855084076380115,0.8442,-481.3296418215929,0.9710789931581895,35.54804658777851,2.637124414415335e-14
4400,22.0,0.7219999999999992,-1.6138932783352555,-642.0057012149239,115.88099999999987,-526.124701214924,-4.871525011249297,0.8442,-560.8289474772661,0.9809742052253733,26.728614859782397,2.622292468837229e-14
4410,22.05,0.7000486962644865,-1.5574847830379785,-638.4679350736697,112.35781575045009,-526.1101193232196,-4.871389993733515,0.8442,-532.0674091746149,0.9478977876169664,47.71922365495335,3.06150415719997e-14
4420,22.1,0.7467155005776381,-1.870717711294338,-645.9682910276708,119.84783784271092,-526.12045318496,-4.8714856776385185,0.8442,-667.4047823139624,0.9523045459816623,39.77836697433078,2.5207473536554295e-14
4430,22.150000000000002,0.7780795962986637,-2.018700737038151,-651.0037826801146,124.88177520593553,-526.1220074741791,-4.871500069205362,0.8442,-734.3619404446031,0.9568583311259351,40.92890198531395,2.1670688905509755e-14
4440,22.2,0.7007264961228478,-1.487678645507378,-638.5654029369615,112.46660262771707,-526.0988003092444,-4.871285188048559,0.8442,-505.4957481933122,0.9620424363356083,36.21444987167513,2.034618111504884e-14
4450,22.25,0.7120050140473904,-1.5159700720657618,-640.4018198731184,114.27680475460615,-526.1250151185122,-4.871527917764002,0.8442,-520.0081048036552,0.9442202491872899,49.456215714353895,2.141550860411365e-14
4460,22.3,0.7161726886341978,-1.5547195875425803,-641.0613072462685,114.94571652578874,-526.1155907204798,-4.871440654819257,0.8442,-536.2303136423337,0.9484721680025348,41.38876417054749,2.3488962484480168e-14
4470,22.35,0.7153944619284949,-1.5421619915901768,-640.9392791925064,114.82081113952343,-526.118468052983,-4.8714672967868795,0.8442,-531.1586217687209,0.9606753634775574,35.429042550172234,2.4960519862406357e-14
4480,22.400000000000002,0.7195325803651256,-1.559527074587459,-641.6069955969537,115.48497914860266,-526.122016448351,-4.8715001522995465,0.8442,-539.1640095398668,0.9611518154365536,37.804189947269705,1.772193638901556e-14
4490,22.45,0.7165429824957097,-1.5415855059931811,-641.1057829612768,115.0051486905614,-526.1006342707153,-4.87130216917329,0.8442,-531.3094899645685,0.9558900102056969,41.60890305459927,1.4958401337273022e-14
4500,22.5,0.7219999999999999,-1.7797062605593075,-646.2007518303786,115.88099999999999,-530.3197518303787,-4.910368072503506,0.8442,-624.4671922540879,0.9659346018424563,31.976188786840794,1.8250931955096766e-14
4510,22.55,0.7221313436381267,-1.7833993629768443,-646.2352684018837,115.90208065391933,-530.3331877479643,-4.910492479147818,0.8442,-625.9271429769703,0.9694708629620687,35.65176600720319,1.481097435720087e-14
4520,22.6,0.6555450767276654,-1.3466899534590122,-635.5301622216879,105.21498481479028,-530.3151774068976,-4.910325716730534,0.8442,-436.74616965531607,0.9676476093995909,31.986898281881345,2.5186789407582978e-14
4530,22.650000000000002,0.649892603747218,-1.2649427342072332,-634.6532404432722,104.30776290142849,-530.3454775418437,-4.91060627353559,0.8442,-403.54056912325404,0.9669439759564455,33.20386014779425,2.0849518414573053e-14
4540,22.7,0.637732663842096,-1.268478886983522,-632.6570054698396,102.35609254665641,-530.3009129231832,-4.910193638177622,0.8442,-400.95790744203714,0.9523964162367436,43.356152619712184,2.1903088761336188e-14
4550,22.75,0.7069340091877602,-1.764940289067996,-643.792369857743,113.46290847463551,-530.3294613831075,-4.910457975769514,0.8442,-613.918700637242,0.9472184442833835,48.49783416138937,1.9285012557132356e-14
4560,22.8,0.7082561571057779,-1.7324503188928833,-644.0054907556281,113.67511321547737,-530.3303775401507,-4.910466458705099,0.8442,-601.8775784144489,0.9728612602095724,31.036787924546534,2.6076123253533892e-14
4570,22.85,0.6592524812560653,-1.3934704641803592,-636.1063430075544,105.81002324159849,-530.2963197659559,-4.910151108944036,0.8442,-455.9015092978748,0.9619937375560659,44.14738827358858,2.4169863781065655e-14
4580,22.900000000000002,0.6666695604256131,-1.4055940339605142,-637.326660321122,107.00046444831091,-530.326195872811,-4.910427739563065,0.8442,-462.957612160808,0.9748567512782587,28.884426445835505,2.2401208523955044e-14
4590,22.95,0.6506579358289121,-1.2942068193486405,-634.7534119645361,104.43059870054039,-530.3228132639957,-4.910396419111072,0.8442,-415.01995532210094,0.9654415241578137,37.15616043945475,2.233066724737154e-14
4600,23.0,0.7220000000000001,-1.251213327683955,-635.4945099555451,115.88100000000001,-519.6135099555452,-4.811236203292085,0.8442,-421.6340836878547,0.9581050994653356,41.89307275381511,2.438699706980798e-14
4610,23.05,0.7837045481420549,-1.653857227231488,-645.441201897102,125.78457997679982,-519.6566219203022,-4.811635388150946,0.8442,-596.1591971975135,0.9588127942627308,42.7512004116797,2.092337624837574e-14
4620,23.1,0.8012595811186004,-1.7859869793772738,-648.2499625297072,128.60216276953537,-519.6477997601719,-4.811553701483073,0.8442,-652.557806957056,0.9817549152969646,23.859016463266006,1.6969737140939435e-14
4630,23.150000000000002,0.775609634398532,-1.6555644915386754,-644.0842971010621,124.4853463209644,-519.5989507800978,-4.811101396112016,0.8442,-594.1916851772214,0.9620251800003953,35.68829700512696,1.4849725802198237e-14
4640,23.2,0.7493502387225531,-1.459424650318784,-639.9212383332776,120.27071331496978,-519.6505250183079,-4.811578935354703,0.8442,-510.40608997696654,0.9697837930292227,36.47024048249183,1.1537918002696639e-14
4650,23.25,0.6983594346854228,-1.1774878782265994,-631.7107229296727,112.08668926701036,-519.6240336626623,-4.811333645024651,0.8442,-385.67905885786337,0.952768084327679,38.84253140810839,1.3912826622171562e-14
4660,23.3,0.7738819238048135,-1.65185062427115,-643.8466265582493,124.20804877067256,-519.6385777875768,-4.811468312847933,0.8442,-592.2065421087061,0.9587812885496361,40.0404160245415,2.009641800775194e-14
4670,23.35,0.7496081934612051,-1.4970234896822228,-639.9438569199874,120.31211505052342,-519.631741869464,-4.811405017309852,0.8442,-524.9199254901555,0.9692013704158352,36.29744192305563,1.7354188913128072e-14
4680,23.400000000000002,0.7010143405523405,-1.2745515981556719,-632.0935846520853,112.51280165865064,-519.5807829934346,-4.810933175865135,0.8442,-423.79184875796227,0.9220828647649587,70.0398808263806,2.1829367617044416e-14
4690,23.45,0.8111453582782973,-1.9334457354244168,-649.83905563424,130.1888300036667,-519.6502256305733,-4.811576163246049,0.8442,-712.3547776235051,0.9659219357370995,39.02140983515108,3.0309749412100975e-14
4700,23.5,0.7220000000000003,-1.765178417942861,-645.7492292099554,115.88100000000004,-529.8682292099553,-4.906187307499586,0.8442,-618.8914744055585,0.9809760514431853,25.05931543394571,2.2377329309562218e-14
4710,23.55,0.6570886630423625,-1.3197946067495445,-635.3108887217317,105.46273041829917,-529.8481583034325,-4.906001465772523,0.8442,-426.9239837157253,0.9517100223072641,46.494113112766,2.1771290220590673e-14
4720,23.6,0.6903253749805952,-1.5621660611219437,-640.6685886885309,110.79722268438553,-529.8713660041453,-4.906216351890235,0.8442,-530.7137056481729,0.9556232530013179,42.30711479855886,2.226384739668497e-14
4730,23.650000000000002,0.6952677676609615,-1.6053015624067233,-641.4430799218068,111.59047670958432,-529.8526032122224,-4.906042622335393,0.8442,-548.8702439283395,0.9751038085498857,27.37921940627755,2.5548882973927745e-14
4740,23.7,0.7159887077612651,-1.6937104450095144,-644.766373242907,114.91618759568304,-529.850185647224,-4.906020237474296,0.8442,-589.5147429526127,0.9698979920145844,30.612849701922144,2.2655623548309347e-14
4750,23.75,0.6910994764047943,-1.471650372777702,-640.7739729495011,110.92146596296949,-529.8525069865316,-4.9060417313567735,0.8442,-496.22501791694066,0.9482846949536746,45.8912329268905,2.1277504644271524e-14
4760,23.8,0.6392905284622281,-1.0709125704461537,-632.4466980094544,102.60612981818761,-529.8405681912668,-4.905931186956174,0.8442,-325.63763004223017,0.9388661846046295,56.93054851423002,1.9762281696267292e-14
4770,23.85,0.6740672761990383,-1.2146070432620146,-638.0545049278998,108.18779782994565,-529.8667070979541,-4.906173213869945,0.8442,-392.0545609291164,0.9507390929298905,41.14713993030424,1.9807137977995925e-14
4780,23.900000000000002,0.6703799798433875,-1.22921529973405,-637.4478412980416,107.5959867648637,-529.8518545331779,-4.9060356901220175,0.8442,-396.4664572189822,0.9405995008843681,58.09407871965223,2.1976405957624754e-14
4790,23.95,0.6990732717951837,-1.4726731530813413,-642.0659542171708,112.201260123127,-529.8646940940438,-4.90615457494485,0.8442,-499.2010659062735,0.9627043181078386,37.49833774578693,2.390519042774896e-14
4800,24.0,0.7219999999999999,-1.2589128625870618,-634.1411982875685,115.88099999999997,-518.2601982875685,-4.798705539699709,0.8442,-424.5891290664456,0.9352839900441269,55.64605862121165,2.5804506577658068e-14
4810,24.05,0.7877652374012425,-1.6441180723373847,-644.75655111754,126.43632060289941,-518.3202305146406,-4.7992613936540796,0.8442,-593.7370185538686,0.957713238818038,36.86292598878692,2.6506225949471597e-14
4820,24.1,0.7323614960656682,-1.297570319709027,-635.8279021769281,117.54402011853976,-518.2838820583884,-4.798924833873967,0.8442,-442.78280449951274,0.9527572701929201,45.20867559905718,2.4583356343452364e-14
4830,24.150000000000002,0.7362421694858917,-1.3267312118665728,-636.4463248477185,118.16686820248562,-518.2794566452329,-4.7988838578262305,0.8442,-455.231956308898,0.9494933150413521,45.5990946034431,3.2535407284886494e-14
4840,24.2,0.8372654736426712,-1.9624793256223487,-652.678727830047,134.38110851964873,-518.2976193103983,-4.799052030651836,0.8442,-731.9606507278475,0.9893531547575654,22.834772925678763,3.009769366875554e-14
4850,24.25,0.8273002187548286,-1.9451290649745983,-651.0770724389082,132.78168511015,-518.2953873287582,-4.7990313641551685,0.8442,-722.0729594947298,0.9524616553760279,46.15855534137613,2.7947204723883678e-14
4860,24.3,0.6977212315997414,-1.156775535513841,-630.2732153675883,111.9842576717585,-518.2889576958297,-4.798971830516941,0.8442,-377.52298108305666,0.9504427317544258,55.069472888763414,2.402350493510357e-14
4870,24.35,0.6608344673578358,-0.8183659834416026,-624.361433171288,106.06393201093265,-518.2975011603554,-4.799050936669958,0.8442,-235.69167080556005,0.951172690346276,42.892335638896924,2.2889449547404863e-14
4880,24.400000000000002,0.7302707312041317,-1.1745334106507892,-635.5068527645129,117.20845235826313,-518.2984004062498,-4.7990592630208315,0.8442,-394.8844081332388,0.9589139321256737,44.326259833814454,2.7042535218488043e-14
4890,24.45,0.7525520400727903,-1.2710675023222375,-639.0811851662767,120.78460243168284,-518.2965827345938,-4.79904243272772,0.8442,-439.15288376502264,0.9690879221917753,29.812913622215973,3.0039394156798246e-14
4900,24.5,0.7219999999999996,-0.9906020417878411,-632.6960008194773,115.88099999999994,-516.8150008194773,-4.785324081661827,0.8442,-321.61269464456984,0.931490970831345,64.41879566284342,3.752525082142297e-14
4910,24.55,0.7223025896851396,-0.9858429096479279,-632.7387996886195,115.9295656444649,-516.8092340441546,-4.785270685594024,0.8442,-319.88420111154375,0.9653435901142361,41.058188197151495,2.3970535284810694e-14
4920,24.6,0.7585218739207643,-1.2555818212025942,-638.5755357240553,121.74276076428268,-516.8327749597726,-4.785488657034931,0.8442,-435.1437781587687,0.953139892035592,46.26767935228033,2.2175575906662452e-14
4930,24.650000000000002,0.6918354738005624,-0.9574139603598791,-627.8205081562159,111.03959354499027,-516.7809146112256,-4.785008468622459,0.8442,-299.10195818360006,0.9362954247558442,58.367212145098165,2.1542403786194784e-14
4940,24.7,0.781441378405509,-1.4772511937027384,-642.2748212493614,125.4213412340842,-516.8534800152772,-4.785680370511826,0.8442,-527.6453629636937,0.9814912300765538,26.391443125828083,1.9601096760993552e-14
4950,24.75,0.7180511202819208,-1.1019624983745824,-632.0607683333564,115.24720480524829,-516.813563528108,-4.7853107734084075,0.8442,-363.07287848075964,0.9655649881472124,38.12001177946977,2.0402217244908348e-14
4960,24.8,0.715735510624377,-1.0845386495400244,-631.6826639008196,114.87554945521251,-516.8071144456071,-4.785251059681547,0.8442,-355.6354295013521,0.9457107786602112,53.17546707635079,2.3682012861101206e-14
4970,24.85,0.7679651185076045,-1.4276958460209994,-640.0939957792835,123.25840152047053,-516.835594258813,-4.7855147616556755,0.8442,-504.25994477231,0.97244081448999,30.874758823923173,1.7721212327597818e-14
4980,24.900000000000002,0.7405971667371255,-1.3059555970257795,-635.6878850967375,118.86584526130865,-516.8220398354289,-4.785389257735453,0.8442,-448.669391897311,0.9403339019502617,51.459442591164006,2.237643420399571e-14
4990,24.95,0.743828568880463,-1.312479822304475,-636.2077916246552,119.38448530531431,-516.8233063193409,-4.785400984438342,0.8442,-452.2203332496739,0.9557208813151185,38.513932069929524,2.0484141326101852e-14
5000,25.0,0.7219999999999994,-1.4674512149621044,-638.4378646803791,115.88099999999991,-522.5568646803792,-4.838489487781289,0.8442,-504.62517048970284,0.9420740684102593,49.71709102268731,5.007093532585074e-15
5010,25.05,0.7719884490308465,-1.8137913910394494,-646.4652385968653,123.90414606945086,-522.5610925274145,-4.838528634513097,0.8442,-653.745162930755,0.9501970357296555,42.772882758174376,2.903962850034589e-15
5020,25.1,0.7317366380450906,-1.5582040099019558,-639.9860094904245,117.44373040623704,-522.5422790841875,-4.838354435964699,0.8442,-542.610338208153,0.9190354435860141,78.32959592454935,8.405495513285155e-15
5030,25.150000000000002,0.7109927689175431,-1.4098771301068667,-636.6587897393678,114.11433941126568,-522.5444503281021,-4.838374540075019,0.8442,-478.9621639218808,0.9379099005678286,52.51870980913111,7.14952596106852e-15
5040,25.2,0.7394443322425097,-1.5119337227854168,-641.251790436226,118.68081532492282,-522.5709751113031,-4.838620139919474,0.8442,-527.349311978912,0.9615443772074509,37.11855241690992,9.06192978017159e-15
5050,25.25,0.7170911743829469,-1.3865295805141533,-637.6428524694902,115.09313348846298,-522.5497189810272,-4.8384233238984,0.8442,-471.97736727841067,0.9726267299003616,34.49318588666461,8.8898036726345e-15
5060,25.3,0.7250550659011101,-1.5120194216884415,-638.9129070944417,116.37133807712817,-522.5415690173136,-4.838347861271422,0.8442,-522.7200805212804,0.9454590917512621,48.00450545241186,1.8635218314263513e-14
5070,25.35,0.7389681610583887,-1.6309243084356835,-641.1622191547967,118.60438984987138,-522.5578293049253,-4.838498419490049,0.8442,-572.8630611230351,0.959062242039985,41.767849219764926,1.0134700540721692e-14
5080,25.400000000000002,0.7118925259609088,-1.4799071544065479,-636.8081049515561,114.25875041672586,-522.5493545348302,-4.838419949396576,0.8442,-506.130880031101,0.9634187154366365,33.86860287057063,1.7328372918465012e-14
5090,25.45,0.7321795710926782,-1.601966645145057,-640.0829721674957,117.51482116037485,-522.5681510071208,-4.838593990806674,0.8442,-559.5497426387232,0.9811172739108309,26.435987678778723,1.338175718974043e-14
5100,25.5,0.7197176199488292,-1.5205260714500777,-638.0843773228243,115.51467800178709,-522.5696993210372,-4.838608327046641,0.8442,-524.2555603079961,0.9629882852559196,36.88524326746927,1.948433500629703e-14
5110,25.55,0.7091268880368403,-1.4450717472619758,-636.375318075679,113.81486552991286,-522.5604525457662,-4.838522708757095,0.8442,-491.8651474886432,0.9637781779009683,42.13821255616405,2.3676177102867415e-14
5120,25.6,0.7180024932409761,-1.5062811516476557,-637.8155570490838,115.23940016517666,-522.5761568839072,-4.838668119295437,0.8442,-518.2327258550015,0.9706049955357389,31.487604398008386,2.6858449694084783e-14
5130,25.650000000000002,0.7175058137402225,-1.5175135175526122,-637.7283774770241,115.15968310530572,-522.5686943717184,-4.838599021960356,0.8442,-522.3827310419432,0.9424548594289684,50.14964454491011,2.193779346112634e-14
5140,25.7,0.7494237074288103,-1.6679936856131157,-642.858546658431,120.28250504232405,-522.576041616107,-4.83866705200099,0.8442,-590.477711221546,0.9685419724422151,30.331900791320813,2.0883410187772943e-14
5150,25.75,0.6961234803511906,-1.3192872567871323,-634.2834018255111,111.72781859636609,-522.555583229145,-4.838477622492083,0.8442,-439.3765459881051,0.944863071156716,47.599930579243996,1.8884890385431466e-14
5160,25.8,0.7469288595852497,-1.602470071900244,-642.4396306628568,119.88208196343258,-522.5575486994242,-4.838495821290964,0.8442,-564.5217249374671,0.9534456614071901,41.3804635880838,1.9907153307207758e-14
5170,25.85,0.7619841484997467,-1.6675339617149976,-644.86628076438,122.29845583420935,-522.5678249301707,-4.8385909715756545,0.8442,-594.370854252919,0.9749052964351098,29.723017665046065,1.9513176413007035e-14
5180,25.900000000000002,0.6730385045519739,-1.1324418449213036,-630.578659726442,108.02267998059182,-522.5559797458502,-4.838481293943057,0.8442,-360.18662121540797,0.9496791836616484,43.112162762649014,1.7851410103688372e-14
5190,25.95,0.6745020596570462,-1.152327209894843,-630.8009860833389,108.25758057495592,-522.543405508383,-4.838364865818361,0.8442,-368.29272286739825,0.9478365785026996,54.55931221674678,1.8846751179323076e-14
5200,26.0,0.7553659945518494,-1.6769281911560765,-643.8081034194618,121.23624212557183,-522.5718612938899,-4.838628345313795,0.8442,-595.8320335665385,0.9706927192744023,32.523713350070324,1.681026353110307e-14
5210,26.05,0.7626982936972279,-1.8059574501277385,-644.9431993162297,122.41307613840507,-522.5301231778246,-4.838241881276154,0.8442,-647.7285228284451,0.9289911009134882,77.20878783918107,1.7931132984942523e-14
5220,26.1,0.7739643228646808,-1.8321374252257332,-646.7998490462854,124.22127381978126,-522.5785752265042,-4.83869051135652,0.8442,-661.426467915457,0.9634335814930802,34.13020852962376,2.193329812674629e-14
5230,26.150000000000002,0.6240354899266202,-0.9257572827761341,-622.6791297870625,100.15769613322254,-522.52143365384,-4.838161422720741,0.8442,-264.9850790479436,0.9471206386028866,51.1302111421533,1.9287309353722577e-14
5240,26.2,0.7273275150838806,-1.5132234659662034,-639.3371451147889,116.73606617096284,-522.601078943826,-4.8388988791095,0.8442,-523.9184606023341,0.9788323783969904,26.102107420169684,2.647858638512882e-14
5250,26.25,0.6666570271346751,-1.1979754171254768,-629.5539667129021,106.99845285511536,-522.5555138577868,-4.8384769801646925,0.8442,-383.2705001372163,0.9443535183320336,54.63096706627958,2.044716993745036e-14
5260,26.3,0.7138845037726952,-1.4811206142468112,-637.1462875741369,114.57846285551759,-522.5678247186192,-4.8385909696168445,0.8442,-507.2420010366772,0.9547626497505507,42.41444994092812,2.195531383901928e-14
5270,26.35,0.7644504713533951,-1.793677448715545,-645.2583187520227,122.69430065221991,-522.5640180998028,-4.838555723146322,0.8442,-643.5832214504616,0.9568284020111635,46.313601888136375,2.2578388880804938e-14
5280,26.400000000000002,0.7687074980709779,-1.7630192459058711,-645.927612035406,123.37755344039196,-522.5500585950141,-4.838426468472353,0.8442,-633.1960236810708,0.9664098267719641,32.763488724407864,2.2811285230573742e-14
5290,26.45,0.7771982318991311,-1.7563215107399452,-647.3140654771163,124.74031621981054,-522.5737492573057,-4.838645826456535,0.8442,-633.3764621026577,0.9773575685078879,28.538331069457314,1.8298840748391936e-14
5300,26.5,0.6948091763383419,-1.2880823820262426,-634.0522498383308,111.51687280230388,-522.535377036027,-4.838290528111361,0.8442,-426.9744269315238,0.9534102114763588,52.02296090538498,1.9667959083926708e-14
5310,26.55,0.7333638944458154,-1.4314556945346215,-640.2720468876668,117.70490505855338,-522.5671418291133,-4.838584646565864,0.8442,-494.4921603990024,0.9771812564474321,27.46984833024228,1.4407897647253912e-14
5320,26.6,0.7381886797128535,-1.3885892602912282,-641.0384468868941,118.47928309391298,-522.5591637929812,-4.838510775860937,0.8442,-479.6034544421308,0.9555797816329569,40.22967086582133,2.3105245576374786e-14
5330,26.650000000000002,0.7024845256628105,-1.219566798964487,-635.2754640280167,112.74876636888109,-522.5266976591356,-4.838210163510515,0.8442,-403.1652807286089,0.9559964466882123,42.555756550073625,2.477497257072258e-14
5340,26.7,0.7674790844162346,-1.6119530692682549,-645.7585026310315,123.18039304880566,-522.5781095822259,-4.838686199835426,0.8442,-574.8195276894054,0.9670057215161666,33.35186113639696,2.5651742175696018e-14
5350,26.75,0.7431340812937709,-1.4916075971734615,-641.8171640300301,119.27302004765023,-522.5441439823799,-4.838371703540554,0.8442,-520.7437190080836,0.9612185057180643,41.86647992626715,2.9414219250640776e-14
5360,26.8,0.7312584311144792,-1.5179371437266274,-639.9077461130332,117.3669781938739,-522.5407679191593,-4.83834044369592,0.8442,-527.0011648096304,0.9320939629475866,56.23224946728623,2.6856441832320182e-14
5370,26.85,0.7697170333055715,-1.7719885074543944,-646.1022298123538,123.53958384554423,-522.5626459668096,-4.838543018211199,0.8442,-636.9654736061073,0.947968325653626,44.42140801014021,2.7696671290413467e-14
5380,26.900000000000002,0.7444536551758807,-1.6364137167182833,-642.0419056020738,119.48481165572885,-522.5570939463449,-4.838491610614305,0.8442,-576.7471703660747,0.9521909774421122,42.701023121474684,3.0047394453123614e-14
5390,26.95,0.7772403154018591,-1.8309251613472912,-647.306720513497,124.74707062199839,-522.5596498914986,-4.838515276773135,0.8442,-662.0226283074824,0.9754158340674252,30.74259885697841,3.3482566805486324e-14
5400,27.0,0.7559778236713179,-1.6270551463965828,-643.8940306764761,121.33444069924653,-522.5595899772295,-4.838514722011384,0.8442,-576.8892255686046,0.9542749944106628,42.615075187460484,3.628344901997795e-14
5410,27.05,0.6689654629516931,-0.98050991481752,-629.9256107601203,107.36895680374674,-522.5566539563736,-4.838487536633089,0.8442,-300.55619365017697,0.9683427488759617,37.379256058924305,3.198540780434328e-14
5420,27.1,0.6575767267340364,-0.9123027045805733,-628.101067693748,105.54106464081285,-522.5600030529351,-4.838518546786436,0.8442,-270.6886357752502,0.9719273199064344,32.79978320307457,3.859314730383479e-14
5430,27.150000000000002,0.6802029994735131,-1.1762445897557123,-631.6941975411781,109.17258141549887,-522.5216161256793,-4.838163112274809,0.8442,-379.319205566135,0.9205581258295525,83.04283864565063,3.564645885689614e-14
5440,27.2,0.7827544184540317,-1.8298605958932104,-648.2173519359185,125.63208416187209,-522.5852677740464,-4.838752479389319,0.8442,-663.4006224688073,0.9755242833089582,32.73904211047149,3.1578039354808685e-14
5450,27.25,0.7095393018358395,-1.4166303388863999,-636.4270844530068,113.88105794465224,-522.5460265083545,-4.838389134336616,0.8442,-481.0830904388289,0.952363389577564,37.66632301774263,3.587588259768069e-14
5460,27.3,0.6972550581342417,-1.3185790912210453,-634.4461092970429,111.9094368305458,-522.5366724664971,-4.838302522837936,0.8442,-439.4713865674348,0.9189452420382158,84.26190357224378,4.140929104920562e-14
5470,27.35,0.7677968900170007,-1.741538412230259,-645.7860769624934,123.23140084772861,-522.5546761147648,-4.838469223284859,0.8442,-624.6567434698547,0.972711325718523,33.895523771974695,3.950454368750806e-14
5480,27.400000000000002,0.7459217753599772,-1.616210151929244,-642.261163489586,119.72044494527634,-522.5407185443097,-4.838339986521386,0.8442,-569.4688079112079,0.967269660820123,33.57637606049234,4.3343795077675e-14
5490,27.45,0.7275140442945451,-1.4501372644224246,-639.3491302536171,116.76600410927449,-522.5831261443426,-4.838732649484654,0.8442,-499.7667078408321,0.9830902307061274,27.974184074250253,4.473347757565191e-14
5500,27.5,0.6083196394647435,-0.6837013298547594,-620.1709187508524,97.63530213409135,-522.535616616761,-4.838292746451491,0.8442,-166.99320421077434,0.9495943133166079,52.76312626520696,4.480131656237026e-14
5510,27.55,0.6368121197115788,-0.8089149740554525,-624.76666654254,102.2083452137084,-522.5583213288315,-4.838502975266959,0.8442,-224.28117709886146,0.9478641818794618,49.45862541967083,4.405309142434234e-14
5520,27.6,0.7077135953732258,-1.2523786708010876,-636.1951627047118,113.58803205740273,-522.6071306473091,-4.83895491340101,0.8442,-417.452541810707,0.9786905937243172,29.63927833679239,4.3828365335929884e-14
5530,27.650000000000002,0.632171696901673,-0.8974891751411952,-623.9964460135214,101.46355735271851,-522.5328886608029,-4.838267487600027,0.8442,-256.7720429985025,0.9719428979965594,34.52622268787876,4.306466957792587e-14
5540,27.7,0.7126194512320468,-1.4286387229997404,-636.9461838222361,114.37542192274351,-522.5707618994926,-4.838618165736043,0.8442,-486.689820336593,0.9518040248306567,40.87928621904049,4.664548891496359e-14
5550,27.75,0.733892960099794,-1.5969303763547213,-640.3464298937008,117.78982009601694,-522.5566097976839,-4.838487127756332,0.8442,-558.1719843395865,0.9422744632401635,56.033137387924015,4.680536745764917e-14
5560,27.8,0.7768188343463113,-1.783045481633609,-647.2408517275147,124.67942291258295,-522.5614288149318,-4.838531748286406,0.8442,-643.5100719668861,0.9682786243876718,31.569844653300702,4.590709278093503e-14
5570,27.85,0.6932172200294672,-1.1246755445861794,-633.7993619415741,111.26136381472948,-522.5379981268446,-4.838314797470783,0.8442,-363.7438553919017,0.9658838867894795,32.10721366409261,4.6660232960330674e-14
5580,27.900000000000002,0.7096155916914847,-1.091409856883363,-636.4714585328672,113.89330246648329,-522.5781560663839,-4.838686630244296,0.8442,-356.2897129137921,0.9788211160601439,28.674899341752624,4.7565331701709383e-14
5590,27.95,0.691823831489425,-1.0195057898340396,-633.5716630049718,111.0377249540527,-522.5339380509191,-4.838277204175177,0.8442,-322.9287389646612,0.9337116615300098,61.79421371670462,4.8342366993132526e-14
5600,28.0,0.7003343644861103,-1.1340779540831183,-634.9347629127099,112.40366550002071,-522.5310974126892,-4.838250901969344,0.8442,-369.6584108556601,0.9095025854958901,91.64084250187098,4.525686188433822e-14
5610,28.05,0.7149479090510444,-1.256391359564327,-637.3022591450532,114.74913940269263,-522.5531197423605,-4.838454812429264,0.8442,-421.3365105668044,0.9596842997923539,38.27313981572167,5.0039200137185113e-14
5620,28.1,0.6854984655947145,-1.11586078738295,-632.5666682669186,110.02250372795167,-522.5441645389669,-4.838371893879323,0.8442,-357.85991648898374,0.9631276740076599,40.18740192811792,4.979560671159154e-14
5630,28.150000000000002,0.698350401409365,-1.2265623459348753,-634.636281763213,112.08523942620307,-522.5510423370099,-4.838435577194536,0.8442,-404.51068258279514,0.9531721001236816,43.32783936801332,4.9276872493772307e-14
5640,28.2,0.6898556990036272,-1.1779584552594948,-633.2709170182449,110.72183969008216,-522.5490773281626,-4.8384173826681725,0.8442,-383.1044537547893,0.9597430734373811,41.55439554246701,4.3392007828904757e-14
5650,28.25,0.7113071426760705,-1.2866544588430011,-636.7191028121636,114.16479639950933,-522.5543064126542,-4.838465800117169,0.8442,-431.7717378053669,0.9539519121518439,48.7930512978476,4.6625038285229e-14
5660,28.3,0.6826931538100638,-1.0909341842327542,-632.1041107987334,109.57225118651523,-522.5318596122181,-4.83825795937239,0.8442,-347.38428210820837,0.9584300764399222,47.25759065065335,4.362252085810197e-14
5670,28.35,0.7258910729864674,-1.3418082230809105,-639.0725592655466,116.50551721432801,-522.5670420512186,-4.838583722696468,0.8442,-457.66468722342745,0.9763519333030432,29.942231786054382,4.8033796273545177e-14
5680,28.400000000000002,0.7125961837885577,-1.3318452364768054,-636.9033129734104,114.37168749806351,-522.5316254753469,-4.838255791438398,0.8442,-449.53339559934113,0.9569131734505133,42.1557517945942,4.072000246086071e-14
5690,28.45,0.7554983464947929,-1.569498589862264,-643.8175233764672,121.25748461241425,-522.5600387640529,-4.838518877444934,0.8442,-554.6439385536507,0.9680342391616785,35.24245143601739,4.4275215387064194e-14
5700,28.5,0.6652128876127119,-0.9424833492683976,-629.3262892135466,106.76666846184027,-522.5596207517063,-4.838515006960244,0.8442,-284.74594175880753,0.9711459662965304,31.52232419283126,4.465484832718679e-14
5710,28.55,0.6297012643052116,-0.7746250170705897,-623.6047956284452,101.06705292098646,-522.5377427074587,-4.83831243247647,0.8442,-208.81693530482045,0.9489331182696504,44.586439460948256,4.543580098455903e-14
5720,28.6,0.7694387383054101,-1.7554352942287537,-646.059437789053,123.49491749801832,-522.5645202910347,-4.838560373065136,0.8442,-630.5222604383891,0.9456373163887379,50.986495754169454,4.5345271890791065e-14
5730,28.650000000000002,0.7401284723823093,-1.6011437196758553,-641.3486433231437,118.79061981736064,-522.5580235057831,-4.83850021764614,0.8442,-561.8093517216889,0.9638741640633538,36.29475546207961,4.447025314934831e-14
5740,28.7,0.6879548443281847,-1.2265701702664873,-632.9687296353064,110.41675251467363,-522.5519771206328,-4.8384442325984525,0.8442,-401.1455250302628,0.9415741076567363,48.61263650305186,4.4862490057990835e-14
5750,28.75,0.753276590896139,-1.5782802915599614,-643.5000183095785,120.9008928388303,-522.5991254707483,-4.838880791395817,0.8442,-557.2944656577796,0.9710930891072027,32.877065676614926,4.0493950886566006e-14
5760,28.8,0.7181961706548659,-1.3754900434366055,-637.825628619185,115.27048539010596,-522.555143229079,-4.838473548417398,0.8442,-468.0984635247585,0.9455619831534773,48.16439201885488,3.9489551853602584e-14
5770,28.85,0.7256436511511338,-1.3675604547057914,-639.0375756152683,116.46580600975697,-522.5717696055113,-4.8386274963473275,0.8442,-467.4681082470279,0.9709325522972472,34.15418292522808,4.4963073035085536e-14
5780,28.900000000000002,0.6875307895132412,-1.0744376277658048,-632.8941060592598,110.34869171687521,-522.5454143423846,-4.83838346613319,0.8442,-342.6203750865903,0.9501495203104435,52.94265299574548,4.061186111892035e-14
5790,28.95,0.683857706842116,-0.9996630355278839,-632.3093297532354,109.75916194815962,-522.5501678050757,-4.838427479676627,0.8442,-312.7321585552486,0.956796377525876,39.6546558556467,3.9337161760213907e-14
5800,29.0,0.6936188533524759,-1.0936245926916035,-633.8842732390519,111.32582596307238,-522.5584472759796,-4.838504141444255,0.8442,-351.9567749062033,0.9556105915422497,46.18516150744652,3.9813687437615155e-14
5810,29.05,0.7171523621479129,-1.3206579462025307,-637.6697314530219,115.10295412474002,-522.5667773282819,-4.838581271558166,0.8442,-446.71596785819975,0.9552810285803063,40.55996765056117,3.8009981433426666e-14
5820,29.1,0.6937665982865647,-1.3021488372526853,-633.8960132056952,111.34953902499365,-522.5464741807016,-4.8383932794509406,0.8442,-432.0352711752846,0.9311094103005664,76.45203077026156,3.6219484169149266e-14
5830,29.150000000000002,0.7605244425407545,-1.7645446893073604,-644.6439949458995,122.06417302779109,-522.5798219181085,-4.8387020547973005,0.8442,-631.1301717111721,0.9722945085187327,28.27814839537802,3.4414048552438874e-14
5840,29.2,0.739397256892154,-1.6357688251780467,-641.2270449854306,118.67325973119071,-522.5537852542399,-4.838460974576295,0.8442,-574.861390974082,0.941138862839524,56.24844905946146,3.338819241351778e-14
5850,29.25,0.7397362541351089,-1.5735128001170613,-641.2957318982407,118.72766878868498,-522.5680631095556,-4.838593176940329,0.8442,-551.0776556949202,0.9272908429130117,67.16976208711631,3.5537023336195894e-14
5860,29.3,0.7351081197289006,-1.5377196958486676,-640.55272376427,117.98485321648853,-522.5678705477815,-4.8385913939609395,0.8442,-535.8409146285222,0.9587320541039781,38.8838729208593,3.8754258552159835e-14
5870,29.35,0.7288189074031812,-1.565175346546979,-639.5347762446103,116.97543463821059,-522.5593416063997,-4.838512422281479,0.8442,-544.3405597831684,0.951665159873618,47.742463783101506,4.089051968144531e-14
5880,29.400000000000002,0.7344293144230479,-1.660364710339984,-640.4337939311282,117.87590496489919,-522.557888966229,-4.838498971909528,0.8442,-582.6915629640889,0.9631130717236203,37.33117163066889,3.5685683684912e-14
5890,29.45,0.7791071911349657,-1.861360331674407,-647.6150514399382,125.046704177162,-522.5683472627761,-4.838595807988668,0.8442,-674.3083716502986,0.9524605236991617,44.395752261358865,4.014459033239854e-14
5900,29.5,0.7313702589445613,-1.4775864657219642,-639.9202036033472,117.3849265606021,-522.5352770427451,-4.83828960224764,0.8442,-511.550996086621,0.9197374904914395,71.91574546785962,4.647075833194255e-14
5910,29.55,0.7558758639558647,-1.5676415782733015,-643.9046700835676,121.31807616491628,-522.5865939186513,-4.83876475850603,0.8442,-554.0535418741227,0.97597968743605,35.16145459285357,4.2647740274859104e-14
5920,29.6,0.680565222473514,-1.17868568747349,-631.7655971658515,109.230718206999,-522.5348789588526,-4.838285916285672,0.8442,-380.37344767144015,0.9601381717779889,39.482670376890944,4.154801080438777e-14
5930,29.650000000000002,0.7417716521479495,-1.564496319820273,-641.6436464971792,119.05435016974589,-522.5892963274333,-4.8387897808095675,0.8442,-548.2766418079635,0.9689208070101459,33.19293311427253,4.23024111090483e-14
5940,29.7,0.6581590917076149,-1.0506362497795934,-628.1909995975299,105.6345342190722,-522.5564653784577,-4.838485790541275,0.8442,-323.96908777471435,0.9588174138518945,37.14270570028984,4.324072828647976e-14
5950,29.75,0.6597543181746973,-1.0442426770429334,-628.4514464976945,105.89056806703891,-522.5608784306556,-4.8385266521357,0.8442,-322.0321179248918,0.9539635965047043,40.762848285248886,4.130220839821489e-14
5960,29.8,0.7846561375121441,-1.8292632196701843,-648.539784050862,125.93731007069914,-522.6024739801628,-4.838911796112619,0.8442,-663.7875092514296,0.9880158803837352,22.597403454126447,4.3390194686671726e-14
5970,29.85,0.7020897198902841,-1.4165177939905869,-635.2377928151367,112.6854000423906,-522.5523927727461,-4.838448081229131,0.8442,-478.62623168538494,0.9253066506835504,74.25786196283558,4.224281895073311e-14
5980,29.900000000000002,0.7271676894486383,-1.5576574800129737,-639.2932908416859,116.71041415650645,-522.5828766851795,-4.838730339677588,0.8442,-540.9202432551907,0.9519511748295763,52.26028049370051,5.3721603139669425e-14
5990,29.95,0.7027040234872237,-1.4004777203795367,-635.3289607720114,112.7839957696994,-522.544965002312,-4.838379305576963,0.8442,-472.6691610401558,0.94911706157615,46.20634356214128,5.512075631247024e-14
6000,30.0,0.7033131965350415,-1.315417646403945,-635.4542379033198,112.88176804387416,-522.5724698594456,-4.838633980180052,0.8442,-440.22087571829593,0.9438102851756013,51.18824411505632,5.420799638382024e-15
6010,30.05,0.6802310827221296,-1.1100839399185332,-631.7395888071586,109.17708877690181,-522.5625000302568,-4.838541666946822,0.8442,-353.93615747964145,0.9303397844940342,60.84903348425415,5.564421850464315e-15
6020,30.1,0.7102210858005961,-1.2960052757724987,-636.5621962358839,113.99048427099567,-522.5717119648882,-4.8386269626378535,0.8442,-435.0086550521472,0.9587317152498079,39.188251543777724,2.560301409397926e-15
6030,30.150000000000002,0.7417769574446096,-1.5441862956811612,-641.6213752082037,119.05520166985984,-522.566173538344,-4.838575680910592,0.8442,-540.4834687303924,0.9674572058623199,40.62816086453925,1.2092770166729585e-14
6040,30.2,0.7791412594268785,-1.7494911175884527,-647.6449002065432,125.052172138014,-522.5927280685291,-4.8388215561900845,0.8442,-631.3845301703286,0.9644336015629891,32.723871412478054,6.702842213767637e-15
6050,30.25,0.6590230554071456,-0.9423775257219945,-628.3245313403595,105.77320039284686,-522.5513309475126,-4.838438249514006,0.8442,-282.699821543495,0.9487693651738266,55.5438891578751,1.0748478804416229e-14
6060,30.3,0.6462099569807536,-0.799347303756701,-626.2930297134125,103.71669809541095,-522.5763316180015,-4.838669737203718,0.8442,-223.65404939374307,0.9657259978933317,33.982990554941935,1.6954410213742128e-14
6070,30.35,0.7053393610888197,-1.2263046741741341,-635.7926584050628,113.20696745475556,-522.5856909503073,-4.83875639768803,0.8442,-406.6762123058609,0.9522319388024866,45.47976018577491,1.6636313239901872e-14
6080,30.400000000000002,0.7187104471302505,-1.3834627369714065,-637.932321110141,115.3530267644052,-522.5792943457358,-4.838697169867924,0.8442,-471.32497148287723,0.9453280503355458,59.944623774443976,2.2480508487819927e-14
6090,30.45,0.7342551367973658,-1.454954351325459,-640.4208683523071,117.8479494559772,-522.57291889633,-4.838638137928981,0.8442,-503.7995971689873,0.9592038808270278,39.724423266432545,2.096859801188025e-14
6100,30.5,0.7386722924613415,-1.397937359571542,-641.1292272591498,118.5569029400453,-522.5723243191045,-4.838632632584301,0.8442,-483.34790162606623,0.9662674570714836,32.244714925211866,2.5222172079014746e-14
6110,30.55,0.6782684309511294,-1.0119726548793755,-631.4201748516517,108.86208316765627,-522.5580916839955,-4.838500848925884,0.8442,-315.64560733132055,0.9459360008126808,53.99289475056673,2.5744010836511988e-14
6120,30.6,0.7354775975702338,-1.3151851858483412,-640.6357285066211,118.04415441002253,-522.5915740965986,-4.838810871264802,0.8442,-450.55292438289075,0.9628401835795,36.792477478114115,2.419496686156464e-14
6130,30.650000000000002,0.6611069949391307,-0.8862924950495338,-628.6497834959098,106.10767268773048,-522.5421108081794,-4.838352877853513,0.8442,-261.84984626519946,0.9275104981185738,75.49465059322596,1.8522849281383e-14
6140,30.7,0.7593801154498888,-1.4265332308966379,-644.5098978601756,121.88050852970716,-522.6293893304684,-4.839161012319152,0.8442,-501.0321975505118,0.9612560755214425,37.56717415561343,1.9456480331574182e-14
6150,30.75,0.6956236455404295,-1.0489175258109817,-634.1715529700392,111.64759510923894,-522.5239578608002,-4.838184795007409,0.8442,-335.4479650196378,0.9518907812748462,52.337559434909444,1.9525687428590847e-14
6160,30.8,0.7591080029531136,-1.4012775448877253,-644.4482099091707,121.83683447397473,-522.611375435196,-4.838994216992556,0.8442,-491.25101928150497,0.9696099261952639,30.385710979929083,1.794667878565804e-14
6170,30.85,0.6613603994315745,-0.8450174466583887,-628.6923883671935,106.14834410876772,-522.5440442584259,-4.83837078017061,0.8442,-246.0907793625293,0.9524393380799053,48.98684826971843,2.1413350138068894e-14
6180,30.900000000000002,0.6722270141544785,-0.8702151251680766,-630.4713555354732,107.8924357717938,-522.5789197636794,-4.838693701515551,0.8442,-259.28231334670284,0.9572592212203856,40.63656262391117,1.9507727470396795e-14
6190,30.95,0.6479972059539191,-0.7185067145326424,-626.5677002000032,104.00355155560402,-522.5641486443992,-4.838556931892585,0.8442,-193.20687912644195,0.9614772337033536,37.121395374564145,2.1008752377786646e-14
6200,31.0,0.6552276713487517,-0.7453533410333182,-627.7360073705246,105.16404125147466,-522.5719661190499,-4.838629315917128,0.8442,-205.85315923232434,0.9534208304292635,47.07391167447589,2.2935555233750808e-14
6210,31.05,0.6417226510355377,-0.6495009698091696,-625.5539911098484,102.9964854912038,-522.5575056186447,-4.838495422394858,0.8442,-164.68984220234245,0.9562905303931462,47.408504846119854,2.6444058210182014e-14
6220,31.1,0.6197133126948827,-0.5211838092552574,-622.0219853527773,99.46398668752867,-522.5579986652486,-4.838499987641192,0.8442,-108.31129227356472,0.9581943830663536,40.71624032410867,2.7555965074730512e-14
6230,31.150000000000002,0.6469419032048617,-0.7797698871991067,-626.3900673651452,103.8341754643803,-522.5558919007649,-4.838480480562638,0.8442,-216.37747932991277,0.9286784976606549,69.2330210024249,2.581514739327548e-14
6240,31.2,0.7397692030109925,-1.4426032754543205,-641.310731636691,118.7329570832643,-522.5777745534267,-4.838683097716914,0.8442,-500.8458696396759,0.9599596391282733,37.542501088419826,3.122737861867034e-14
6250,31.25,0.7307385809941014,-1.4151856787419814,-639.8680843365489,117.28354224955328,-522.5845420869956,-4.838745760064774,0.8442,-487.39720309933523,0.9704245667985212,32.36777349027739,3.17534096168764e-14
6260,31.3,0.6416195904365831,-0.8135657709116292,-625.527977789949,102.9799442650716,-522.5480335248774,-4.838407717822939,0.8442,-227.62375163105884,0.9509357294628926,41.252066627966755,3.204543046906576e-14
6270,31.35,0.6369535897770428,-0.7253685135260052,-624.8114444139983,102.23105115921537,-522.580393254783,-4.838707344951694,0.8442,-192.26227375124338,0.9493755269971884,53.67449813786413,3.6460981728697624e-14
6280,31.400000000000002,0.5996469601624761,-0.5709930754108636,-618.7791197171942,96.24333710607742,-522.5357826111168,-4.838294283436267,0.8442,-120.92635675670915,0.9569460744066877,49.15513452300669,3.72939927413294e-14
6290,31.45,0.710130609477887,-1.2984289599474776,-636.5655030880498,113.97596282120085,-522.589540266849,-4.838792039507861,0.8442,-435.90953934085223,0.9583931318643228,41.83609212987818,3.488808507770239e-14
6300,31.5,0.6813015116782881,-1.1015205708097595,-631.9196789474637,109.34889262436523,-522.5707863230984,-4.838618391880541,0.8442,-350.99639556681143,0.9688778645334054,31.562096781219385,3.788138878598884e-14
6310,31.55,0.6476383692490241,-0.8548308641802811,-626.5068899027724,103.94595826446836,-522.560931638304,-4.838527144799111,0.8442,-245.41118519519662,0.9532432502648739,40.35435010177129,4.249181922007067e-14
6320,31.6,0.6457692014803106,-0.7879119786298672,-626.2270563972089,103.64595683758985,-522.581099559619,-4.838713884811288,0.8442,-219.12242046910467,0.9533108487642261,43.76771233444358,3.870811323160651e-14
6330,31.650000000000002,0.6243488156976665,-0.6382485590473292,-622.7769211259427,100.20798491947548,-522.5689362064672,-4.838601261170993,0.8442,-154.74209708564138,0.9494027739211912,39.30109617242439,3.951536258499325e-14
6340,31.7,0.6740339497599613,-1.0196855981754664,-630.7687742240838,108.18244893647379,-522.5863252876101,-4.838762271181575,0.8442,-317.2338268823039,0.9619573389795765,41.375524901974046,3.4913689913519474e-14
6350,31.75,0.6895685669128742,-1.152333386575726,-633.2448430422179,110.6757549895163,-522.5690880527015,-4.838602667154644,0.8442,-373.1766417994356,0.9532089314084807,52.21418927338207,4.102454351816302e-14
6360,31.8,0.6947806762777158,-1.1960944054580018,-634.0591888149855,111.51229854257339,-522.5468902724122,-4.8383971321519645,0.8442,-391.66063900509346,0.9472626240356327,46.66281549122903,3.844050026920878e-14
6370,31.85,0.728672814938747,-1.4489517639688878,-639.5142642984737,116.9519867976689,-522.5622775008048,-4.838539606488934,0.8442,-499.687160016469,0.9742415598100654,30.882581928433446,3.773550927184856e-14
6380,31.900000000000002,0.7416997029160709,-1.5147975920855883,-641.6354137444382,119.04280231802939,-522.5926114264088,-4.838820476170452,0.8442,-529.1791916806231,0.9770723922071066,29.26138948291816,4.2318927597466066e-14
6390,31.95,0.6511975544947743,-0.8867755620192991,-627.0990196559952,104.51720749641127,-522.5818121595839,-4.83872048295911,0.8442,-258.8245863982381,0.9549869624533699,49.741629896187646,4.5242133144929796e-14
6400,32.0,0.620969655670518,-0.6540602276901601,-622.2427278157231,99.66562973511813,-522.577098080605,-4.838676834079676,0.8442,-159.71569349208949,0.9516110125624861,47.935920903229956,4.902326136840926e-14
6410,32.05,0.6447272526921564,-0.7558094322997588,-626.0506173243293,103.4787240570911,-522.5718932672382,-4.838628641363317,0.8442,-206.46402236788447,0.9396490470674947,53.02271349308656,5.2521998285445784e-14
6420,32.1,0.6113662665026377,-0.5350139373227701,-620.6816430140258,98.12428577367335,-522.5573572403524,-4.838494048521782,0.8442,-110.91478758478755,0.9544015591005104,42.91986453490884,5.394422329814405e-14
6430,32.15,0.6804345738170774,-0.9965709239509969,-631.7872224950194,109.20974909764092,-522.5774733973784,-4.838680309234985,0.8442,-310.43632553650144,0.9682325429336552,41.71263790596696,5.87424709741676e-14
6440,32.2,0.732099306282031,-1.39411674295048,-640.0947217638931,117.50193865826598,-522.5927831056271,-4.838822065792844,0.8442,-479.75191936667505,0.9767262683702029,33.14296590985419,6.200384378197588e-14
6450,32.25,0.6112042685882706,-0.7023151058736051,-620.6491743327889,98.09828510841743,-522.5508892243715,-4.838434159484922,0.8442,-175.07170396874218,0.9341175140109863,56.16458765316322,6.003999996259558e-14
6460,32.3,0.6328689570621444,-0.743317069160795,-624.1491565968105,101.57546760847418,-522.5736889883362,-4.838645268410521,0.8442,-197.8274242105975,0.9622368469184849,40.07797977840839,6.196629152917008e-14
6470,32.35,0.6409472596925184,-0.7273394031759144,-625.4315541090768,102.8720351806492,-522.5595189284277,-4.8385140641521085,0.8442,-194.3126410063813,0.9450598306081253,52.74783295083972,6.142315781867019e-14
6480,32.4,0.6269727908284427,-0.6309788550586755,-623.1656591947591,100.62913292796506,-522.536526266794,-4.838301169136981,0.8442,-152.8021867381244,0.9594025732811269,35.913301323665465,6.2510621596954e-14
6490,32.45,0.7046491817714997,-1.1641247459253927,-635.6866487235412,113.0961936743257,-522.5904550492155,-4.838800509714958,0.8442,-382.5882294207519,0.9727944664253738,31.271285802404112,6.931858184321063e-14
6500,32.5,0.6283867473526145,-0.7704882027521531,-623.3973261694495,100.85607295009461,-522.5412532193549,-4.838344937216249,0.8442,-206.80334188186217,0.938163734673392,53.47819225039956,7.000196633747255e-14
6510,32.55,0.6315199376971738,-0.688299304297693,-623.9346950622172,101.3589500003964,-522.5757450618208,-4.838664306127971,0.8442,-176.2747818609561,0.9687244934826152,38.42552290554031,6.871764850223816e-14
6520,32.6,0.5941509275711777,-0.43191945431902545,-617.901324149766,95.36122387517402,-522.540100274592,-4.838334261801777,0.8442,-65.76983879301146,0.948010577875189,52.63843589956092,6.810049939079996e-14
6530,32.65,0.6123998027993871,-0.5008131885785518,-620.8462150143047,98.29016834930164,-522.556046665003,-4.838481913564842,0.8442,-98.12356640685485,0.9716820755622497,32.60505337158645,6.612487309444614e-14
6540,32.7,0.6481796364867646,-0.6990144159463574,-626.602584735547,104.03283165612572,-522.5697530794213,-4.838608824809456,0.8442,-185.784933856757,0.969323692497894,32.02473007920413,6.473095339819756e-14
6550,32.75,0.6312053986406555,-0.612965750136446,-623.8655730419584,101.3084664818252,-522.5571065601332,-4.838491727408641,0.8442,-147.2602064965707,0.9632434483138916,39.92272176559897,6.62431866824101e-14
6560,32.8,0.6382668065381244,-0.6189522120963057,-625.0152875688362,102.44182244936897,-522.5734651194673,-4.838643195550623,0.8442,-151.84567867406005,0.9582151103728599,46.66946947121437,6.622490847645281e-14
6570,32.85,0.629602531847651,-0.5747273901276518,-623.6211102164599,101.051206361548,-522.5699038549119,-4.838610220878814,0.8442,-132.0651744539678,0.9539816000465879,41.2575276324397,6.918909978538352e-14
6580,32.9,0.5641738366223963,-0.2722642393686588,-613.1081656980332,90.5499007778946,-522.5582649201385,-4.838502452964246,0.8442,5.217661256623998,0.9415231395565128,57.854415190870064,6.80050572560192e-14
6590,32.95,0.552008826879986,-0.23473846759025552,-611.1495991800658,88.59741671423775,-522.5521824658281,-4.838446133942853,0.8442,23.56133959464165,0.9588753421772481,48.9488281515714,6.352998433923605e-14
6600,33.0,0.6395954121196702,-0.7853031045785611,-625.236509563409,102.65506364520706,-522.5814459182019,-4.8387170918352025,0.8442,-216.12083909315464,0.9682088945686236,34.40340335818176,7.045447672357913e-14
6610,33.05,0.6002795024689284,-0.5392207216925892,-618.8937308281025,96.344860146263,-522.5488706818395,-4.838415469276292,0.8442,-108.93722014568536,0.9490261271387839,58.794024920909905,7.938011164809332e-14
6620,33.1,0.6034331280481547,-0.47067389364228823,-619.4038860624972,96.85101705172883,-522.5528690107684,-4.8384524908404485,0.8442,-83.65104376927334,0.9722655289005534,39.10305670570713,7.397067112723424e-14
6630,33.15,0.6734659265002639,-0.8705850572890371,-630.6674778592975,108.09128120329235,-522.5761966560051,-4.838668487555602,0.8442,-259.8256991594727,0.9638947473470099,43.48286779554368,6.969132663379056e-14
6640,33.2,0.6330374946873218,-0.6173405663609528,-624.1557885197313,101.60251789731515,-522.5532706224162,-4.838456209466817,0.8442,-149.5328395611303,0.9513084118054811,53.144646198189484,7.636801244108837e-14
6650,33.25,0.6119727658878596,-0.46959347968650816,-620.7972218743041,98.22162892500148,-522.5755929493026,-4.838662897678728,0.8442,-86.00322862114923,0.9225642818795073,76.10005941318663,7.33057120537911e-14
6660,33.3,0.6040090070747743,-0.40787321310288593,-619.5039915388143,96.94344563550128,-522.560545903313,-4.838523573178825,0.8442,-59.73502197028951,0.950324834957539,54.23217909126196,7.562179664817208e-14
6670,33.35,0.6435609934304812,-0.6770799712443649,-625.8666094588385,103.29153944559224,-522.5750700132463,-4.838658055678207,0.8442,-175.8701565206819,0.9486549555980313,44.09576393279507,7.333567243233315e-14
6680,33.4,0.6311534022743865,-0.6308102971668268,-623.8758299399982,101.30012106503904,-522.5757088749592,-4.838663971064437,0.8442,-154.09201311839536,0.9526747612889058,39.438984610487125,7.136119883684893e-14
6690,33.45,0.6240325196217242,-0.5521829862024382,-622.7359162361189,100.15721939928675,-522.5786968368321,-4.8386916373780755,0.8442,-121.60805401827191,0.9669721981485764,42.29566432662221,7.586777295211219e-14
6700,33.5,0.6196731238776014,-0.519755673606572,-622.0022041139235,99.45753638235503,-522.5446677315686,-4.838376553070079,0.8442,-107.75015933394391,0.9628022679450501,44.64364170327553,7.468227679301092e-14
6710,33.55,0.6507066443511383,-0.7099173999041645,-627.0214166264144,104.4384164183577,-522.5830002080567,-4.8387314834079325,0.8442,-190.78819850375925,0.9790773437930002,29.65598485466955,7.569587201805542e-14
6720,33.6,0.6233417545498212,-0.5889797230596394,-622.586373749015,100.0463516052463,-522.5400221437687,-4.838333538368229,0.8442,-135.50666113347472,0.9412455497193919,49.83456605820489,7.883306650325708e-14
6730,33.65,0.6714433174790633,-0.9043521506858947,-630.3447542270045,107.76665245538966,-522.5781017716148,-4.8386861275149515,0.8442,-272.13002588657037,0.9500505653471053,49.82898619877405,7.91083096621629e-14
6740,33.7,0.6300816102506795,-0.7025935703212394,-623.6843131117986,101.12809844523406,-522.5562146665645,-4.838483469134856,0.8442,-181.29483601613492,0.9499799808265977,53.284848422967265,7.933629186600915e-14
6750,33.75,0.6179753238571006,-0.6036088412676859,-621.7635239987568,99.18503947906466,-522.5784845196921,-4.8386896714786305,0.8442,-139.38252453455218,0.948518346734453,56.005594524660175,8.32138012498331e-14
6760,33.8,0.5868476294574597,-0.38111406586102525,-616.7448625613862,94.18904452792229,-522.5558180334639,-4.838479796606147,0.8442,-43.90470043350578,0.9559401941791217,49.48289307254364,8.32023275116244e-14
6770,33.85,0.6131417855742486,-0.5247124437849227,-620.9676634196388,98.4092565846669,-522.558406834972,-4.838503766990481,0.8442,-107.53639086673456,0.9498730665178331,44.50480391226636,8.560761303649924e-14
6780,33.9,0.6262051051215115,-0.6183934537726782,-623.0723160567833,100.5059193720026,-522.5663966847807,-4.8385777470813025,0.8442,-147.7232385915104,0.9798940929970386,31.014268528988147,9.175988471103998e-14
6790,33.95,0.6121990767918292,-0.5428041351959636,-620.8236713761527,98.25795182508858,-522.5657195510641,-4.838571477324668,0.8442,-114.1744595197112,0.9608284448100481,45.22206064918686,8.764682765980232e-14
6800,34.0,0.6114925897151172,-0.5202546638960268,-620.7223146297596,98.14456064927631,-522.5777539804833,-4.838682907226697,0.8442,-105.29117639771238,0.9613479067900474,45.421453316481426,9.057858495260946e-14
6810,34.05,0.6268670195589243,-0.6561144400193193,-623.1669835961658,100.61215663920736,-522.5548269569584,-4.8384706199718375,0.8442,-162.41483644790043,0.9639701466387296,43.33760016761805,8.583137003706338e-14
6820,34.1,0.6949014000339767,-1.132956381868544,-634.1240116997961,111.53167470545326,-522.5923369943429,-4.838817935132805,0.8442,-367.4676762183215,0.9784402963898297,26.21571679132166,8.64130164813286e-14
6830,34.15,0.6353618050974076,-0.8110955143041257,-624.5167598920962,101.97556971813391,-522.5411901739623,-4.838344353462613,0.8442,-224.6481562827638,0.9489359213807159,57.989715670430975,8.70413435204174e-14
6840,34.2,0.6493121247899465,-0.8136170825514839,-626.7960956198251,104.21459602878642,-522.5814995910387,-4.838717588805913,0.8442,-230.13582592823053,0.9569174500617937,49.62342286826222,8.825819605772434e-14
6850,34.25,0.5542856830687064,-0.2116806798739258,-611.5332257271004,88.96285213252737,-522.5703735945731,-4.8386145703201215,0.8442,31.67310895482536,0.9634871112583654,39.34752735116682,8.948152324819985e-14
6860,34.300000000000004,0.5785950156109141,-0.35929427724413165,-615.4383440210155,92.8645000055517,-522.5738440154638,-4.838646703846887,0.8442,-32.856521029014225,0.9539467831810091,53.58075517549213,9.160477020100343e-14
6870,34.35,0.6369158767238077,-0.6844068800191938,-624.7933409712113,102.22499821417112,-522.5683427570401,-4.83859576626889,0.8442,-176.52917192620407,0.9684538953389569,34.329445903789924,8.646399969466981e-14
6880,34.4,0.6564464540363186,-0.7583122682265468,-627.9337337168905,105.35965587282914,-522.5740778440613,-4.8386488689264935,0.8442,-211.22162029171255,0.9776012732316616,33.50333957171611,9.079395223884217e-14
6890,34.45,0.6574907684520594,-0.7455250736445057,-628.1007649490135,105.52726833655554,-522.573496612458,-4.838643487152389,0.8442,-206.65231286440104,0.974248035196725,31.371711946924293,9.13099423612778e-14
6900,34.5,0.627629605987777,-0.5451525621155346,-623.3038214177316,100.7345517610382,-522.5692696566933,-4.838604348673086,0.8442,-120.07526621485457,0.9719717547385516,32.62153441118066,8.842558857341403e-14
6910,34.550000000000004,0.6228894986197698,-0.5273168122098357,-622.5522466396538,99.97376452847305,-522.5784821111808,-4.8386896491776,0.8442,-111.6941942783115,0.9517942588676164,44.7713533904516,8.31332384039122e-14
6920,34.6,0.6182883736938798,-0.49922276598745235,-621.8128702856245,99.23528397786771,-522.5775863077567,-4.8386813547014516,0.8442,-99.42106664661097,0.9651793614184605,37.451041110728994,8.77105876877258e-14
6930,34.65,0.6417910756172087,-0.6534297497568975,-625.5832895740565,103.007467636562,-522.5758219374945,-4.838665017939764,0.8442,-166.21985908149688,0.9616235505826892,42.400759937246626,9.312448549239978e-14
6940,34.7,0.6550495403315488,-0.8003218547318667,-627.7130355336591,105.13545122321358,-522.5775843104454,-4.838681336207828,0.8442,-226.8921024922148,0.9669293807547803,34.931252274651,9.323368460158886e-14
6950,34.75,0.6253579973381479,-0.6785301754431536,-622.9310830299873,100.36995857277273,-522.5611244572146,-4.838528930159395,0.8442,-170.5289673555974,0.9656884108153699,40.596856778507394,9.424060639563823e-14
6960,34.800000000000004,0.6153802558298604,-0.562056684050876,-621.3476936503433,98.76853106069261,-522.5791625896508,-4.8386959499041735,0.8442,-122.59419946808501,0.9599835170132054,48.2408772617483,9.154406542859941e-14
6970,34.85,0.5943496095521513,-0.28685133492325965,-617.9575486964312,95.39311233312029,-522.564436363311,-4.838559595956583,0.8442,-10.157748020864332,0.9571847986517272,47.42478721374491,9.179557342430073e-14
6980,34.9,0.6393337617040007,-0.48279756355823594,-625.1874943029605,102.61306875349212,-522.5744255494684,-4.838652088421004,0.8442,-99.93585671741474,0.9654551779178241,32.12669244405354,8.865735648804651e-14
6990,34.95,0.6542174713805875,-0.5624431005986372,-627.5815868937527,105.00190415658429,-522.5796827371685,-4.8387007660848935,0.8442,-135.32576216493638,0.9542500812189413,47.08538149065662,9.867895880547262e-14
7000,35.0,0.6453492293531843,-0.5391373587008716,-626.1661917802821,103.57855131118608,-522.5876404690961,-4.838774448787927,0.8442,-123.5078173310049,0.9555193327223555,47.899860978030645,5.33282776121634e-15
7010,35.050000000000004,0.621281380969909,-0.4749452260716319,-622.2853424281006,99.7156616456704,-522.5696807824303,-4.838608155392873,0.8442,-91.07319506620289,0.9592335302861507,38.09975954623248,1.040283454353144e-14
7020,35.1,0.6165163675783533,-0.4976094491523775,-621.5292704710639,98.9508769963257,-522.5783934747382,-4.838688828469798,0.8442,-98.22775323167615,0.9607873316089772,38.34631233090496,1.1009276270678879e-14
7030,35.15,0.5785540716594922,-0.34420256759725476,-615.4289033535102,92.85792850134851,-522.5709748521617,-4.838620137520016,0.8442,-27.05112781895005,0.9691090033522333,33.436807970409546,1.1167170511639172e-14
7040,35.2,0.576781232314347,-0.39964002461580017,-615.1423082983027,92.57338778645268,-522.56892051185,-4.838601115850463,0.8442,-47.753363827067915,0.95435597785003,52.03046649093737,1.3963233977343168e-14
7050,35.25,0.5798666686615856,-0.40426158582575183,-615.6366074547524,93.0686003201845,-522.5680071345679,-4.838592658653407,0.8442,-50.52677871698752,0.9598382645021906,49.50391919608051,2.031564043632957e-14
7060,35.300000000000004,0.5776709868656577,-0.33474682187575155,-615.2954409474787,92.71619339193805,-522.5792475555406,-4.838696736625376,0.8442,-23.13593749314515,0.9500393965846821,42.376141702357195,1.9942387115748697e-14
7070,35.35,0.5945511501223378,-0.49723552493102907,-617.9777015412918,95.42545959463521,-522.5522419466566,-4.838446684691265,0.8442,-90.96751241378917,0.9377479935601364,55.41738316852801,1.976321724055963e-14
7080,35.4,0.6564787114267022,-0.9163325082765249,-627.9585001641673,105.36483318398571,-522.5936669801815,-4.838830249816495,0.8442,-271.87949857104985,0.9667075033069527,38.392246833409395,2.0546162101551536e-14
7090,35.45,0.6106425177316633,-0.5768694715848749,-620.5869276224786,98.00812409593196,-522.5788035265466,-4.838692625245802,0.8442,-126.74425069552672,0.9621001195114062,37.44267370781799,2.3869020442669776e-14
7100,35.5,0.6137290984141581,-0.5351787419457694,-621.0830313863412,98.50352029547238,-522.5795110908688,-4.838699176767303,0.8442,-111.74359636535652,0.9570144322548328,45.25028340707752,2.481193222655453e-14
7110,35.550000000000004,0.6284315876491687,-0.6797261075347216,-623.4231931053401,100.86326981769157,-522.5599232876485,-4.838517808218968,0.8442,-171.98380374319595,0.9521161387256935,45.533271819314606,2.01606383071418e-14
7120,35.6,0.6561868321517833,-0.8797660653517514,-627.901483487061,105.31798656036122,-522.5834969266998,-4.838736082654628,0.8442,-257.7509004184724,0.9425899741406807,64.53597757332368,1.3855322302339788e-14
7130,35.65,0.6502392778809728,-0.8205665471690803,-626.9501916692213,104.36340409989613,-522.5867875693252,-4.838766551567826,0.8442,-233.10339545118867,0.964467178406101,38.14206839429716,1.7682044474546663e-14
7140,35.7,0.6092310930868913,-0.6092871440258597,-620.3399397409859,97.78159044044605,-522.5583493005398,-4.838503234264258,0.8442,-138.72869972762965,0.9700856715490974,37.37088123323113,1.654083276753641e-14
7150,35.75,0.6547551937304394,-0.9277495737265936,-627.6765233260236,105.08820859373553,-522.588314732288,-4.83878069196563,0.8442,-275.70289500166615,0.960681078874368,48.57760878547189,2.0382894249227518e-14
7160,35.800000000000004,0.6462268790417622,-0.9076494876890648,-626.290267975338,103.71941408620285,-522.5708538891352,-4.838619017491992,0.8442,-265.22540230744903,0.9335999405915433,55.366521069230366,2.240830888220994e-14
7170,35.85,0.6491230584618093,-0.9308651777740147,-626.7558207781038,104.1842508831204,-522.5715698949834,-4.838625647175773,0.8442,-275.0738373932564,0.9498534372120596,46.467740208662484,2.3523452106727368e-14
7180,35.9,0.6914845663311481,-1.1366760226176067,-633.5767322324369,110.98327289614927,-522.5934593362877,-4.838828327187849,0.8442,-367.7882027698871,0.958363686509639,41.050769024341975,1.7416352775742777e-14
7190,35.95,0.6416358455453378,-0.7586172861913343,-625.5208984338047,102.98255321002672,-522.538345223778,-4.838318011331278,0.8442,-206.5400476047323,0.9119588607358321,106.02405599333721,1.9518229144864535e-14
7200,36.0,0.6722502406930674,-0.8005498199868561,-630.4662978172022,107.89616363123731,-522.5701341859649,-4.838612353573749,0.8442,-232.5526214048652,0.9681684522931079,40.21758951683995,1.807416572887903e-14
7210,36.050000000000004,0.6673590051133761,-0.7218089044108538,-629.6825503836864,107.11112032069687,-522.5714300629895,-4.8386243524350885,0.8442,-200.74746703934707,0.9641246344091434,40.955259215478044,1.8425438057771106e-14
7220,36.1,0.618922982010213,-0.4301495942457799,-621.9365825741334,99.33713861263918,-522.5994439614942,-4.8388837403842055,0.8442,-73.11672043726271,0.9485350972867528,43.51524512595534,1.9511360267884467e-14
7230,36.15,0.6031144008283568,-0.2966252279453656,-619.4010295779332,96.79986133295127,-522.6011682449819,-4.838899705972055,0.8442,-16.748714688553306,0.9749984290169076,33.364964063921825,2.070030107130448e-14
7240,36.2,0.5740884860750577,-0.08117666525913325,-614.7050755345925,92.14120201504676,-522.5638735195457,-4.838554384440238,0.8442,75.34382941757491,0.9425138763041522,58.108915194827105,1.5247697941118834e-14
7250,36.25,0.6130460504768409,-0.31349036905351346,-620.9642249982804,98.39389110153296,-522.5703338967475,-4.838614202747662,0.8442,-26.439331220433203,0.9674543111785943,40.844196761701156,1.93654372596901e-14
7260,36.300000000000004,0.6398762366151561,-0.4505883723863852,-625.2677486095929,102.70013597673257,-522.5676126328603,-4.838589005859818,0.8442,-87.74988210476315,0.9547691091002258,50.419913944267876,2.140493004076271e-14
7270,36.35,0.6232318394681359,-0.35301870401766733,-622.5860956436871,100.02871023463581,-522.5573854090513,-4.838494309343068,0.8442,-44.910316392094,0.9351785306553365,61.369479901000624,2.1934720578273398e-14
7280,36.4,0.6061647082248308,-0.382107622014777,-619.8607872013055,97.28943567008534,-522.5713515312201,-4.838623625289075,0.8442,-50.54475614533936,0.9463610146541538,52.19476372367371,2.520530263906774e-14
7290,36.45,0.6072036564794829,-0.5774495166941245,-620.0242838233083,97.456186864957,-522.5680969583514,-4.838593490355105,0.8442,-125.85267824185637,0.9325687086297975,65.16213142383245,2.0572335471602544e-14
7300,36.5,0.63951673298683,-0.7824603579235099,-625.2245965966373,102.64243564438621,-522.5821609522511,-4.838723712520844,0.8442,-215.00431422275145,0.97161079318304,39.086666519770795,2.6414268384737892e-14
7310,36.550000000000004,0.606661960878896,-0.5607050904411754,-619.9613884214808,97.36924472106281,-522.592143700418,-4.83881614537424,0.8442,-119.25073661666741,0.9568477926441052,46.084894854829095,3.069380168717843e-14
7320,36.6,0.6358404829130319,-0.7701226205046252,-624.6325650579687,102.05239750754161,-522.5801675504271,-4.838705255096547,0.8442,-209.07804345172093,0.9368693994799158,60.68610656310847,3.122357924429294e-14
7330,36.65,0.6243988412882916,-0.6908696886388399,-622.7875095072113,100.21601402677081,-522.5714954804405,-4.838624958152227,0.8442,-174.95404807737043,0.942105702611785,60.52690658443865,3.1935464470308355e-14
7340,36.7,0.5900609317157084,-0.4428000025963778,-617.2574711509158,94.7047795403712,-522.5526916105446,-4.838450848245783,0.8442,-68.62058352586803,0.9561155481604283,47.47831069728074,2.984208448290196e-14
7350,36.75,0.6672855889535678,-0.8281822404991503,-629.7034108569372,107.09933702704764,-522.6040738298896,-4.838926609536014,0.8442,-241.54926761485572,0.9594924718338812,45.59772772372938,3.2734498036692345e-14
7360,36.800000000000004,0.6068379754643923,-0.410137007836395,-619.9706464059483,97.39749506203496,-522.5731513439133,-4.838640290221419,0.8442,-61.5204415281668,0.9473604979220078,59.74964464760039,3.218598588538919e-14
7370,36.85,0.5980302457234605,-0.32254085773195196,-618.5516757727917,95.98385443861541,-522.5678213341763,-4.838590938279411,0.8442,-25.047745580804772,0.9464272383130449,56.95419059622636,2.6487676746759542e-14
7380,36.9,0.6375796720061485,-0.6757676380269998,-624.9163522391946,102.33153735698683,-522.5848148822078,-4.838748285946368,0.8442,-173.4285410463074,0.9606027053760389,40.31961871519639,2.972211358263412e-14
7390,36.95,0.6493191056876091,-0.9306062304216232,-626.7863620137513,104.21571646286127,-522.57064555089,-4.838617088434167,0.8442,-275.0379739152461,0.9400389236905129,60.79369328363116,3.860065204815538e-14
7400,37.0,0.6238701720094049,-0.860263688235723,-622.7075993536812,100.13116260750948,-522.5764367461717,-4.838670710612701,0.8442,-239.79538167757607,0.9225188964961444,70.98203427911331,3.4157507134707406e-14
7410,37.050000000000004,0.5781758711025539,-0.5863140853397883,-615.3561149377364,92.79722731195989,-522.5588876257765,-4.83850821875719,0.8442,-119.84985564373876,0.9413757628000546,68.17092032051916,2.3479117164358402e-14
7420,37.1,0.6126774053625663,-0.7333562534742737,-620.9043354878736,98.3347235606919,-522.5696119271817,-4.838607517844275,0.8442,-187.46244712395588,0.9517311550633067,53.33577305775499,2.9035516115404855e-14
7430,37.15,0.6020525212193948,-0.577643188630028,-619.1995229479738,96.62942965571285,-522.5700932922609,-4.838611974928342,0.8442,-124.25804079810511,0.9640063335037667,39.82222346534801,2.1624871093180295e-14
7440,37.2,0.6081660133424849,-0.5720819877592456,-620.1862347180981,97.61064514146882,-522.5755895766293,-4.838662866450272,0.8442,-124.10444943843653,0.973185359403722,30.444588945895557,2.7440538286866948e-14
7450,37.25,0.6330518268003703,-0.7218735854354572,-624.1949987711095,101.60481820145944,-522.59018056965,-4.8387979682374995,0.8442,-189.6567655397682,0.9618024777945413,38.444262737527545,2.816350270490536e-14
7460,37.300000000000004,0.6070659218377454,-0.6320402637219866,-619.9994576378151,97.43408045495815,-522.565377182857,-4.838568307248676,0.8442,-146.75972485122807,0.9556673302192261,39.68358121826568,2.808425394688146e-14
7470,37.35,0.6462480482815507,-0.9022545470389792,-626.3110101551514,103.72281174918888,-522.5881984059625,-4.838779614870024,0.8442,-263.16170822639555,0.9890841898315548,27.712683363553307,2.685271254787086e-14
7480,37.4,0.6438637562035522,-0.9173771726760769,-625.9185956199209,103.34013287067012,-522.5784627492508,-4.83868946990047,0.8442,-268.1931903749525,0.9672002408002678,34.843443632984425,2.825773875253788e-14
7490,37.45,0.6387361253672031,-0.8543200722855728,-625.099512146878,102.51714812143611,-522.582364025442,-4.838725592828166,0.8442,-242.33081864433638,0.9515510514539045,35.32826352861685,3.2741086879053936e-14
7500,37.5,0.6129886260487891,-0.6588677781978229,-620.9464399384009,98.38467448083065,-522.5617654575702,-4.838534865347873,0.8442,-158.97495522808066,0.975200067128162,35.24453185058909,3.462142877762582e-14
7510,37.550000000000004,0.6262438723255902,-0.7339118159268466,-623.0935643930906,100.51214150825723,-522.5814228848333,-4.838716878563271,0.8442,-192.07120468322324,0.9524493240430786,45.847652987033406,3.632156176335806e-14
7520,37.6,0.637987805286033,-0.8641240207158982,-624.9726443147466,102.39704274840831,-522.5756015663383,-4.838662977466095,0.8442,-245.85107235692544,0.974002787962331,29.157946372653083,3.859683000034177e-14
7530,37.65,0.6202180459244024,-0.7847963857279909,-622.1109131160613,99.5449963708666,-522.5659167451947,-4.838573303196248,0.8442,-209.6480961279718,0.9670127454194913,43.85067508195849,3.868963969281903e-14
7540,37.7,0.5749564729279706,-0.48208427857300923,-614.8325577135103,92.28051390493928,-522.5520438085709,-4.838444850079361,0.8442,-78.8038597225507,0.9484801767755887,59.28224907502184,4.2319826408344094e-14
7550,37.75,0.6415344853799049,-0.8363313344836784,-625.5626447595577,102.96628490347473,-522.5963598560829,-4.83885518385262,0.8442,-236.33349410222357,0.9661058785496377,42.192743182079155,4.198346204284728e-14
7560,37.800000000000004,0.6529636340082853,-0.9123945617812741,-627.3888435656125,104.80066325832979,-522.5881803072828,-4.838779447289655,0.8442,-269.22924809484914,0.9398700713042485,61.509037872483475,3.9489620132412155e-14
7570,37.85,0.5700262316001286,-0.34563335104611576,-614.041426517843,91.48921017182063,-522.5522163460223,-4.838446447648355,0.8442,-24.837235615824916,0.940755148940751,52.38041844068476,4.5487078410443426e-14
7580,37.9,0.5748703986949747,-0.40644562916581883,-614.8538957288633,92.26669899054343,-522.5871967383199,-4.838770340169629,0.8442,-49.746212836743865,0.980177789081655,27.90182449101032,4.336085430353942e-14
7590,37.95,0.5927045808333712,-0.5972272978366663,-617.7153555552462,95.12908522375608,-522.5862703314901,-4.8387617623286125,0.8442,-128.7455973607838,0.9627026890145757,43.090677926406045,4.2878331044740593e-14
7600,38.0,0.6257183541521206,-0.822035894779168,-623.0125099332103,100.42779584141536,-522.5847140917949,-4.838747352701805,0.8442,-225.72254488333004,0.9595223851302691,43.911024917941994,4.401216074629317e-14
7610,38.050000000000004,0.6526562237110433,-0.9032952312287035,-627.3447261552667,104.75132390562244,-522.5934022496442,-4.8388277986078165,0.8442,-265.63736677589304,0.9400267144266952,53.50688951451975,3.7188877425655206e-14
7620,38.1,0.591605861851872,-0.4876197510150133,-617.4954393851502,94.95274082722547,-522.5426985579247,-4.8383583199807845,0.8442,-86.32275009116711,0.956907542389965,49.50714377402121,4.0092672580343727e-14
7630,38.15,0.6658276765436356,-0.9670583073744282,-629.4673515194826,106.86534208525352,-522.6020094342291,-4.83890749476138,0.8442,-294.3768870165324,0.9651732953771235,32.11283542454187,4.297724809553463e-14
7640,38.2,0.6174553764772245,-0.7066824566806207,-621.6689943206942,99.10158792459453,-522.5674063960996,-4.838587096260182,0.8442,-178.77323167798886,0.9585741149942063,42.1773694231642,4.3681773931997835e-14
7650,38.25,0.5925402640446549,-0.48835963785584013,-617.6678562120632,95.1027123791671,-522.5651438328961,-4.83856614660089,0.8442,-86.90946150045355,0.96464995000975,35.5171410121392,4.239264176314401e-14
7660,38.300000000000004,0.6363722142682289,-0.7460454997635221,-624.7187409160255,102.13774039005074,-522.5810005259748,-4.8387129678331,0.8442,-200.00963841208716,0.9639428532672677,45.33011803296076,4.250002220318285e-14
7670,38.35,0.6402705551095715,-0.8000246582209547,-625.3341464525125,102.76342409508624,-522.5707223574263,-4.8386177996057995,0.8442,-221.98964865350496,0.9702843446683747,35.344586416673565,4.110109702409547e-14
7680,38.4,0.6348686311084664,-0.720566421252997,-624.4735121760162,101.89641529290886,-522.5770968831074,-4.838676822991736,0.8442,-189.74372665405008,0.9727891573147343,37.185589691599304,3.9573348412878323e-14
7690,38.45,0.6500608047182208,-0.7239693616233369,-626.915847182934,104.33475915727443,-522.5810880256596,-4.838713778015367,0.8442,-195.97202345512693,0.9546036665327151,48.23712363873895,4.104475340091298e-14
7700,38.5,0.6190891214286885,-0.5030328022461674,-621.9074323222056,99.36380398930451,-522.5436283329011,-4.838366929008344,0.8442,-101.14278295654555,0.9348781169804287,53.824628285530785,4.6325013999969144e-14
7710,38.550000000000004,0.631959704798018,-0.504862038006041,-624.0425608072256,101.42953262008189,-522.6130281871438,-4.839009520251331,0.8442,-106.01490407221091,0.9729441685104199,39.441877549638775,3.9191659038310367e-14
7720,38.6,0.5770491306800201,-0.19952970538000026,-615.1777242448052,92.61638547414321,-522.5613387706619,-4.838530914543166,0.8442,28.96123894135377,0.957440399221887,45.41162411330806,3.9995890399292475e-14
7730,38.65,0.6438000908529758,-0.6770488589425211,-625.924842883953,103.32991458190263,-522.5949283020504,-4.838841928722689,0.8442,-175.93568333006507,0.9538112854958312,42.93249374513041,4.1212085822829987e-14
7740,38.7,0.5908699829433236,-0.47761070557270574,-617.3825076779948,94.83463226240343,-522.5478754155913,-4.838406253848068,0.8442,-82.242900634786,0.9454818315503938,42.48894625205765,4.106045307413858e-14
7750,38.75,0.6920320589620702,-1.032474584547775,-633.6866270383581,111.07114546341226,-522.6154815749459,-4.839032236805054,0.8442,-327.9735672424984,0.9775381868878468,26.360302528118957,4.8266818310185564e-14
7760,38.800000000000004,0.5743658493758911,-0.2883987440181178,-614.7298667929052,92.18571882483052,-522.5441479680748,-4.838371740445137,0.8442,-4.276898075727132,0.942398063116211,58.11262523811755,4.268657346007525e-14
7770,38.85,0.6134680024847706,-0.4951723566586502,-621.054316868994,98.46161439880568,-522.5927024701883,-4.83882131916841,0.8442,-96.30473827425321,0.9686995943572336,35.00421195826102,4.3490746293608435e-14
7780,38.9,0.6172478935451626,-0.5751172870387719,-621.6384512614455,99.0682869139986,-522.570164347447,-4.838612632846731,0.8442,-128.2119122495087,0.9444517465625356,63.74621199176178,4.300323389227394e-14
7790,38.95,0.6699020110485931,-0.8652544522919158,-630.1120645738374,107.51927277329919,-522.5927918005382,-4.838822146301279,0.8442,-256.62512936020636,0.9742077186151596,38.1724618730635,4.722200100226965e-14
7800,39.0,0.6175391401637864,-0.49998921980420563,-621.6811450129277,99.11503199628773,-522.56611301664,-4.838575120524444,0.8442,-99.47247636242487,0.9554710607861329,44.70339688345959,4.3417528034640116e-14
7810,39.050000000000004,0.6088806532039543,-0.38269088797210143,-620.3013969730438,97.72534483923468,-522.5760521338091,-4.838667149387121,0.8442,-51.64857705699418,0.9803315180613207,26.614666008637197,4.722690917258899e-14
7820,39.1,0.617740623225244,-0.45138794409918376,-621.7120426694033,99.14737002765166,-522.5646726417517,-4.838561783719923,0.8442,-80.88481523914749,0.9460335977532616,48.69023165532078,5.107412063207335e-14
7830,39.15,0.6316918582330268,-0.5476300346617677,-623.9688617983594,101.38654324640079,-522.5823185519586,-4.838725171777394,0.8442,-122.3422782841534,0.9350763930875969,52.72322437592586,6.286578444190258e-14
7840,39.2,0.617986512600599,-0.44356587614396714,-621.7523741386507,99.18683527239614,-522.5655388662545,-4.838569804317172,0.8442,-77.96241040755356,0.976007880252473,30.898966888191605,5.878198447171402e-14
7850,39.25,0.6109246066596097,-0.3737249248337866,-620.6313577835891,98.05339936886735,-522.5779584147218,-4.838684800136313,0.8442,-48.869723381964064,0.9694590313443069,33.960786697996106,5.886697823656389e-14
7860,39.300000000000004,0.5822199537959984,-0.2290787773735623,-616.0011401061416,93.44630258425775,-522.5548375218839,-4.8384707177952215,0.8442,15.945097030367009,0.9591699430103231,46.65392061949299,5.964700968225209e-14
7870,39.35,0.656407782616235,-0.7160715235841124,-627.9334026551497,105.35344910990571,-522.579953545244,-4.8387032735670745,0.8442,-194.99729110205703,0.9535563298215316,50.5066543746619,5.862940172164805e-14
7880,39.4,0.6893864235608509,-0.9443599945718385,-633.2309856915767,110.64652098151657,-522.5844647100602,-4.838745043611668,0.8442,-293.2984150704382,0.9707653649820805,37.01542711764033,6.062962055304515e-14
7890,39.45,0.6169041305000768,-0.5508098851877934,-621.5474719630306,99.01311294526232,-522.5343590177683,-4.838281102016373,0.8442,-118.771466214423,0.9327461697854211,56.46250075998332,6.1679362663056e-14
7900,39.5,0.6670364660427773,-0.8319874933356459,-629.6575907025424,107.05935279986576,-522.5982379026766,-4.838872573172932,0.8442,-242.92898998060653,0.9706264448337169,39.14689427215491,6.411103745963693e-14
7910,39.550000000000004,0.6531157834743669,-0.7476215931959631,-627.4023710998825,104.8250832476359,-522.5772878522466,-4.838678591224506,0.8442,-206.03945210105798,0.9575421255301537,45.682601432810145,5.992194153287617e-14
7920,39.6,0.6297732954134073,-0.5752992246446618,-623.6317076910758,101.07861391385188,-522.5530937772239,-4.838454572011333,0.8442,-132.3399692545219,0.9584168299175473,48.923118283451416,5.799005963607133e-14
7930,39.65,0.6517705682473062,-0.6431220070540664,-627.1990149376687,104.60917620369264,-522.5898387339761,-4.838794803092371,0.8442,-165.49715139618667,0.9783734170746017,31.85775922253338,5.435627438295818e-14
7940,39.7,0.6153159541782675,-0.40737172326352283,-621.3214898997106,98.75821064561192,-522.5632792540987,-4.838548881982395,0.8442,-63.2060033838781,0.9692405555348915,34.533513984839686,5.470192324234074e-14
7950,39.75,0.6181800656262323,-0.4547237599699025,-621.7887877838463,99.21790053301028,-522.570887250836,-4.838619326396629,0.8442,-82.30746506049918,0.9693137572668609,33.326608920575325,5.370476569766057e-14
7960,39.800000000000004,0.5943854543362118,-0.31692141222006953,-617.9515070856256,95.398865420962,-522.5526416646636,-4.838450385783922,0.8442,-21.71011634374804,0.9625705897747147,44.31520628585564,5.03408484330064e-14
7970,39.85,0.6413946754179517,-0.6381663813920931,-625.5076851099988,102.94384540458125,-522.5638397054175,-4.838554071346459,0.8442,-160.23341623641568,0.9623735195879412,47.01292587198409,4.896889272987709e-14
7980,39.9,0.6804686652213924,-0.9539926623344583,-631.7839435142879,109.21522076803348,-522.5687227462545,-4.838599284687541,0.8442,-294.1060340705252,0.9659068564178876,43.630282427283916,4.801969898060518e-14
7990,39.95,0.6716040786274542,-0.9325292889589342,-630.3679384620565,107.7924546197064,-522.5754838423501,-4.838661887429168,0.8442,-282.9963659936322,0.9797263937245795,29.283674798935053,4.808557952023368e-14
8000,40.0,0.6229431280987904,-0.6915851945165203,-622.5677595083722,99.98237205985586,-522.5853874485164,-4.838753587486263,0.8442,-174.7570048035082,0.9514213290933995,48.05804312023124,6.217744553425431e-15
8010,40.050000000000004,0.6166791116187414,-0.6919709604984788,-621.5540800238467,98.976997414808,-522.5770826090387,-4.838676690824433,0.8442,-172.8755186382848,0.9263959321303114,62.753737087448265,5.062559167844617e-15
8020,40.1,0.6606788369794415,-0.9324732084251748,-628.6057027937107,106.03895333520036,-522.5667494585103,-4.838581013504726,0.8442,-279.4350642538836,0.963589771759725,41.91165060657254,9.243065094059318e-15
8030,40.15,0.659404842562292,-0.8467150512472436,-628.4211373267422,105.83447723124787,-522.5866600954943,-4.838765371254577,0.8442,-246.10871161490704,0.9736976967092198,33.22224864053675,1.1587645343500328e-14
8040,40.2,0.5765609281844842,-0.36769126700104526,-615.0870642992285,92.53802897360971,-522.5490353256188,-4.83841699375573,0.8442,-35.42020198268987,0.9242831210524277,87.76010113976311,8.15711765654056e-15
8050,40.25,0.5930212226470908,-0.49160307045892737,-617.7417212022657,95.17990623485807,-522.5618149674076,-4.838535323772293,0.8442,-88.31010630631164,0.937678131913272,63.33667488711996,8.500459400849937e-15
8060,40.300000000000004,0.638514720175219,-0.7785174798092186,-625.0588648528765,102.48161258812266,-522.5772522647538,-4.838678261710684,0.8442,-213.1664039469016,0.9663425595097436,43.49291875246859,9.145198925828916e-15
8070,40.35,0.6209319612905908,-0.6851994020660493,-622.2185507205744,99.65957978713982,-522.5589709334346,-4.838508990124394,0.8442,-171.65454956983754,0.9451703129700628,61.74935119967376,7.703259875046668e-15
8080,40.4,0.6574300396029615,-0.8957557228249328,-628.0942868362769,105.51752135627532,-522.5767654800015,-4.838673754444459,0.8442,-264.2904551660713,0.9512205290499471,41.105761997850834,9.648725966039427e-15
8090,40.45,0.6445024013880146,-0.76471712700512,-626.0183374149298,103.44263542277635,-522.5757019921534,-4.838663907334754,0.8442,-209.80990198876475,0.9450266235490833,55.50964821014195,9.853502986268632e-15
8100,40.5,0.6389577737969911,-0.7430994815596683,-625.139501112832,102.55272269441707,-522.586778418415,-4.838766466837176,0.8442,-199.71669173204222,0.9631388170908091,39.298660760273194,1.7224079089531862e-14
8110,40.550000000000004,0.5841378953856404,-0.47203217922717833,-616.3105262503005,93.7541322093953,-522.5563940409053,-4.838485130008382,0.8442,-77.92069202261064,0.9431319769437819,52.350813767959345,1.8238095598693885e-14
8120,40.6,0.6039295741636742,-0.4724132034548876,-619.5434569159278,96.9306966532697,-522.6127602626581,-4.839007039469056,0.8442,-84.4794312579679,0.9595554097004981,46.36332288020996,2.0767477687822637e-14
8130,40.65,0.5386441334563402,-0.008289674095062538,-608.9849824640108,86.4523834197426,-522.5325990442682,-4.838264805965446,0.8442,114.8014849742115,0.9330099792325603,71.37656861163033,1.649801116933558e-14
8140,40.7,0.6371785771896886,-0.5507713122852325,-624.8478893938325,102.26716163894503,-522.5807277548874,-4.838710442174884,0.8442,-125.32558284279338,0.9413534013586455,55.2532984879756,1.904715254137172e-14
8150,40.75,0.6127971131054994,-0.4071456376413191,-620.9079186149775,98.35393665343265,-522.5539819615448,-4.838462795940229,0.8442,-62.30312827502904,0.9593898339118737,42.289016017394395,2.242492489760039e-14
8160,40.800000000000004,0.6175247570987984,-0.4834408175380051,-621.6967951995322,99.11272351435714,-522.584071685175,-4.838741404492361,0.8442,-93.11661708536855,0.9513916996876112,55.05678306216895,1.6469514014675338e-14
8170,40.85,0.6482143114119846,-0.7608512101196103,-626.6187966847672,104.03839698162352,-522.5803997031437,-4.838707404658738,0.8442,-209.52884007023732,0.9703212870181559,32.73458981441481,2.5688534966748043e-14
8180,40.9,0.6437923855003688,-0.7818724815955863,-625.8876033370589,103.3286778728092,-522.5589254642497,-4.838508569113423,0.8442,-216.16400146010977,0.9641526357500682,37.32486860458356,2.262419946251791e-14
8190,40.95,0.6584738768498817,-0.8940062578938873,-628.2567883122371,105.68505723440602,-522.571731077831,-4.838627139609547,0.8442,-263.9572219999835,0.9430021989754432,48.81113476357462,2.0100939688999567e-14
8200,41.0,0.6514208801404466,-0.8181874475635448,-627.1186859511475,104.55305126254169,-522.5656346886059,-4.8385706915611655,0.8442,-232.57314731460914,0.9744536655080339,30.413791972016654,1.7162195095234623e-14
8210,41.050000000000004,0.6431265467526053,-0.7299769333514055,-625.7863819034756,103.22181075379315,-522.5645711496824,-4.838560843978541,0.8442,-196.03100172299315,0.9693143272327698,33.49229911959216,1.372551802039154e-14
8220,41.1,0.6645329309004645,-0.8558724684179334,-629.2265591548074,106.65753540952456,-522.5690237452828,-4.838602071715582,0.8442,-251.2847859906842,0.9679363493219143,40.684011496980446,6.4605536724618406e-15
8230,41.15,0.6644170502045833,-0.8894021060992828,-629.2202523044997,106.63893655783562,-522.5813157466641,-4.838715886543186,0.8442,-264.11575830543813,0.9752072220772942,28.725756835549635,1.6256620062639732e-14
8240,41.2,0.6509585615351262,-0.8879120946814796,-627.0343184643644,104.47884912638776,-522.5554693379767,-4.8384765679442285,0.8442,-259.18334858377375,0.9480310001449991,51.353553784839946,1.330997785033819e-14
8250,41.25,0.6729215539081649,-0.9876449852553484,-630.5992556938431,108.00390940226046,-522.5953462915827,-4.838845798996136,0.8442,-304.57637368469875,0.9628695094751724,46.2797442397538,1.389154775176942e-14
8260,41.300000000000004,0.5641832498243963,-0.2908636872006638,-613.1084951479332,90.5514115968156,-522.5570835511177,-4.8384915143622,0.8442,-1.9237694518706974,0.9499292603206537,57.1018661495024,1.455472321725672e-14
8270,41.35,0.6161240471292401,-0.5478540772364764,-621.4687964975427,98.88790956424303,-522.5808869332997,-4.838711916049071,0.8442,-117.3842939757537,0.9645643913373432,37.9084105588475,1.571269586770165e-14
8280,41.4,0.6375564055528199,-0.6555138672535905,-624.9100690846184,102.3278030912276,-522.5822659933908,-4.838724685123989,0.8442,-165.64770049962155,0.9637401857099523,38.61297302568041,1.577066335466552e-14
8290,41.45,0.5787390976926369,-0.30043707879502657,-615.4557407656702,92.88762517966822,-522.5681155860019,-4.838593662833351,0.8442,-10.314086947929681,0.9632590042668104,43.68717165265531,1.8014732044995377e-14
8300,41.5,0.593077685756028,-0.4019003045363058,-617.7813796381761,95.18896856384251,-522.5924110743335,-4.8388186210586435,0.8442,-53.900899573070255,0.9545671164452338,51.41079023839936,1.6743975140102215e-14
8310,41.550000000000004,0.6324424036293971,-0.7467908180902986,-624.1055788843045,101.50700578251823,-522.5985731017862,-4.8388756768683905,0.8442,-199.02242944275974,0.9588816932391622,50.27570198627988,1.304196074539547e-14
8320,41.6,0.6293587924425474,-0.8362087207251511,-623.5622443890209,101.01208618702886,-522.550158201992,-4.838427390759185,0.8442,-232.34151100515746,0.9393579881575774,58.03132700967515,1.49829728627428e-14
8330,41.65,0.6805565237941216,-1.0974936585401478,-631.8152060754015,109.22932206895652,-522.585884006445,-4.838758185244861,0.8442,-349.20950945283164,0.9323642776743231,67.10202576755411,1.536246742516581e-14
8340,41.7,0.6532832980288306,-0.9285135043577065,-627.4175912384535,104.85196933362731,-522.5656219048262,-4.838570573192835,0.8442,-275.5191937870961,0.9489932753784865,51.667365753947216,1.9838325582157004e-14
8350,41.75,0.6583694969209736,-0.9303312070245024,-628.2740541947211,105.66830425581627,-522.6057499389049,-4.838942129063934,0.8442,-277.86474798512967,0.9491013382143417,42.29115884735001,2.3065610823467878e-14
8360,41.800000000000004,0.5433609925156538,-0.2310407756008026,-609.7622244584412,87.20943929876245,-522.5527851596787,-4.83845171444147,0.8442,27.782394768987018,0.9526042215624296,45.91155494743375,2.053469958951993e-14
8370,41.85,0.6596046430851418,-0.8764742825912327,-628.4793012852828,105.86654521516525,-522.6127560701175,-4.839007000649236,0.8442,-257.59490037859194,0.9636917542395292,45.14181151572581,1.7042720492191443e-14
8380,41.9,0.6031561848698728,-0.5028339588229752,-619.3759799884027,96.80656767161459,-522.5694123167881,-4.83860566959989,0.8442,-95.90419633840901,0.9430822490225589,53.52457038181737,1.6430949127552704e-14
8390,41.95,0.62027819179702,-0.5821778161294066,-622.1469476295471,99.55464978342171,-522.5922978461253,-4.838817572649309,0.8442,-131.90352682834342,0.9602174683788877,35.78778822080145,1.7832822334594723e-14
8400,42.0,0.6755736831783535,-1.0063388583316315,-631.004969049201,108.42957615012574,-522.5753928990753,-4.838661045361808,0.8442,-312.61028436510765,0.9373528017508463,60.046802861245546,2.215249676234464e-14
8410,42.050000000000004,0.7042536505803172,-1.1981148536931814,-635.6289339659083,113.0327109181409,-522.5962230477675,-4.838853917108958,0.8442,-395.5053212342158,0.9688774699122736,35.71851376250842,2.3116425941241746e-14
8420,42.1,0.6313383650496972,-0.7552409278239894,-623.8902040272952,101.3298075904764,-522.5603964368188,-4.838522189229804,0.8442,-201.90783342068616,0.9584920640364539,41.393500490355656,2.2105887207761115e-14
8430,42.15,0.6321542490585333,-0.6943666749807901,-624.0509051771094,101.4607569738946,-522.5901482032148,-4.838797668548285,0.8442,-178.80892714919537,0.9678008314891393,41.25049563976459,2.3166180837228426e-14
8440,42.2,0.6186264086897224,-0.6388261079895985,-621.8538670342103,99.28953859470045,-522.5643284395098,-4.8385585966621285,0.8442,-153.10969778992558,0.9340273556761779,50.54873301505936,2.0729085852111616e-14
8450,42.25,0.6638914789290943,-0.9381134983443471,-629.1461715006707,106.55458236811964,-522.591589132551,-4.838811010486584,0.8442,-282.6406770588994,0.9583183567492524,48.53203854953951,2.0927998500978197e-14
8460,42.300000000000004,0.6109357917635979,-0.6622438870377869,-620.6122995140303,98.05519457805747,-522.5571049359728,-4.838491712370119,0.8442,-159.60557165569907,0.9477825040049869,44.9445395385428,1.9051510047644237e-14
8470,42.35,0.656920051410275,-0.9588180172713784,-628.0241533476388,105.43566825134914,-522.5884850962897,-4.83878226941009,0.8442,-288.32823178558584,0.9638048562582427,37.774388677268654,1.8256861497949788e-14
8480,42.4,0.6503985016532605,-0.8919216878703888,-626.9772793704469,104.38895951534832,-522.5883198550986,-4.838780739399061,0.8442,-260.5407522396264,0.937655853236279,60.34441029465843,1.8583992769903248e-14
8490,42.45,0.6421449745620883,-0.7890143510063953,-625.669002422606,103.06426841721517,-522.6047340053908,-4.838932722272137,0.8442,-218.371256294669,0.9808110098416384,29.54165362607667,1.477764816464837e-14
8500,42.5,0.6216753876666076,-0.7043191226624601,-622.362597604884,99.77889972049051,-522.5836978843935,-4.838737943374014,0.8442,-179.2334787931807,0.9612686707089475,37.79259019076127,1.9358673347793152e-14
8510,42.550000000000004,0.6295206016587112,-0.732796970125285,-623.6141353187754,101.03805656622313,-522.5760787525523,-4.838667395856966,0.8442,-192.7049923980689,0.9374623820320152,71.58501599881794,2.3106171836494264e-14
8520,42.6,0.6638834695906425,-0.8686623894551626,-629.1265226188669,106.55329686929812,-522.5732257495688,-4.838640979162674,0.8442,-255.9830722250253,0.9757527817611676,34.02322655891543,2.417719351589503e-14
8530,42.65,0.668412528720307,-0.8809110953020898,-629.8647210458113,107.28021085960927,-522.584510186202,-4.838745464687055,0.8442,-262.1514832304713,0.9726013607847719,31.785302264351724,2.585348064171139e-14
8540,42.7,0.6198711745184389,-0.6427668534221898,-622.0689689023505,99.48932351020943,-522.5796453921412,-4.838700420297603,0.8442,-155.02544153008523,0.9612523318978837,36.24120921867531,2.186575720898212e-14
8550,42.75,0.6060507527014586,-0.5318457855020842,-619.8516074696464,97.27114580858411,-522.5804616610623,-4.8387079783431695,0.8442,-107.97663930569277,0.9546814583768014,45.65024638203176,2.954215642364255e-14
8560,42.800000000000004,0.5939024188448931,-0.35637990457390745,-617.9103602503948,95.32133822460536,-522.5890220257894,-4.838787240979531,0.8442,-36.69759711682269,0.9526151382107737,50.69371853830966,3.040410162216508e-14
8570,42.85,0.6365230689059653,-0.5662116547802369,-624.7524752832123,102.16195255940744,-522.590522723805,-4.8388011363315275,0.8442,-131.03912918040388,0.9620385699129126,42.87884706947616,2.6306429425239995e-14
8580,42.9,0.6829323596539667,-0.8040820230532987,-632.2044989288867,109.61064372446165,-522.593855204425,-4.8388319926335654,0.8442,-237.3692709161276,0.9656874140019852,42.980249915416614,2.7405254369643985e-14
8590,42.95,0.6337409325522402,-0.48759351411461743,-624.3136478396981,101.71541967463455,-522.5982281650636,-4.8388724830098475,0.8442,-99.96444339878732,0.9615066422883929,38.31086692731423,2.4441903135782395e-14
8600,43.0,0.6085914125673147,-0.3539615758280251,-620.2811902392885,97.67892171705402,-522.6022685222346,-4.838909893724394,0.8442,-40.52868785419042,0.9636100423057646,38.84364915745308,2.2402033862768988e-14
8610,43.050000000000004,0.6360045740345229,-0.5995265150185625,-624.6676962858003,102.07873413254093,-522.5889621532593,-4.838786686604253,0.8442,-143.6572239271282,0.9581604889756665,42.58531734380378,2.690567720776348e-14
8620,43.1,0.6695861070042837,-0.8393292466984457,-630.0817489176599,107.46857017418753,-522.6131787434723,-4.839010914291411,0.8442,-246.57280415384875,0.9637334571168692,36.44558345329404,2.2470979841816246e-14
8630,43.15,0.591288102010782,-0.3542801697652588,-617.5137668515334,94.9017403727305,-522.6120264788029,-4.839000245174101,0.8442,-35.04469009251359,0.9612409578532216,39.78871632304006,2.732688302556205e-14
8640,43.2,0.5421357631092547,-0.0483779787318509,-609.5878840205285,87.01278997903539,-522.5750940414931,-4.838658278161973,0.8442,98.28449369455228,0.9473672832075458,59.4980370247987,3.1758807248182976e-14
8650,43.25,0.6589926243059303,-0.7951949770194693,-628.3812089445696,105.76831620110181,-522.6128927434678,-4.83900826614322,0.8442,-226.20199008321606,0.9611284671545336,40.09992071961848,3.049948803726369e-14
8660,43.300000000000004,0.6605419149501841,-0.8462175323904795,-628.6036049705983,106.01697734950456,-522.5866276210937,-4.838765070565683,0.8442,-246.2861776651352,0.9596267167900033,37.92002592966722,3.250604520793926e-14
8670,43.35,0.6716430180445508,-0.8990393813363939,-630.3987867163759,107.79870439615041,-522.6000823202255,-4.838889651113199,0.8442,-270.15571291475607,0.9635848575175356,32.96692629865982,3.35567090145075e-14
8680,43.4,0.6152386079763629,-0.5594881649045131,-621.3228354907116,98.74579658020625,-522.5770389105053,-4.838676286208382,0.8442,-121.56251996366841,0.9385240289427539,56.11001892532982,3.4486322248593396e-14
8690,43.45,0.6171892532380059,-0.5216605143120527,-621.6590444449544,99.05887514469994,-522.6001693002544,-4.838890456483837,0.8442,-107.6764541741915,0.9631673315810247,42.09621352019095,3.8105120196114534e-14
8700,43.5,0.580810153288433,-0.31488385661170554,-615.7966554286437,93.22002960279349,-522.5766258258502,-4.838672461350465,0.8442,-16.52971451960775,0.9613399678860508,43.07030514120133,3.823313162295441e-14
8710,43.550000000000004,0.6518015443292523,-0.7278615569195784,-627.2339977579794,104.614147864845,-522.6198498931344,-4.839072684195689,0.8442,-198.02982938616609,0.9684613110488957,42.653560844413306,3.874551107660382e-14
8720,43.6,0.6346306638705823,-0.6554332724812715,-624.4387297961545,101.85822155122847,-522.580508244926,-4.838708409675241,0.8442,-164.668828299017,0.9590618092580143,43.045559972453425,3.620579462936677e-14
8730,43.65,0.6380989200384694,-0.6617003498980267,-625.0156727038128,102.41487666617432,-522.6007960376385,-4.838896259607764,0.8442,-168.19781821215858,0.9642737911145848,40.602257350777826,3.911173271830198e-14
8740,43.7,0.6715418775792377,-0.7518109296298315,-630.4006052911482,107.78247135146765,-522.6181339396805,-4.839056795737783,0.8442,-213.61735426288323,0.9696307116139952,32.656563954656534,3.7050469612161157e-14
8750,43.75,0.6558360979835368,-0.6394642458859678,-627.8435873322479,105.26169372635766,-522.5818936058903,-4.838721237091577,0.8442,-165.4105514523506,0.9686589528854258,38.80220285529602,3.5416114485542494e-14
8760,43.800000000000004,0.6636879862938484,-0.7655526500829882,-629.0966404700347,106.52192180016267,-522.574718669872,-4.838654802498815,0.8442,-216.3467013362427,0.9672838354599309,36.812267170209154,4.204368750032602e-14
8770,43.85,0.6923476981518543,-1.0136053786966768,-633.7066884457086,111.12180555337261,-522.5848828923359,-4.838748915669777,0.8442,-320.83392164660324,0.9222008234663869,75.13745394007714,3.695512881586067e-14
8780,43.9,0.6561349793836404,-0.7914143268384676,-627.902221700086,105.30966419107429,-522.5925575090117,-4.8388199769352935,0.8442,-223.82511732331884,0.9865753913635847,28.03963857660188,3.927820944914701e-14
8790,43.95,0.5997966347299348,-0.4678218223895947,-618.85228077265,96.26735987415454,-522.5849208984955,-4.838749267578662,0.8442,-81.37820836597217,0.9502077673744529,57.4527980515886,4.310329246064717e-14
8800,44.0,0.6684944999190353,-0.8937114899450985,-629.8977796353188,107.29336723700517,-522.6044123983136,-4.838929744428829,0.8442,-267.0907733183509,0.9902627060384339,24.85146368092619,4.047825035802968e-14
8810,44.050000000000004,0.6502457817151586,-0.8688180922736981,-626.9598278338437,104.36444796528295,-522.5953798685608,-4.838846109894082,0.8442,-251.62421936474672,0.9487333338752875,60.247189482177696,4.1003318526723245e-14
8820,44.1,0.6036749724070449,-0.6029135878189809,-619.4660201958235,96.88983307133071,-522.5761871244928,-4.838668399300859,0.8442,-134.4823756524379,0.9671202457923868,33.98745400780344,3.992733854549315e-14
8830,44.15,0.6317637972325676,-0.804856866120867,-623.9868104148137,101.39808945582709,-522.5887209589866,-4.83878445332395,0.8442,-221.08803782626867,0.9598143839220425,45.85856755028434,4.210307662920569e-14
8840,44.2,0.6274151334067142,-0.8477579641422177,-623.2655988987581,100.70012891177763,-522.5654699869805,-4.838569166546115,0.8442,-236.14431092546218,0.9380783303011578,70.78624188104574,4.551860243420252e-14
8850,44.25,0.6665096616050723,-1.0357217582583242,-629.5833370509819,106.9748006876141,-522.6085363633678,-4.838967929290442,0.8442,-320.95056053699494,0.9277425853292839,84.19039647006232,4.7454502367612394e-14
8860,44.300000000000004,0.6293946854601068,-0.7525820064189191,-623.5929360807112,101.01784701634715,-522.5750890643641,-4.838658232077445,0.8442,-200.2575996709453,0.9610403793123496,36.498547399441016,4.7362171485295346e-14
8870,44.35,0.6254525072343748,-0.6966859546159663,-622.9604222808111,100.38512741111717,-522.575294869694,-4.838660137682352,0.8442,-177.52769144279853,0.9417585757833216,63.39683819415047,4.837681379245128e-14
8880,44.4,0.6580865139231183,-0.8653097226656374,-628.2269686912148,105.62288548466049,-522.6040832065543,-4.838926696356984,0.8442,-252.8181208017229,0.9762211431727228,36.47866177808401,4.5644615832486406e-14
8890,44.45,0.6732714941349841,-0.9035527380658941,-630.6400835869329,108.06007480866495,-522.5800087782679,-4.838703784983962,0.8442,-272.41554430944245,0.9667108532916544,38.485029359464875,4.482552100323062e-14
8900,44.5,0.7230128374542171,-1.172438504175543,-638.6328329250742,116.04356041140184,-522.5892725136724,-4.838789560311782,0.8442,-391.7288352799204,0.9538710106552722,46.15965902162251,4.583527218280305e-14
8910,44.550000000000004,0.6588171272067399,-0.7755299295367714,-628.3021791810258,105.74014891668176,-522.5620302643441,-4.838537317262445,0.8442,-218.5977760446442,0.9623010370994328,45.98516956395035,4.4026047675055345e-14
8920,44.6,0.6299491230664156,-0.5300036719602164,-623.6951779615089,101.1068342521597,-522.5883437093491,-4.838780960271752,0.8442,-115.01271676761428,0.9743985820678757,37.421394740392245,4.176932876478941e-14
8930,44.65,0.6151057465484191,-0.41228116821605315,-621.3013911783421,98.72447232102127,-522.5769188573208,-4.838675174604822,0.8442,-65.02211805520906,0.9613029127168226,41.637847513524505,4.64279353304956e-14
8940,44.7,0.6376991878673199,-0.581103169555339,-624.941262978284,102.35071965270485,-522.5905433255792,-4.838801327088697,0.8442,-137.1354852409795,0.9469566793121368,56.14362977350378,4.4106124875967726e-14
8950,44.75,0.6033577920955615,-0.43717818347028625,-619.4076036508914,96.83892563133762,-522.5686780195538,-4.838598870551424,0.8442,-70.77113847935306,0.9420019083706117,57.88432104091869,4.3669823904113785e-14
8960,44.800000000000004,0.6227322036538983,-0.5391089284858082,-622.5235792082227,99.94851868645067,-522.575060521772,-4.838657967794185,0.8442,-116.1689896212562,0.9541549399980005,48.93551616034296,3.782669516326808e-14
8970,44.85,0.6083012176417868,-0.4030215928631035,-620.2208860049299,97.63234543150678,-522.5885405734231,-4.83878278308725,0.8442,-59.2636691041064,0.9519293274659959,48.53786645028265,3.972442522218698e-14
8980,44.9,0.5596249660454555,-0.059452377702695736,-612.3823845977128,89.81980705029561,-522.5625775474172,-4.838542384698307,0.8442,88.36768956635314,0.9468304913766922,60.524122680855015,3.4819654465585116e-14
8990,44.95,0.6038140488143906,-0.2951319165373437,-619.5112193176216,96.9121548347097,-522.5990644829119,-4.838880226693629,0.8442,-16.402274722501772,0.9775574862208121,32.11550599246939,3.7911840509273545e-14
9000,45.0,0.5920314009918796,-0.27057171692185356,-617.5990898934582,95.02103985919666,-522.5780500342615,-4.838685648465384,0.8442,-3.1586074233424455,0.9333792709033406,75.30523453308624,3.524520980402538e-15
9010,45.050000000000004,0.5874568852431645,-0.18739712831628008,-616.8757664225767,94.28683008152791,-522.5889363410488,-4.8387864476023035,0.8442,30.245552628075416,0.9483127956752496,44.28500510678117,6.976981047012831e-15
9020,45.1,0.5910517131586824,-0.16104269342854438,-617.458200037877,94.86379996196854,-522.5944000759084,-4.838837037739893,0.8442,39.195536869145755,0.9488036931311462,42.05765461300228,1.0905115856057893e-14
9030,45.15,0.6395912084052766,-0.43502283444160506,-625.2583332957967,102.65438894904689,-522.6039443467498,-4.838925410618054,0.8442,-81.68355251687215,0.9601761692776987,40.484956007727625,1.2609740147226982e-14
9040,45.2,0.6307956250287476,-0.3831054178242935,-623.8403101117618,101.24269781711399,-522.5976122946479,-4.838866780505999,0.8442,-58.90812254100878,0.9645177577220581,42.602625660108444,1.1976273581515733e-14
9050,45.25,0.6050199271218787,-0.23141233872397582,-619.7035261239868,97.10569830306153,-522.5978278209252,-4.838868776119678,0.8442,7.662295772836346,0.9466057054586124,56.421041205447246,1.366578116491485e-14
9060,45.300000000000004,0.6213499348717436,-0.316370758406126,-622.3208919755727,99.72666454691485,-522.5942274286579,-4.83883543915424,0.8442,-30.23526968649311,0.9505074296965268,45.070594286663976,1.4641901411546727e-14
9070,45.35,0.632926510857489,-0.4306589748619273,-624.18229603742,101.58470499262698,-522.597591044793,-4.838866583748084,0.8442,-77.84936167483886,0.9607051156168511,44.46857288648856,1.2076992844924451e-14
9080,45.4,0.5956090704922441,-0.27548130061080595,-618.1826084984451,95.59525581400518,-522.5873526844399,-4.838771784115185,0.8442,-6.202047531250372,0.9636191254651615,37.68439712533014,1.570350030850544e-14
9090,45.45,0.6623501108816379,-0.6925651997699094,-628.914188713113,106.30719279650287,-522.6069959166102,-4.83895366589454,0.8442,-187.90098864436197,0.9782718906148777,31.55906218392074,2.4531469964246868e-14
9100,45.5,0.6350558773329669,-0.5566352542761214,-624.4967065346924,101.92646831194118,-522.5702382227512,-4.838613316877326,0.8442,-126.88838151855454,0.9418712572984065,56.80672402563074,2.2612057095710165e-14
9110,45.550000000000004,0.6390650328774309,-0.6131619306816418,-625.153662909108,102.56993777682766,-522.5837251322803,-4.838738195669261,0.8442,-149.88202116228214,0.9702423342081972,40.5524924611678,1.7028085226334116e-14
9120,45.6,0.6459609606376562,-0.6601936194028675,-626.2626204639915,103.67673418234382,-522.5858862816477,-4.838758206311553,0.8442,-170.16684327007198,0.9705379748782749,37.97094225781199,1.6318767884565057e-14
9130,45.65,0.6372722216873353,-0.6041805105802276,-624.8605474055397,102.28219158081731,-522.5783558247224,-4.838688479858541,0.8442,-145.85412343209725,0.9356371568899615,69.68764956159553,1.636883159984419e-14
9140,45.7,0.6585841124196854,-0.7378239942515548,-628.3017731379317,105.7027500433595,-522.5990230945722,-4.838879843468261,0.8442,-204.05091816336355,0.9783880255730019,31.49805278164157,1.5135577544909457e-14
9150,45.75,0.5802296842734286,-0.30249151084432274,-615.714559393435,93.12686432588528,-522.5876950675497,-4.838774954329164,0.8442,-11.585518383631381,0.936108890045713,73.514980083636,1.0339128880386727e-14
9160,45.800000000000004,0.5989389288525923,-0.412497826617005,-618.7371047244245,96.12969808084105,-522.6074066435834,-4.838957468922069,0.8442,-59.86722159973844,0.9698552733483436,35.800834384860764,1.4420617589935466e-14
9170,45.85,0.6015669150452467,-0.47625999360496674,-619.1067811612996,96.5514898647621,-522.5552912965376,-4.838474919412385,0.8442,-85.19030971855317,0.9367878663204214,72.33339047787507,1.3804317306779942e-14
9180,45.9,0.6554122045582076,-0.754165888311812,-627.7788852622072,105.19365883159232,-522.5852264306149,-4.838752096579767,0.8442,-209.29516229949905,0.9428797333685703,54.64355864512526,1.9715826486920198e-14
9190,45.95,0.6089706040178915,-0.5118642531194928,-620.3038126537725,97.73978194487158,-522.564030708901,-4.838555839897231,0.8442,-101.25385273378112,0.9568342834573597,37.28149115508714,1.3483868884632291e-14
9200,46.0,0.6565068155012761,-0.8885261183814224,-627.9696234385597,105.36934388795481,-522.6002795506049,-4.8388914773204155,0.8442,-261.2166422845626,0.9583110235060506,46.29899420021462,8.356041800744692e-15
9210,46.050000000000004,0.6421583256327418,-0.8354293238191998,-625.6334295537517,103.06641126405506,-522.5670182896966,-4.8385835026823765,0.8442,-236.18943088229594,0.9491143486737407,45.27412966655555,1.4510512998238785e-14
9220,46.1,0.6096487488974073,-0.5644929029053666,-620.4257272767929,97.84862419803386,-522.5771030787591,-4.838676880358881,0.8442,-121.67220059043137,0.9650546377167856,37.57378097847133,7.725678592882049e-15
9230,46.15,0.6156507655794122,-0.5311166012015915,-621.3994958476188,98.81194787549566,-522.5875479721232,-4.838773592334474,0.8442,-110.8071859641014,0.9656321444589037,42.22373846032121,9.024959194593041e-15
9240,46.2,0.6027217801111939,-0.46081993910734936,-619.3122860506393,96.73684570784663,-522.5754403427926,-4.838661484655487,0.8442,-79.6386655104294,0.9661777957142824,42.294419463176645,1.2377866493701303e-14
9250,46.25,0.5822594070583306,-0.38748763237295736,-616.0325997962781,93.45263483286206,-522.579964963416,-4.838703379290889,0.8442,-44.864261306140556,0.9603980088853465,41.396847866120886,1.0472535825342186e-14
9260,46.300000000000004,0.5775418936479851,-0.39962873698975376,-615.2571741611281,92.6954739305016,-522.5617002306265,-4.838534261394689,0.8442,-47.99548596123842,0.9436459818028468,47.60877460656003,1.7204248263645914e-14
9270,46.35,0.6473236827372008,-0.8340560201605235,-626.4810497376108,103.89545107932072,-522.58559865829,-4.838755543132315,0.8442,-237.33593908187677,0.9527785023960013,39.62641781180004,2.1434853137377218e-14
9280,46.4,0.6484043648396776,-0.8449584551490834,-626.6334044828836,104.06890055676826,-522.5645039261153,-4.8385602215381045,0.8442,-241.87038349020253,0.9592471556648108,38.65920807304217,2.4762702647118462e-14
9290,46.45,0.6952263930078171,-1.1223354708329776,-634.1883679072786,111.58383607775464,-522.6045318295239,-4.838930850273369,0.8442,-363.49671810730007,0.9655789821141919,38.83108691828533,2.0217341132534735e-14
9300,46.5,0.6601233176633824,-0.9317098888488872,-628.5199644370356,105.94979248497287,-522.5701719520628,-4.83861270325984,0.8442,-278.9621175227048,0.9631892932639832,46.86266017607329,1.773092560003175e-14
9310,46.550000000000004,0.6125847169626146,-0.5888281645996696,-620.9145086936193,98.31984707249966,-522.5946616211196,-4.838839459454811,0.8442,-131.96321352921854,0.9415275065748334,54.121895826758305,1.415475170476444e-14
9320,46.6,0.5947825632717846,-0.48074098526497705,-618.0478845729808,95.46260140512142,-522.5852831678594,-4.838752621924624,0.8442,-84.71196332348632,0.9579848700935216,35.77592393385642,1.3532543924332279e-14
9330,46.65,0.6540085578314814,-0.8519310566657426,-627.5373320059778,104.96837353195276,-522.568958474025,-4.838601467352083,0.8442,-246.3621937743415,0.9587637110374225,50.607881180144595,1.3797199803733369e-14
9340,46.7,0.6699039093158536,-0.9328777523140998,-630.1014833485248,107.51957744519451,-522.5819059033303,-4.838721350956762,0.8442,-282.57924973780325,0.9590022404395265,46.638521829595255,1.458433353108867e-14
9350,46.75,0.6358303447170336,-0.6044909685355445,-624.6252755728123,102.0507703270839,-522.5745052457283,-4.838652826349336,0.8442,-145.50610760066414,0.9668108798814204,39.60116655995078,1.5153756332641344e-14
9360,46.800000000000004,0.6244799762655532,-0.41979945814055597,-622.8046718780066,100.22903619062129,-522.5756356873853,-4.838663293401716,0.8442,-70.94485288955308,0.9561512974119456,40.89505840693619,1.3655743202889425e-14
9370,46.85,0.6298283243764141,-0.46252775952342323,-623.6567719308883,101.08744606241447,-522.5693258684739,-4.838604869152537,0.8442,-89.076639316952,0.9427158549534284,55.360762653404436,2.1160236315095816e-14
9380,46.9,0.6295025107637691,-0.5143872925710845,-623.6095297589671,101.03515297758494,-522.5743767813822,-4.8386516368646495,0.8442,-108.87452122581325,0.947968952884115,57.5832872093866,1.0735238085678348e-14
9390,46.95,0.6321197906370989,-0.5726917290052007,-624.0404618144447,101.45522639725438,-522.5852354171903,-4.838752179788799,0.8442,-132.09948911189562,0.9559948525586067,43.71551644399527,1.9672281874279467e-14
9400,47.0,0.594432943944183,-0.31815730863572783,-617.9926665672727,95.40648750304138,-522.5861790642314,-4.838760917261402,0.8442,-22.19983422367845,0.967765887915117,33.377839131969345,2.052586275970653e-14
9410,47.050000000000004,0.5637075891618112,-0.07268081114448799,-613.0443961300942,90.47506806047069,-522.5693280696236,-4.838604889533552,0.8442,81.96790897404705,0.93689109102212,59.479480487123844,1.8129304817955446e-14
9420,47.1,0.6201549475153507,-0.3800966284372408,-622.1047411961093,99.5348690762138,-522.5698721198955,-4.83860992703607,0.8442,-54.30578377364154,0.9485869037048901,41.55372196569263,1.922676223729649e-14
9430,47.15,0.6277969533610294,-0.4251221862171589,-623.3378059662897,100.76141101444522,-522.5763949518445,-4.83867032362819,0.8442,-74.06239153626674,0.9584650835197843,43.222995690967714,1.5521323888621367e-14
9440,47.2,0.5512260553624564,-0.04250021482667865,-611.0239202906604,88.47178188567425,-522.5521384049862,-4.838445725972094,0.8442,97.59509721971963,0.9563102356510252,47.85387472748547,2.2626719081044503e-14
9450,47.25,0.5911063769444973,-0.3552992678174177,-617.4616887858236,94.87257349959182,-522.5891152862318,-4.838788104502147,0.8442,-35.37693622303868,0.9708671179558839,37.055419487422,2.1827461840224803e-14
9460,47.300000000000004,0.604405866899829,-0.4979157620192108,-619.5653761522509,97.00714163742256,-522.5582345148283,-4.838502171433595,0.8442,-94.42151245326284,0.9539865106163747,44.86807427339369,2.1420112604726685e-14
9470,47.35,0.6916402274734533,-1.0431899988336788,-633.6120013573901,111.00825650948926,-522.6037448479009,-4.83892356340649,0.8442,-331.959139578913,0.9731340309768403,38.167648208343735,2.181651804849394e-14
9480,47.4,0.6553492667513573,-0.9043981662544163,-627.7494176044421,105.18355731359284,-522.5658602908493,-4.838572780470827,0.8442,-266.93321401014094,0.945681484033287,55.355172244155554,2.4355055005394266e-14
9490,47.45,0.6513549818496519,-0.9084804665220892,-627.1322454551224,104.54247458686913,-522.5897708682533,-4.838794174706049,0.8442,-267.20583339533835,0.9481979090907084,45.36510344468091,2.4548861292493768e-14
9500,47.5,0.6077710515741533,-0.5683734752454037,-620.1461701380036,97.54725377765162,-522.5989163603521,-4.838878855188445,0.8442,-122.55317211869215,0.961176237582447,39.10837774271797,2.3759843732461514e-14
9510,47.550000000000004,0.5537493594935686,-0.18850886021280944,-611.4497093392516,88.87677219871776,-522.5729371405339,-4.8386383068567955,0.8442,40.74011348400357,0.954298204786334,48.56373030002898,2.8014473450275915e-14
9520,47.6,0.5965310585723224,-0.4169292822282131,-618.332726135385,95.74323490085774,-522.5894912345273,-4.838791585504882,0.8442,-60.78784350530084,0.9560954459579744,39.85402646036798,2.1768976818699947e-14
9530,47.65,0.6318689873092521,-0.6039325868052069,-624.0195060925276,101.41497246313496,-522.6045336293927,-4.838930866938821,0.8442,-144.00832351171402,0.9745259778718952,32.38899590748874,1.6536246052603267e-14
9540,47.7,0.5645355888296868,-0.23261698621283589,-613.1655828383824,90.60796200716473,-522.5576208312177,-4.838496489177942,0.8442,20.316883324080464,0.9623094234900837,47.50147609156661,1.908397167037021e-14
9550,47.75,0.5991305286257956,-0.4501368145649416,-618.7459519200804,96.1604498444402,-522.5855020756402,-4.8387546488485205,0.8442,-74.37496694252197,0.9552605377750539,52.43602702891486,1.443161823670482e-14
9560,47.800000000000004,0.6194274542815946,-0.6012916026802395,-622.0055675638718,99.41810641219594,-522.5874611516758,-4.838772788441442,0.8442,-138.9636694920022,0.9593633917672928,38.11780206652279,1.9276167335225164e-14
9570,47.85,0.5843891189963002,-0.39354929927725985,-616.3411588409127,93.79445359890617,-522.5467052420065,-4.838395418907468,0.8442,-47.88072729765561,0.9601438332583152,41.59776112692309,2.0878687838187376e-14
9580,47.9,0.6877375373915698,-0.9860413206449259,-632.970737536382,110.38187475134696,-522.5888627850351,-4.838785766528103,0.8442,-308.7612733783624,0.9632579628520697,40.14396247161269,1.802547950197126e-14
9590,47.95,0.6792229306415422,-0.9091235124487416,-631.599638498449,109.01528036796752,-522.5843581304815,-4.838744056763717,0.8442,-276.48184681413983,0.9670187449667215,42.35663107735089,1.53853038765206e-14
9600,48.0,0.6259391591561578,-0.5492723296213355,-623.0311201512659,100.46323504456333,-522.5678851067025,-4.838591528765765,0.8442,-121.10870888500091,0.9562767160068322,41.54153707142896,1.7385539572187236e-14
9610,48.050000000000004,0.6519794903209508,-0.7116297514460144,-627.2266125646534,104.6427081965126,-522.5839043681408,-4.838739855260563,0.8442,-191.85779308738788,0.962655642800907,43.15677635887631,1.5653184983535727e-14
9620,48.1,0.6500467667006575,-0.7342819794851959,-626.9191006848827,104.33250605545554,-522.5865946294272,-4.838764765087289,0.8442,-199.9254094980646,0.9656892746817397,35.50319052139915,1.6798338428657364e-14
9630,48.15,0.642430510243125,-0.7076373173043005,-625.6991270261807,103.11009689402157,-522.5890301321591,-4.83878731603851,0.8442,-187.23164604641858,0.9688367787411836,38.65045213354428,1.8067640928199705e-14
9640,48.2,0.6185544884972584,-0.5473032454472303,-621.8525999723025,99.27799540380997,-522.5746045684925,-4.83865374600456,0.8442,-117.96035032213808,0.9642401778119386,40.18983458718595,2.2440909692686806e-14
9650,48.25,0.6243774107680244,-0.4752167006360078,-622.7986739075537,100.21257442826793,-522.5860994792858,-4.838760180363757,0.8442,-92.1804993851583,0.9765548432603609,31.372977109732027,2.503971373173508e-14
9660,48.300000000000004,0.5895051820630522,-0.24155985006220426,-617.1851543043188,94.61558172111988,-522.5695725831989,-4.838607153548138,0.8442,8.794505920550442,0.9418658287790528,53.617739841503905,2.384333187866116e-14
9670,48.35,0.6205771908769124,-0.47392480435321704,-622.1815400904209,99.60263913574444,-522.5789009546764,-4.8386935273581155,0.8442,-90.45340440717078,0.9571344078861045,48.87155731384022,1.8515111858293103e-14
9680,48.4,0.6194242571414388,-0.4651799111472629,-622.0108811929111,99.41759327120093,-522.5932879217103,-4.838826740015836,0.8442,-86.72360488525311,0.9551244277082601,40.255979694543036,1.5090969619739544e-14
9690,48.45,0.5795783094336958,-0.22951311093578763,-615.596798876974,93.02231866410817,-522.5744802128659,-4.838652594563573,0.8442,16.63429461995659,0.9508074152575362,57.780306845677195,1.7864181429120583e-14
9700,48.5,0.6697987202510285,-0.8134943717304133,-630.0925786350705,107.50269460029007,-522.5898840347804,-4.838795222544263,0.8442,-236.72638702011,0.9693213446011679,41.24177722317387,1.5658573102039557e-14
9710,48.550000000000004,0.6698645545933737,-0.8924131791809767,-630.0998075299768,107.51326101223647,-522.5865465177403,-4.838764319608707,0.8442,-267.03638545172373,0.9628033329086692,40.09301406166814,1.5900747529069917e-14
9720,48.6,0.6247785375558108,-0.6518701682216224,-622.857630162482,100.27695527770763,-522.5806748847743,-4.838709952636799,0.8442,-160.10923667209966,0.9480588958788119,55.269122952789594,1.7632984155323095e-14
9730,48.65,0.6142640412038416,-0.5525722691020998,-621.1773801098158,98.58937861321658,-522.5880014965992,-4.838777791635177,0.8442,-118.5924719617075,0.9569974302372178,50.23775579876168,1.7803357419642522e-14
9740,48.7,0.5985396130470889,-0.4289526434911407,-618.6337563056958,96.06560789405776,-522.568148411638,-4.838593966774426,0.8442,-66.05312480827439,0.9526417465197003,56.290122559519084,2.0169807026858626e-14
9750,48.75,0.5939155641669863,-0.4023881418850365,-617.9006214808329,95.32344804880131,-522.5771734320316,-4.83867753177807,0.8442,-54.359601864300785,0.9445974862319797,45.05756763484434,2.9241470405938145e-14
9760,48.800000000000004,0.5886451715996361,-0.4325743533118775,-617.0430234301427,94.47755004174161,-522.5654733884012,-4.8385691980407515,0.8442,-64.23732101966775,0.9424382993436491,54.06591053103475,3.081243945852278e-14
9770,48.85,0.6417971876248995,-0.7380231752373174,-625.5873472731577,103.00844861379636,-522.5788986593614,-4.838693506105198,0.8442,-198.68839925786412,0.9577188956336071,39.24205016689243,2.9513823171918626e-14
9780,48.9,0.6294942488381757,-0.6768600793100886,-623.6039744026715,101.03382693852721,-522.5701474641443,-4.838612476519854,0.8442,-171.22813777987568,0.971236668305125,34.41858808723354,2.8346488231765512e-14
9790,48.95,0.6414953034575667,-0.7459193020749805,-625.5376243327281,102.95999620493946,-522.5776281277887,-4.83868174192397,0.8442,-201.62108522854243,0.9710714876268778,32.74229577487247,2.933432149657302e-14
9800,49.0,0.621973128311735,-0.5666938910919523,-622.4024733264181,99.82668709403347,-522.5757862323846,-4.838664687336895,0.8442,-126.51002846222039,0.971556514381158,37.58873545615019,2.9764276209482945e-14
9810,49.050000000000004,0.6092685565916954,-0.42759524987653064,-620.3654794844322,97.78760333296711,-522.577876151465,-4.838684038439491,0.8442,-69.00834121474435,0.9733193217227422,35.151945926639065,2.721699913483884e-14
9820,49.1,0.6270851950542103,-0.568462667885467,-623.2264271251178,100.64717380620075,-522.579253318917,-4.838696789989973,0.8442,-128.84518632309926,0.9592085750111083,41.469172292549885,2.8315258265477955e-14
9830,49.15,0.612583449730452,-0.48018958551946145,-620.9027920398792,98.31964368173755,-522.5831483581417,-4.8387328551679785,0.8442,-90.267825900289,0.9624098988168946,35.877438838283396,3.074741570585595e-14
9840,49.2,0.5866612580069048,-0.27084995533525674,-616.7691282111196,94.15913191010823,-522.6099963010113,-4.8389814472315855,0.8442,-1.525467694105231,0.979515911491215,31.464267596804657,2.6083951948083896e-14
9850,49.25,0.5764596893258296,-0.2532882254056853,-615.0934120023713,92.52178013679564,-522.5716318655757,-4.838626220977552,0.8442,8.519950126415736,0.9446071053988732,52.39920128429924,3.138890550958624e-14
9860,49.300000000000004,0.6477625725065158,-0.774796411396574,-626.5553631570475,103.9658928872958,-522.5894702697517,-4.838791391386589,0.8442,-214.73457950037385,0.9519034344810106,55.2664438677121,3.055580044233682e-14
9870,49.35,0.6277457509229193,-0.7350301452099934,-623.33628409904,100.75319302312855,-522.5830910759114,-4.838732324776958,0.8442,-192.9870228817353,0.9706322626866012,33.28735483404214,2.9212954303433423e-14
9880,49.4,0.6033420765162425,-0.555665322163704,-619.404063854214,96.83640328085693,-522.567660573357,-4.8385894497533055,0.8442,-116.24085465897825,0.9610254727667111,45.39283599559612,2.8317220499168148e-14
9890,49.45,0.6445677380668147,-0.7820849828201955,-626.0545127670042,103.45312195972375,-522.6013908072805,-4.838901766734079,0.8442,-216.4967726648358,0.9582565353247572,48.23111460191474,2.963609303451526e-14
9900,49.5,0.6488717438920137,-0.8671962859405375,-626.7256843064852,104.1439148946682,-522.5817694118169,-4.838720087146453,0.8442,-250.5565894470011,0.9591137393961364,42.719430696551434,2.852248354909881e-14
9910,49.550000000000004,0.6164228203253105,-0.6807619384061876,-621.5222051796743,98.93586266221233,-522.586342517462,-4.8387624307172405,0.8442,-168.49051015982633,0.9565579758908327,42.85129802087893,3.03317522357319e-14
9920,49.6,0.6299418584329127,-0.7641869983648063,-623.6916316234823,101.1056682784825,-522.5859633449998,-4.8387589198611085,0.8442,-204.8888251859035,0.9330603554509551,56.05207412915012,2.6678075403381808e-14
9930,49.65,0.6383742003451576,-0.7616802427070292,-625.0510953586454,102.4590591553978,-522.5920362032476,-4.8388151500300705,0.8442,-206.6588229027845,0.9573090968853752,48.11630729975888,2.8263626803739662e-14
9940,49.7,0.6303245984266574,-0.66440509616959,-623.7701118508435,101.16709804747852,-522.603013803365,-4.838916794475602,0.8442,-166.71700694144835,0.9577527644963585,42.57679072234868,2.8342017265765316e-14
9950,49.75,0.6668704311803292,-0.8435841749297113,-629.6132198834192,107.03270420444284,-522.5805156789763,-4.83870847850904,0.8442,-247.32594668289565,0.9656094060425843,41.6253620967086,2.5849129824306294e-14
9960,49.800000000000004,0.6348953389947727,-0.6278592775688474,-624.4575882651435,101.90070190866102,-522.5568863564824,-4.838489688485948,0.8442,-154.17181313683182,0.9389633711405173,59.23492575038648,2.4043442600993576e-14
9970,49.85,0.6310709646635116,-0.5783829330509876,-623.8652091940643,101.28688982849363,-522.5783193655707,-4.838688142273803,0.8442,-133.94392691274686,0.9590684583655976,40.10433159419243,2.563631237198972e-14
9980,49.9,0.6167585840789878,-0.4851532022527226,-621.5704703388677,98.98975274467753,-522.5807175941902,-4.838710348094354,0.8442,-93.52558224795024,0.9441939008046907,61.13178421291959,2.3487449665350403e-14
9990,49.95,0.5995308028175699,-0.40032895758638937,-618.7991821160047,96.22469385221996,-522.5744882637847,-4.838652669109117,0.8442,-55.388633912555775,0.9678321748584833,38.02300549557615,2.1290824259821973e-14
10000,50.0,0.6186031773413381,-0.56008579216967,-621.8574918306575,99.28580996328476,-522.5716818673727,-4.838626683957155,0.8442,-122.88200697891872,0.9706756334450974,31.44132995346748,2.502469541706659e-15
10010,50.050000000000004,0.6155856379297231,-0.5363264418082885,-621.38269347673,98.80149488772057,-522.5811985890094,-4.838714801750087,0.8442,-112.78559699196771,0.9588208115615087,41.91878426405285,9.948759974800192e-15
10020,50.1,0.6038415553429971,-0.47094875128554814,-619.4775926827984,96.91656963255103,-522.5610230502474,-4.838527991205995,0.8442,-83.88886328697453,0.9696676102391205,35.167714242497944,4.4138347211289555e-15
10030,50.15,0.6476799531724895,-0.7676856986182689,-626.535501474769,103.95263248418456,-522.5828689905845,-4.8387302684313385,0.8442,-211.97875262699174,0.963174572121252,38.893679462558474,6.9484906966788476e-15
10040,50.2,0.5779311577397077,-0.37185345022244604,-615.3046950579575,92.75795081722309,-522.5467442407344,-4.8383957800068,0.8442,-37.46158275485549,0.9503192617637448,43.96177443874958,6.603260856647041e-15
10050,50.25,0.6261765574286661,-0.657472786433328,-623.0904351972276,100.5013374673009,-522.5890977299267,-4.838787941943766,0.8442,-162.71245369961906,0.9651238772326309,42.442281887852424,7.352913118354549e-15
10060,50.300000000000004,0.6278251290762098,-0.6230489994082737,-623.3554733529376,100.76593321673167,-522.5895401362059,-4.838792038298203,0.8442,-150.03490292939387,0.971948032806039,34.33059893963569,1.1666094695744091e-14
10070,50.35,0.597579487477625,-0.42423127353482776,-618.4886304085447,95.91150774015881,-522.577122668386,-4.838677061744314,0.8442,-63.93000448168634,0.9472572674678534,41.790017807128194,1.2219421717103939e-14
10080,50.4,0.6007148453959503,-0.44130336212608895,-618.9813652597354,96.41473268605003,-522.5666325736854,-4.8385799312378275,0.8442,-71.49804796625791,0.9494375904767559,52.47498075004057,1.4192736989581634e-14
10090,50.45,0.6553376664445445,-0.7568358246579688,-627.7683665015682,105.18169546434939,-522.5866710372188,-4.838765472566841,0.8442,-210.29572099610556,0.9363375631753365,73.36788079870087,9.192921513844873e-15
10100,50.5,0.6078994229363136,-0.4548245460929119,-620.136029342944,97.56785738127833,-522.5681719616656,-4.838594184830237,0.8442,-79.01521807020585,0.9429088914596022,56.144372011871866,7.700059018989898e-15
10110,50.550000000000004,0.563545665102261,-0.17474867899519886,-613.0062447989056,90.4490792489129,-522.5571655499928,-4.8384922736110445,0.8442,42.84720347141392,0.9735544944260206,37.21582709500266,2.1123889528566434e-15
10120,50.6,0.6236100296523868,-0.515768931473142,-622.691930451727,100.08940975920808,-522.602520692519,-4.838912228634435,0.8442,-107.49562387529969,0.9735443591841944,35.92072487308054,3.110141981595839e-15
10130,50.65,0.5951897679104358,-0.3246475958513766,-618.0959440276505,95.52795774962495,-522.5679862780255,-4.838592465537273,0.8442,-24.935986977266268,0.9674820080545735,36.93139250426634,7.535945464845785e-15
10140,50.7,0.6119115714571185,-0.4262551733918124,-620.7735944090431,98.21180721886752,-522.5617871901756,-4.8385350665757,0.8442,-69.35036296237962,0.9606421926533203,44.788568466756445,3.571960343505588e-15
10150,50.75,0.6398795915249588,-0.6681353864777284,-625.2822543491194,102.70067443975589,-522.5815799093635,-4.838718332494107,0.8442,-171.24449262739802,0.940097123045397,65.33256821564898,7.924885179893146e-15
10160,50.800000000000004,0.6355574761369689,-0.6750804265436079,-624.5894829764018,102.0069749199835,-522.5825080564183,-4.8387269264483175,0.8442,-172.5096010409607,0.9654885984303797,37.74818761597947,6.022128462992915e-15
10170,50.85,0.5921483057650424,-0.38727772057836396,-617.6185007382586,95.03980307528931,-522.5786976629693,-4.8386916450274935,0.8442,-47.9877013250111,0.9679070446069719,41.60532919039499,6.673354725327804e-15
10180,50.9,0.5978870114416347,-0.4609634550595667,-618.5277902418622,95.96086533638237,-522.5669249054799,-4.838582638013703,0.8442,-78.12728121074407,0.9546752452500329,48.9898340057967,4.685351628010801e-15
10190,50.95,0.6710290917779544,-0.9907318465077981,-630.2826169707943,107.7001692303617,-522.5824477404326,-4.838726367966968,0.8442,-305.1479388232546,0.9435624928557901,58.30324720777052,9.638950369525095e-15
10200,51.0,0.6606603874280822,-0.9510326647365769,-628.6176296987582,106.0359921822072,-522.5816375165509,-4.83871886589399,0.8442,-286.5521188722759,0.9630402038056464,42.142651614459105,1.394217017852686e-14
10210,51.050000000000004,0.6654550122152222,-0.8670702579014936,-629.4067282952782,106.80552946054316,-522.601198834735,-4.83889998921051,0.8442,-255.8811994135119,0.9721434040534158,30.405650438188363,8.548187844625414e-15
10220,51.1,0.5848552301251876,-0.32009331088949844,-616.4149225115743,93.8692644350926,-522.5456580764817,-4.838385722930386,0.8442,-19.839683529860643,0.9462138163659611,54.338870852459685,1.3176165217292807e-14
10230,51.15,0.6282849998701585,-0.5556449196924342,-623.4340885074423,100.83974247916045,-522.5943460282818,-4.838836537298906,0.8442,-124.31453145287826,0.9634839738329982,46.29542155805006,1.5594089216690724e-14
10240,51.2,0.6057824502908931,-0.44410067506534484,-619.7861061954185,97.22808327168833,-522.5580229237302,-4.83850021225676,0.8442,-74.21354753658193,0.9341428153587044,71.21043566261326,1.4823492964385933e-14
10250,51.25,0.6140898884307833,-0.4499165343842746,-621.1414327233963,98.56142709314072,-522.5800056302555,-4.8387037558357,0.8442,-79.13725701929518,0.952858931181137,55.16188590120937,2.0175008243002498e-14
10260,51.300000000000004,0.6116449510842245,-0.42111686048872554,-620.731364923742,98.16901464901802,-522.562350274724,-4.838540280321519,0.8442,-67.29191757231754,0.9600440388335203,48.042196775452354,2.3652962164876314e-14
10270,51.35,0.6647433479039716,-0.6664839414701587,-629.26460783724,106.69130733858745,-522.5733004986525,-4.83864167128382,0.8442,-178.66653284694323,0.9612634593642579,44.41299968650524,1.9675786406777305e-14
10280,51.4,0.6644398389482499,-0.6311340383131336,-629.2145519672945,106.6425941511941,-522.5719578161004,-4.838629239037966,0.8442,-165.00106893406445,0.9722956750210603,38.180302747995846,2.0879024525419466e-14
10290,51.45,0.6482536921937736,-0.6323525730420652,-626.6050311340224,104.04471759710066,-522.5603135369217,-4.8385214216381645,0.8442,-160.22442529863693,0.965943898657725,42.21601204282663,2.3889409517032225e-14
10300,51.5,0.6379951477923298,-0.6798571379311638,-624.989366858453,102.39822122066893,-522.591145637784,-4.838806904053556,0.8442,-175.13268608109308,0.9731228211415439,30.590741561978344,2.552375422324788e-14
10310,51.550000000000004,0.6070412912120055,-0.5773667867630002,-620.0105306515399,97.43012723952687,-522.580403412013,-4.83870743900012,0.8442,-125.76832053570035,0.9689320477909328,35.27590208251604,2.0648730585879217e-14
10320,51.6,0.6301119582645935,-0.5937700558691337,-623.7170676470279,101.13296930146726,-522.5840983455606,-4.8387416513477834,0.8442,-139.53871439870056,0.946223845583372,56.48801347016064,2.1771697141579832e-14
10330,51.65,0.6136677161094853,-0.3316144908184798,-621.0665355894996,98.4936684355724,-522.5728671539272,-4.838637658832659,0.8442,-33.596703801601755,0.9760910799740956,33.74775595924518,2.3585119710224283e-14
10340,51.7,0.5803151049604405,-0.10342924517669394,-615.6896670049231,93.1405743461507,-522.5490926587723,-4.838417524618262,0.8442,64.78596910945521,0.9526008910759851,54.30390310406166,2.2538638279172438e-14
10350,51.75,0.6213679977962532,-0.3444332086813512,-622.3406563714761,99.72956364629864,-522.6110927251775,-4.8389915993071995,0.8442,-41.01135885343834,0.9782448371295276,31.396110371119267,3.0946807142732956e-14
10360,51.800000000000004,0.5903039810947445,-0.22407207850503796,-617.3258668772977,94.74378896570649,-522.5820779115912,-4.838722943625845,0.8442,15.247419725731888,0.9536692030375725,53.13298520139002,2.505060637430734e-14
10370,51.85,0.5867100601044963,-0.21362680325893246,-616.7372753104756,94.16696464677166,-522.5703106637039,-4.838613987626888,0.8442,20.420697769000824,0.9164577511330412,104.31039532456927,2.5082687731123334e-14
10380,51.9,0.5909782761218302,-0.21770754542209725,-617.4278752020371,94.85201331755374,-522.5758618844833,-4.838665387819289,0.8442,17.47162607923616,0.9733387025889669,34.550567599117564,1.9800466592759844e-14
10390,51.95,0.6033137614846283,-0.3473638890575953,-619.398667379394,96.83185871828285,-522.5668086611112,-4.838581561676955,0.8442,-36.28656766954636,0.9431902896495538,45.27026694506182,2.4535442174884854e-14
10400,52.0,0.6058822256246164,-0.2808862005065535,-619.8416075545259,97.24409721275093,-522.597510341775,-4.8388658364979165,0.8442,-11.604925020651905,0.9671052207208503,38.11691020736524,2.4559089423013936e-14
10410,52.050000000000004,0.5971972069872457,-0.18627089959498577,-618.4267073917468,95.85015172145293,-522.5765556702939,-4.838671811761981,0.8442,27.52192968327664,0.967600570255644,40.36267546560804,2.4922084353880692e-14
10420,52.1,0.6331864490791027,-0.4497704592635585,-624.2165792778775,101.62642507719599,-522.5901542006815,-4.838797724080384,0.8442,-85.26847972323367,0.9774919346704065,35.88706761938051,3.205854967663277e-14
10430,52.15,0.6216146487493964,-0.5219283156303968,-622.3380216765526,99.76915112427812,-522.5688705522745,-4.838600653261801,0.8442,-109.21306320965162,0.9597457122261696,41.69124549007306,3.237115304392624e-14
10440,52.2,0.6238775707637552,-0.55075524014242,-622.7073341862242,100.1323501075827,-522.5749840786415,-4.838657259987421,0.8442,-121.00988834777118,0.9560539451689802,48.945737356660004,3.4316848223263885e-14
10450,52.25,0.5657294683439202,-0.16038572684988417,-613.3614514729717,90.79957966919919,-522.5618718037725,-4.838535850034931,0.8442,47.65208488029894,0.9572945893471472,42.591124404111426,3.042885366933351e-14
10460,52.300000000000004,0.6384690292579359,-0.6344888965046379,-625.0762947576872,102.47427919589872,-522.6020155617884,-4.838907551498041,0.8442,-157.8741054312274,0.953757413782157,54.051323980599086,2.6827078528635297e-14
10470,52.35,0.6069172223386082,-0.4824701337409539,-619.9692087094832,97.41021418534662,-522.5589945241366,-4.83850920855682,0.8442,-89.30723193507285,0.9378037987856788,60.03384212123851,2.6435433690648313e-14
10480,52.4,0.6292782064590383,-0.5522183849632019,-623.5794944517799,100.99915213667565,-522.5803423151042,-4.838706873288002,0.8442,-123.32124243189314,0.9594119776094026,46.394784836569286,3.246230233416375e-14
10490,52.45,0.6789121431854673,-0.7718590683854378,-631.5477660269102,108.96539898126751,-522.5823670456426,-4.838725620792987,0.8442,-223.6997019312614,0.9743316205352882,33.782612031112,2.916542576428225e-14
10500,52.5,0.661963002312177,-0.6265393705729894,-628.8169104685152,106.24506187110441,-522.5718485974107,-4.838628227753803,0.8442,-162.4351619381219,0.9623984875220838,44.89522515663257,2.9807795434814004e-14
10510,52.550000000000004,0.6116990016869311,-0.3087065442024229,-620.7503534410616,98.17768977075245,-522.5726636703092,-4.838635774725085,0.8442,-24.166877874770478,0.954135944221524,42.957270026919986,3.265075125776332e-14
10520,52.6,0.589585628123812,-0.19677395466223124,-617.2000036605516,94.62849331387183,-522.5715103466798,-4.838625095802591,0.8442,25.957057968282484,0.9613104588448638,47.80968577118657,3.6885019264009375e-14
10530,52.65,0.5987632344462333,-0.35349706194750086,-618.6790984129888,96.10149912862043,-522.5775992843684,-4.838681474855263,0.8442,-37.16607989457121,0.9523382891289544,41.055202820483444,3.3008650329009675e-14
10540,52.7,0.6066064190507522,-0.5394565026340766,-619.9480516476033,97.36033025764573,-522.5877213899576,-4.8387751980551625,0.8442,-111.07763273753051,0.9545972715104886,45.07092620424649,3.073123854265291e-14
10550,52.75,0.6189254950759526,-0.649819432040363,-621.9068227100956,99.3375419596904,-522.5692807504053,-4.838604451392642,0.8442,-157.4257879819162,0.9610897416742511,43.14013307331246,2.663812721088004e-14
10560,52.800000000000004,0.6580170359280719,-0.8440702058631158,-628.1880972504495,105.61173426645554,-522.5763629839939,-4.838670027629574,0.8442,-244.64398301351565,0.9617585835191532,45.290207455041184,2.495010121656018e-14
10570,52.85,0.6154549531438857,-0.5487096378592138,-621.3423666886302,98.78051997959365,-522.5618467090366,-4.838535617676264,0.8442,-117.49586767821465,0.9452711794268,56.01088602543509,2.7671463263414823e-14
10580,52.9,0.5904879154102013,-0.4027930202318757,-617.3411581062775,94.7733104233373,-522.5678476829402,-4.838591182249446,0.8442,-53.40443407740315,0.9619199980881119,48.000861900206054,3.034691533928237e-14
10590,52.95,0.5986488020655951,-0.43784921637196417,-618.6645297190242,96.08313273152802,-522.5813969874962,-4.838716638773113,0.8442,-69.50296498960563,0.9760309447879065,35.96020620663503,3.146189686298752e-14
10600,53.0,0.5983303250659213,-0.46038094802114765,-618.5968903964309,96.03201717308038,-522.5648732233506,-4.8385636409569495,0.8442,-78.0473513561101,0.9737669517090142,37.501148245477026,3.867693401649804e-14
10610,53.050000000000004,0.6179917177733725,-0.6459041861512471,-621.7575404634849,99.18767070262628,-522.5698697608586,-4.8386099051931355,0.8442,-155.62059112939656,0.9484104645882515,59.825681553262086,3.3166925723004895e-14
10620,53.1,0.6149971370427849,-0.629899228528911,-621.2791890297452,98.70704049536698,-522.5721485343782,-4.838631004947946,0.8442,-148.50771931379387,0.9674023932520507,42.555580562163335,4.0954967180433126e-14
10630,53.15,0.6038497789561372,-0.5229603799399425,-619.4852911022747,96.91788952246003,-522.5674015798147,-4.838587051664951,0.8442,-103.85334683739949,0.9622891759553008,38.77243791215416,3.6670357266466304e-14
10640,53.2,0.6289206130471996,-0.6191505639902231,-623.5302055052783,100.94175839407553,-522.5884471112028,-4.838781917696322,0.8442,-148.89363850945057,0.9790392676944704,29.368931897261973,3.4300602672937374e-14
10650,53.25,0.5769422506038255,-0.27088464610559115,-615.1565341366685,92.599231221914,-522.5573029147545,-4.838493545506986,0.8442,1.6101765495666527,0.972829517079632,36.015128178675944,3.758961248410729e-14
10660,53.300000000000004,0.6009332371633789,-0.3905007090844823,-619.0287647659185,96.44978456472231,-522.5789802011961,-4.838694261122186,0.8442,-52.07098696822416,0.9499587825176886,43.65534234347063,3.6464911449174625e-14
10670,53.35,0.6140641317564186,-0.485544525440609,-621.1307577496409,98.5572931469052,-522.5734646027357,-4.838643190766072,0.8442,-92.80276769931746,0.9633082087263684,41.442423262485384,3.7309688554000524e-14
10680,53.4,0.6590727225243751,-0.8182442191542117,-628.349903997018,105.7811719651622,-522.5687320318558,-4.838599370665332,0.8442,-235.074132917194,0.9617038347218783,36.0721551475688,4.1311113804983863e-14
10690,53.45,0.703209349043137,-1.1064288257832047,-635.4589625921247,112.8651005214235,-522.5938620707012,-4.8388320562101965,0.8442,-359.97830010803347,0.9805357545793113,27.74178318970709,4.378633611032181e-14
10700,53.5,0.6508422215092544,-0.8197399349403341,-627.0254459377828,104.46017655223534,-522.5652693855475,-4.838567309125439,0.8442,-232.9814992908578,0.9614026532386346,34.77446625706769,4.5194798893414335e-14
10710,53.550000000000004,0.6306840544124521,-0.6768790516975219,-623.8009107941682,101.22479073319856,-522.5761200609696,-4.8386677783423115,0.8442,-171.62091629924188,0.955398754970736,44.23688390961743,4.450676436000842e-14
10720,53.6,0.5692703506208218,-0.2632909337947085,-613.9293790142846,91.36789127464189,-522.5614877396426,-4.83853229388558,0.8442,7.010303308151293,0.9516056646449117,45.99030822011914,4.347444684795825e-14
10730,53.65,0.6264722457443496,-0.6377922494458756,-623.1359837721503,100.54879544196811,-522.5871883301822,-4.838770262316502,0.8442,-155.25495893620024,0.9593489632239173,33.96605725472075,4.1730321600574387e-14
10740,53.7,0.6388888340576364,-0.7934170650153316,-625.1129404817434,102.54165786625065,-522.5712826154928,-4.838622987180489,0.8442,-219.00600775546656,0.9407280007771522,60.8076408658065,3.942114789986757e-14
10750,53.75,0.6720865675661738,-0.9845465460493408,-630.4674411345195,107.86989409437089,-522.5975470401486,-4.838866176297672,0.8442,-303.1166716768844,0.9417199564094592,44.8648468114964,3.8260555100437096e-14
10760,53.800000000000004,0.6094223699331762,-0.593285012527601,-620.3898096241472,97.81229037427478,-522.5775192498725,-4.838680733795115,0.8442,-132.6491304200977,0.9564512261707384,46.83492496708765,4.494183112230277e-14
10770,53.85,0.6044546252411545,-0.51328889596942,-619.5882384110322,97.01496735120529,-522.5732710598269,-4.838641398702101,0.8442,-100.33744685316071,0.9361500853187881,68.63039343709995,4.275929970395577e-14
10780,53.9,0.6353259933334703,-0.703778004018137,-624.5238913222,101.96982193002198,-522.554069392178,-4.838463605483129,0.8442,-183.44859623184945,0.9526383601552836,45.11488748761252,4.2163816395873956e-14
10790,53.95,0.6740183736076658,-0.9517641738988549,-630.7793349414469,108.17994896403036,-522.5993859774165,-4.838883203494597,0.8442,-291.1608561795571,0.9758209745656757,37.33096568567506,4.5076704038727134e-14
10800,54.0,0.624517232298814,-0.6964657765928295,-622.7936279796787,100.23501578395964,-522.5586121957191,-4.838505668478881,0.8442,-177.1401590712149,0.9460915175244323,45.88090276134542,4.7103722348488716e-14
10810,54.050000000000004,0.6449738796247412,-0.7543239295519277,-626.1382779001796,103.51830767977096,-522.6199702204086,-4.839073798337117,0.8442,-205.97380050766756,0.9757405067794873,36.77645631080377,4.695695468449958e-14
10820,54.1,0.574198203655871,-0.31601379893025994,-614.7403935424757,92.1588116867673,-522.5815818557084,-4.838718350515818,0.8442,-14.821109400149773,0.9559157835222405,41.508216873323654,4.784378982837319e-14
10830,54.15,0.6101941441884305,-0.5639108700045655,-620.4994187329834,97.9361601422431,-522.5632585907402,-4.838548690655002,0.8442,-121.6255271676138,0.939039099078443,48.69503300119311,4.9960560377365116e-14
10840,54.2,0.6224182028989397,-0.6260169941766969,-622.4747203025933,99.89812156527982,-522.5765987373135,-4.838672210530681,0.8442,-149.42216131771568,0.9610121264831721,46.356224567417655,4.9471742281830276e-14
10850,54.25,0.5931725259818137,-0.40887003017299994,-617.7922265771504,95.20419042008109,-522.5880361570693,-4.838778112565456,0.8442,-56.60657581177908,0.9649804225130086,34.23171785967559,4.882482667524825e-14
10860,54.300000000000004,0.6127696264152456,-0.5169383831995007,-620.9387050122597,98.3495250396469,-522.5891799726128,-4.838788703450119,0.8442,-104.4321633133413,0.9610227702837547,39.49397391236894,4.810805953203969e-14
10870,54.35,0.6593680978206155,-0.7874295176101442,-628.4130457475416,105.82857970020878,-522.5844660473327,-4.838745055993821,0.8442,-223.34329660713718,0.9673261693691418,40.54907705025946,5.0556691461962434e-14
10880,54.4,0.6350501284369753,-0.6727839967827587,-624.5090072876154,101.92554561413453,-522.5834616734809,-4.838735756235934,0.8442,-171.46386141611404,0.9443735934367602,46.736745695970846,4.86548590558277e-14
10890,54.45,0.6318356272520683,-0.6159016922412658,-624.0023190706012,101.40961817395696,-522.5927008966443,-4.838821304598558,0.8442,-148.59120137448838,0.9676821533269196,34.037115546164735,4.80235307772858e-14
10900,54.5,0.6411826024269897,-0.6620641225306543,-625.4987813743461,102.90980768953183,-522.5889736848143,-4.83878679337791,0.8442,-169.33654553604546,0.9665010778442102,34.221698120137134,4.4485746151271043e-14
10910,54.550000000000004,0.6517925236285804,-0.7792430361224374,-627.1943807650824,104.61270004238716,-522.5816807226953,-4.838719265950882,0.8442,-217.74687737534163,0.9610798112937939,45.58039132307529,4.824315077681413e-14
10920,54.6,0.681606069519775,-0.975477654711938,-631.9910620297661,109.39777415792388,-522.5932878718422,-4.8388267395540945,0.8442,-302.72039235519765,0.9893000618410631,26.667648661795567,5.1395172567835836e-14
10930,54.65,0.6437977846348271,-0.7522367988566482,-625.9105981017212,103.32954443388975,-522.5810536678315,-4.8387134598873285,0.8442,-204.7917147604656,0.9720048696048356,38.7173487468053,4.824963356255007e-14
10940,54.7,0.6039160944664164,-0.5575079242953583,-619.4957981598604,96.92853316185983,-522.5672649980006,-4.838585787018524,0.8442,-117.13401852962724,0.9623432294990689,44.17359133211085,4.097324663576356e-14
10950,54.75,0.6307072765403126,-0.7296613998953878,-623.8065216171268,101.22851788472016,-522.5780037324066,-4.838685219744506,0.8442,-191.886057913905,0.9466781091541634,50.850744406125145,4.79565105309244e-14
10960,54.800000000000004,0.6432827251599519,-0.7428898368315645,-625.8366569846024,103.24687738817228,-522.5897795964302,-4.838794255522502,0.8442,-201.03751531040336,0.97229274873295,31.53977535196685,5.082169626585967e-14
10970,54.85,0.5831170078429682,-0.39161713466116066,-616.1627312143028,93.59027975879638,-522.5724514555063,-4.8386338097732065,0.8442,-46.727007567775914,0.950174998821547,49.909177147702195,4.442284212733153e-14
10980,54.9,0.583312436663621,-0.4360697004275334,-616.2059854126405,93.62164608451117,-522.5843393281293,-4.838743882667864,0.8442,-63.851012727303015,0.9459465077199031,53.234722310540185,5.4783546014710375e-14
10990,54.95,0.5934011561414014,-0.5375589126507461,-617.8284074408948,95.24088556069493,-522.5875218801999,-4.838773350742592,0.8442,-106.07084142057356,0.962683095521182,42.14638655011554,5.1170324411171655e-14
11000,55.0,0.6029204345815672,-0.5944801394058798,-619.3565475238983,96.76872975034154,-522.5878177735567,-4.838776090495895,0.8442,-131.00118745592096,0.934107761070079,56.90209842041609,8.966898240876486e-15
11010,55.050000000000004,0.5827396592793879,-0.46896429769358033,-616.1003806671927,93.52971531434176,-522.5706653528509,-4.838617271785657,0.8442,-76.29022498250542,0.9398103980404476,54.69079635195279,8.408210235450755e-15
11020,55.1,0.6308631222831007,-0.7868428034843072,-623.8483343465758,101.25353112643766,-522.5948032201381,-4.838840770556835,0.8442,-213.88250640366329,0.9494400198786445,42.49999563489253,1.3615128354600395e-14
11030,55.15,0.6830883315448713,-1.0951673946805642,-632.2462449903431,109.63567721295183,-522.6105677773913,-4.83898673867955,0.8442,-349.13700600687827,0.9688189298072017,36.202865816221866,1.2025437462988104e-14
11040,55.2,0.561086483255561,-0.31672877912732994,-612.6215275429871,90.05438056251754,-522.5671469804696,-4.8385846942636075,0.8442,-10.847318036233112,0.9643576053173529,41.512990938284986,1.4243656326094003e-14
11050,55.25,0.586583147572225,-0.41638091408226774,-616.7447617247323,94.14659518534211,-522.5981665393901,-4.8388719124017605,0.8442,-57.35425921915804,0.9645520769482447,38.15166940294396,1.7193767016903952e-14
11060,55.300000000000004,0.6523748606058659,-0.8413482304302358,-627.2918226284298,104.70616512724148,-522.5856575011884,-4.838756087973967,0.8442,-241.77123680630984,0.9461861090339773,59.39891829695622,1.7539064261848817e-14
11070,55.35,0.6375332825053186,-0.7705758165402561,-624.8977966765709,102.32409184210364,-522.5737048344673,-4.838645415133957,0.8442,-209.8004450322307,0.9470893804169608,55.61539460082958,1.6033404114189138e-14
11080,55.4,0.6533184297572331,-0.8232911799958413,-627.4509649640855,104.85760797603591,-522.5933569880497,-4.838827379518978,0.8442,-235.1467419572142,0.944462343460338,44.30454227551447,1.3807171431983313e-14
11090,55.45,0.6384740897980473,-0.6926150365423553,-625.0544791171332,102.4750914125866,-522.5793877045465,-4.838698034301357,0.8442,-180.18428493276753,0.9542762142358981,41.06832462253907,1.515200235357039e-14
11100,55.5,0.6193462701827128,-0.5542374263681615,-621.9938144147379,99.40507636432541,-522.5887380504125,-4.838784611577894,0.8442,-120.87819369860405,0.9612930636824432,40.24568807896312,1.3396486701287774e-14
11110,55.550000000000004,0.6087586503991189,-0.5181121539414497,-620.2866799478849,97.70576338905859,-522.5809165588263,-4.8387121903595025,0.8442,-103.58309478891547,0.9406220556441267,47.36270620780726,1.49415252541868e-14
11120,55.6,0.6486788242640772,-0.7398508157474357,-626.7046962946652,104.11295129438439,-522.5917450002808,-4.8388124537063035,0.8442,-201.6194893835873,0.9521353779217023,54.04102097156198,1.6181119713897713e-14
11130,55.65,0.6223282330087634,-0.5521436913974944,-622.4656841286677,99.88368139790653,-522.5820027307611,-4.8387222475070475,0.8442,-121.04078399386043,0.9608233229799064,45.21258989442572,1.3124132286530423e-14
11140,55.7,0.6404203888604385,-0.6072007999809904,-625.3996740064496,102.78747241210039,-522.6122015943492,-4.839001866614345,0.8442,-148.03330250052662,0.9673707663491247,35.74270462754944,8.022238420772764e-15
11150,55.75,0.6243040970357467,-0.52156588822672,-622.7708788636504,100.20080757423736,-522.570071289413,-4.838611771198269,0.8442,-109.9453465169839,0.9643073171171724,38.91163566936272,1.58928862836393e-14
11160,55.800000000000004,0.6793073074286122,-0.9219195766671047,-631.6246547647911,109.02882284229227,-522.5958319224989,-4.838850295578693,0.8442,-281.4202543159764,0.9623500034447656,37.11580577595052,1.0772203146860998e-14
11170,55.85,0.6519106773734169,-0.8198754453845797,-627.2135768970463,104.63166371843342,-522.5819131786129,-4.83872141832049,0.8442,-233.37968726369127,0.9512574323891675,44.68367365119347,1.2054103013841642e-14
11180,55.9,0.6110964327932985,-0.5357758406428519,-620.669383655639,98.08097746332442,-522.5884061923146,-4.838781538817727,0.8442,-111.11977638324886,0.9618115462874688,39.36270051406873,1.435164567080931e-14
11190,55.95,0.5994905203816409,-0.4211971794082997,-618.7964341054884,96.21822852125335,-522.5782055842351,-4.838687088742917,0.8442,-63.38470804925049,0.9438776413634832,56.99834631718071,1.4523143066618467e-14
11200,56.0,0.6235599437567603,-0.5550311731289197,-622.6717167405988,100.08137097296002,-522.5903457676387,-4.838799497848506,0.8442,-122.54806022004207,0.9623198049987833,41.31977047212758,1.1724291566434251e-14
11210,56.050000000000004,0.6056834684761987,-0.49112275660733584,-619.803840197556,97.21219669042989,-522.5916435071262,-4.838811513954872,0.8442,-92.22833175177314,0.9615186529797247,42.741408874486005,1.3195317083126506e-14
11220,56.1,0.639940325898957,-0.7112657034930753,-625.2986063128195,102.71042230678259,-522.588184006037,-4.8387794815373795,0.8442,-187.81738391801144,0.9635937442928658,38.212465710358316,1.73785370118177e-14
11230,56.15,0.6610590997742095,-0.8696160131847078,-628.6988121527445,106.09998551376063,-522.5988266389838,-4.838878024435036,0.8442,-255.43397271861215,0.9701256378194257,40.905140076028104,1.891425893049227e-14
11240,56.2,0.6328578598829028,-0.7287604729532027,-624.1580507823184,101.57368651120589,-522.5843642711125,-4.838744113621412,0.8442,-192.23707538259012,0.9633031527260331,46.16927704766332,1.4365730990695516e-14
11250,56.25,0.6447533517521908,-0.7497847432452073,-626.0740438563327,103.48291295622663,-522.591130900106,-4.838806767593574,0.8442,-204.16023106500026,0.9650481235376785,37.53320195015313,1.349933052681346e-14
11260,56.300000000000004,0.6174082187517071,-0.5383184995469965,-621.6693506276126,99.094019109649,-522.5753315179636,-4.838660477018181,0.8442,-114.14065559399938,0.9496721248655468,49.448139961128554,1.3360237932678698e-14
11270,56.35,0.6435956890039888,-0.7386514969416825,-625.8715224240249,103.2971080851402,-522.5744143388847,-4.838651984619303,0.8442,-199.51226062747313,0.9509922517410375,46.006844856791595,1.5790361390172108e-14
11280,56.4,0.6907272763015496,-1.0429618346669003,-633.45663995034,110.86172784639872,-522.5949121039413,-4.838841778740197,0.8442,-331.57577506228625,0.9720314723991521,37.39102156540731,1.3352710980605876e-14
11290,56.45,0.6334674904321269,-0.6413383944753475,-624.2634937396323,101.67153221435636,-522.5919615252759,-4.838814458567369,0.8442,-158.88241204298237,0.9639860058515013,39.02597783787967,1.3713389232195765e-14
11300,56.5,0.5982822734277916,-0.3143286924305252,-618.6146020149173,96.02430488516055,-522.5902971297568,-4.838799047497748,0.8442,-21.977612036204558,0.9511480493894433,51.01223692331769,1.424381013024609e-14
11310,56.550000000000004,0.5933660208061292,-0.18642286876833025,-617.8259871893173,95.23524633938374,-522.5907408499336,-4.838803156017904,0.8442,28.704908950090537,0.942708814537566,54.31321242354341,1.4652243027117254e-14
11320,56.6,0.6262054146602822,-0.35317685571712043,-623.1044757003216,100.5059690529753,-522.5985066473463,-4.838875061549503,0.8442,-45.93445263473656,0.9689524339945166,40.70099000956954,2.1549930104065168e-14
11330,56.65,0.6164038415516219,-0.37872600212057156,-621.5096605861371,98.93281656903531,-522.5768440171018,-4.838674481639832,0.8442,-52.56438549043294,0.965174113560306,44.285996071132445,2.1106333981060022e-14
11340,56.7,0.6015698014424364,-0.4132817748469695,-619.1171850513566,96.55195313151106,-522.5652319198456,-4.838566962220792,0.8442,-61.02049997213922,0.9432743344715117,57.658765465687424,1.8057087219172518e-14
11350,56.75,0.6909265136198482,-1.0423606180554494,-633.4885495927639,110.89370543598564,-522.5948441567782,-4.838841149599798,0.8442,-331.409583838146,0.9749534590879795,33.78734529894108,2.5914909932614425e-14
11360,56.800000000000004,0.6933102981900852,-1.1228964748867702,-633.8493571476569,111.27630285950866,-522.5730542881482,-4.838639391556928,0.8442,-363.0912141106251,0.947565054183078,56.87453286073819,3.013955194858475e-14
11370,56.85,0.6909864182577343,-1.086355501636508,-633.4953971070123,110.90332013036635,-522.592076976646,-4.838815527561537,0.8442,-348.3140228866432,0.9597638694052678,31.012881827865275,2.2325422876881742e-14
11380,56.9,0.6245852573403469,-0.6661594596549656,-622.8249448198334,100.24593380312568,-522.5790110167077,-4.838694546450997,0.8442,-165.5307769057473,0.9685076457745859,38.00726153355412,2.6811957875801142e-14
11390,56.95,0.6320796438650914,-0.7394173050812636,-624.0250368370708,101.44878284034716,-522.5762539967237,-4.838669018488183,0.8442,-196.07497557416457,0.9572441782980867,48.12057414888717,2.7117560476342317e-14
11400,57.0,0.6800655566418083,-1.0379316140869272,-631.7343608256725,109.15052184101023,-522.5838389846623,-4.838739249857984,0.8442,-326.19080282985385,0.9804244157131757,33.83162314343944,2.842958235826534e-14
11410,57.050000000000004,0.6862109200572548,-1.0220837007321548,-632.7158442840064,110.1368526691894,-522.578991614817,-4.838694366803861,0.8442,-322.09954577078884,0.9678287638004412,40.464171870850485,2.9311149440026163e-14
11420,57.1,0.6913965425657387,-1.0402182143425154,-633.5770427061888,110.96914508180106,-522.6078976243878,-4.838962015040628,0.8442,-330.73962872124537,0.9595572072087344,37.294464997075586,2.8062081152987834e-14
11430,57.15,0.6841692954904276,-1.037349659300676,-632.4019253430799,109.80917192621364,-522.5927534168663,-4.838821790896911,0.8442,-327.2970626996951,0.9651356692408243,31.654544185712684,3.056240526510069e-14
11440,57.2,0.6586646832738825,-0.8268734495325544,-628.3087408654393,105.71568166545813,-522.5930591999811,-4.838824622222047,0.8442,-238.2537863409761,0.9643247226495997,36.42474300979116,2.5114609245034557e-14
11450,57.25,0.5984019455257115,-0.34620122393686564,-618.6297166098215,96.04351225687668,-522.5862043529448,-4.838761151416156,0.8442,-34.24891387938751,0.9590743733517156,38.63801890991814,2.6370984881265568e-14
11460,57.300000000000004,0.6248722298616443,-0.4683563307485427,-622.9064485957061,100.2919928927939,-522.6144557029122,-4.839022737989928,0.8442,-89.70784298952158,0.9535682098508117,38.209602704589514,2.2458445919866612e-14
11470,57.35,0.566747707754678,-0.141215525715627,-613.5465692247454,90.96300709462581,-522.5835621301196,-4.838736686389996,0.8442,54.67960858235686,0.9372030621602853,58.34331230416066,2.6598894684301982e-14
11480,57.4,0.5591388355587978,-0.13032153085309306,-612.3339289810388,89.74178310718706,-522.5921458738517,-4.838816165498627,0.8442,61.325947300167684,0.9581290468772448,51.04469755927382,3.1192834180754613e-14
11490,57.45,0.6399547301339491,-0.7051516645130307,-625.3302072053849,102.71273418649884,-522.6174730188861,-4.839050676100798,0.8442,-185.4755114095348,0.96603137212483,33.18942333548994,3.0035380385113276e-14
11500,57.5,0.6274409449512375,-0.7726315963175434,-623.2776264788425,100.70427166467361,-522.573354814169,-4.838642174205268,0.8442,-207.31952629991466,0.9424411716933708,55.77029116350313,3.074916949554253e-14
11510,57.550000000000004,0.6687149817389669,-1.0229209787460203,-629.9236397053214,107.32875456910419,-522.5948851362173,-4.8388415290390485,0.8442,-316.75220512985504,0.9657795552184741,40.55412216251369,3.480810349269213e-14
11520,57.6,0.6596220241301373,-0.9927828481089769,-628.443099110577,105.86933487288702,-522.5737642376899,-4.838645965163796,0.8442,-302.23921369899125,0.9319381003232073,67.54580784290282,3.656706235437467e-14
11530,57.65,0.6533914866390992,-0.9428341665351523,-627.4540568658006,104.86933360557542,-522.5847232602251,-4.8387474375946775,0.8442,-281.05044986471273,0.9632987407847282,38.89817183686231,3.1443086089940855e-14
11540,57.7,0.6206631303801498,-0.7022095051235109,-622.2078225885558,99.61643242601404,-522.5913901625418,-4.838809168171683,0.8442,-178.09584611678022,0.9551794059926255,48.143429258562975,3.08507811405945e-14
11550,57.75,0.6241488069825827,-0.6644807535182751,-622.7574257170846,100.17588352070452,-522.5815421963802,-4.838717983299817,0.8442,-164.74508744909758,0.9464436444999966,54.372519282533055,3.2050960505372225e-14
11560,57.800000000000004,0.640609827333821,-0.6847390445544741,-625.4016113555429,102.81787728707826,-522.5837340684645,-4.838738278411709,0.8442,-177.8534951143611,0.9530787976284948,51.86375999572696,3.830314688345358e-14
11570,57.85,0.6472837615776597,-0.703037744682458,-626.4928025700007,103.88904373321438,-522.6037588367863,-4.838923692933206,0.8442,-187.03880508236506,0.9718726079463101,34.7772948488147,3.4984163480011215e-14
11580,57.9,0.6403274643586048,-0.702771222160057,-625.3550636164376,102.77255802955607,-522.5825055868816,-4.838726903582237,0.8442,-184.68267468950606,0.9467456645471668,60.79437815976618,4.0212087548568506e-14
11590,57.95,0.6078511655382628,-0.4874086678600848,-620.118232040111,97.56011206889117,-522.5581199712199,-4.8385011108446285,0.8442,-91.50521576085168,0.9609387294365648,48.041582851426604,4.064573243142526e-14
11600,58.0,0.6497117100124187,-0.674960950859355,-626.8568622847223,104.27872945699319,-522.5781328277291,-4.838686415071566,0.8442,-177.04971860943056,0.9433214189619453,59.63221342327655,3.97066209702483e-14
11610,58.050000000000004,0.6406421216822751,-0.5609052681387179,-625.4226449891252,102.82306053000515,-522.59958445912,-4.838885041288148,0.8442,-130.33713597827915,0.9553253395878814,47.873660066414836,3.763381762722306e-14
11620,58.1,0.6218711567890097,-0.3943465030003561,-622.4085377014534,99.81032066463607,-522.5982170368173,-4.838872379970531,0.8442,-60.330870591869456,0.9584996423542161,42.71227518951685,3.172985550374153e-14
11630,58.15,0.6465151904691796,-0.48303219899795724,-626.3720771365976,103.76568807030333,-522.6063890662942,-4.838948046910132,0.8442,-102.35269161846242,0.9428690156295738,65.33986380804653,2.896831223734816e-14
11640,58.2,0.5732042159190093,-0.04581805729917454,-614.5777607084757,91.99927665500098,-522.5784840534748,-4.838689667161804,0.8442,89.20080082189274,0.945161589050649,48.34174799820415,2.6989439523598983e-14
11650,58.25,0.5926636016057385,-0.19026370800097614,-617.7259011346539,95.12250805772103,-522.6033930769329,-4.838920306267897,0.8442,27.458396690257523,0.955006566062722,43.198452228538535,2.7339749185178008e-14
11660,58.300000000000004,0.6198807849622733,-0.35372377118841103,-622.0895366811004,99.49086598644486,-522.5986706946555,-4.83887658050607,0.8442,-44.09517620497463,0.9670196234203784,41.69454697439918,2.5373287403678182e-14
11670,58.35,0.5680030823605872,-0.07532399409601698,-613.7296075714754,91.16449471887424,-522.5651128526011,-4.838565859746307,0.8442,79.5617279595728,0.9550818706696582,45.62083790188793,2.989990558903006e-14
11680,58.4,0.6518267174883643,-0.568452064046182,-627.2372469991489,104.61818815688247,-522.6190588422664,-4.839065359650615,0.8442,-136.8573698879884,0.936430371722335,66.61557906183448,3.008992436660069e-14
11690,58.45,0.6062173999043785,-0.2404179783008601,-619.8778764065643,97.29789268465275,-522.5799837219115,-4.838703552980662,0.8442,3.8179923656365133,0.9584871537919268,45.13570497974031,2.3159746302065295e-14
11700,58.5,0.568831386157667,-0.07993709427946061,-613.8656227423645,91.29743747830555,-522.5681852640589,-4.838594308000546,0.8442,77.52287131818916,0.9548065003488169,46.124508044041896,2.3697101897673467e-14
11710,58.550000000000004,0.6684093022945972,-0.7946624213389332,-629.8673776193884,107.27969301828284,-522.5876846011056,-4.838774857417644,0.8442,-229.04860137948333,0.9339512587584317,58.7367092976742,2.420878155357891e-14
11720,58.6,0.6506030394023831,-0.6948085676696785,-627.0032838203464,104.42178782408249,-522.5814959962639,-4.8387175555209625,0.8442,-184.95593156175389,0.9626759361475296,44.753605766960526,2.6821427121987186e-14
11730,58.65,0.5965073190409926,-0.3749402353446117,-618.3141048547513,95.73942470607932,-522.5746801486721,-4.838654445821038,0.8442,-44.66495266676994,0.9503083891675171,45.83045498752821,2.7794576023917607e-14
11740,58.7,0.6016117425996527,-0.4199598123226165,-619.1391231995477,96.55868468724425,-522.5804385123034,-4.83870776400281,0.8442,-63.59708836468167,0.9380810805743259,61.59239176620904,2.9770649683616636e-14
11750,58.75,0.5996662157478347,-0.3852881513441502,-618.8276855846249,96.24642762752748,-522.5812579570974,-4.8387153514546055,0.8442,-49.65991682007871,0.9664532375650134,43.65185602376574,2.698013275112839e-14
11760,58.800000000000004,0.5922686858396078,-0.4132282709599564,-617.614651904586,95.05912407725705,-522.555527827329,-4.838477109512305,0.8442,-57.98640397596484,0.9502159448485221,56.75328820961456,2.7700461640221815e-14
11770,58.85,0.6618905186422198,-0.8236450182588094,-628.8520273803246,106.23342824207629,-522.6185991382483,-4.839061103131929,0.8442,-238.05990022148137,0.9535435743751703,52.275443543354726,2.656469597813681e-14
11780,58.9,0.6192243019300968,-0.5297114575330555,-621.9904424308983,99.38550045978053,-522.6049419711178,-4.838934647880721,0.8442,-111.42572419303134,0.9634978145947114,30.576973440523258,2.7494699682740576e-14
11790,58.95,0.6309780125399425,-0.524730584204669,-623.8489676204384,101.27197101266076,-522.5769966077777,-4.83867589451646,0.8442,-113.3222906116244,0.9577520326865356,46.84339347554405,3.1361196717216335e-14
11800,59.0,0.6413170000495655,-0.5724647765585582,-625.5053763936311,102.93137850795526,-522.5739978856758,-4.838648128571072,0.8442,-134.99228167710908,0.9541802296277774,49.204558898284255,3.9689213919487873e-14
11810,59.050000000000004,0.6049725246148066,-0.3542243670655747,-619.691434173026,97.09809020067645,-522.5933439723495,-4.838827259003237,0.8442,-39.45702620183988,0.9488258696552972,56.918079234544685,3.79059878718575e-14
11820,59.1,0.6301315014305395,-0.4780866884136852,-623.7407238614397,101.1361059796016,-522.6046178818382,-4.838931647054057,0.8442,-95.14631260625653,0.9608815495132744,43.24530765386542,3.3915541723540405e-14
11830,59.15,0.5968079626473732,-0.33817561739161767,-618.3496136584521,95.78767800490341,-522.5619356535486,-4.8385364412365615,0.8442,-30.652273281508187,0.9531270405613403,43.17810454640554,3.3262715380010383e-14
11840,59.2,0.6410974265600227,-0.6931213148388027,-625.5056235256397,102.89613696288365,-522.609486562756,-4.838976727432926,0.8442,-181.2285532789578,0.9625273573221669,34.54585953029125,3.0441173508946845e-14
11850,59.25,0.6239213359126801,-0.6941317825673864,-622.7072155365616,100.13937441398515,-522.5678411225765,-4.838591121505338,0.8442,-176.0513126835153,0.9736467856838239,33.995504319862306,3.430903515230372e-14
11860,59.300000000000004,0.6327603122158874,-0.7800495205608021,-624.132467649681,101.55803011064992,-522.574437539031,-4.838652199435472,0.8442,-211.88996582199076,0.9752510453112037,34.52155477037051,3.3477792273581695e-14
11870,59.35,0.6458278700551293,-0.8733524091608437,-626.241477864531,103.65537314384825,-522.5861047206828,-4.838760228895211,0.8442,-251.93306553846696,0.9621217291039832,41.29841710079952,3.230167131352573e-14
11880,59.4,0.6341066825635581,-0.7914487363745895,-624.3621963948374,101.77412255145107,-522.5880738433863,-4.8387784615128355,0.8442,-216.7011553721664,0.9456299381231908,56.489713137260885,2.9701578520446346e-14
11890,59.45,0.5788495783900419,-0.3951415346314107,-615.4740879748348,92.90535733160173,-522.568730643233,-4.8385993578077136,0.8442,-46.697008601243176,0.9521910867514903,46.61155155510107,3.158146678068635e-14
11900,59.5,0.621640301306201,-0.5777516271132256,-622.379674361351,99.77326835964526,-522.6064060017057,-4.8389482037194975,0.8442,-130.6460997274149,0.9685323489360359,42.381502957634325,3.3659949950348194e-14
11910,59.550000000000004,0.612758498921386,-0.5370536403097395,-620.9161535813276,98.34773907688245,-522.5684145044452,-4.838596430596715,0.8442,-112.14869932695768,0.9577958843613494,45.8462331484828,3.550963413117307e-14
11920,59.6,0.6419518105939394,-0.6944800552674872,-625.6362880706623,103.03326560032727,-522.6030224703351,-4.838916874725324,0.8442,-182.02685190885344,0.9626881111230856,38.21372955485931,3.338247265758057e-14
11930,59.65,0.6024040238434571,-0.4397836312550064,-619.2720064805127,96.68584582687487,-522.5861606536378,-4.838760746792942,0.8442,-71.46207620373015,0.9527455347188899,46.25230773553709,3.449945477365791e-14
11940,59.7,0.6362350298785829,-0.5813897675192732,-624.7080418919483,102.11572229551257,-522.5923195964357,-4.838817774041071,0.8442,-136.77109300680394,0.9511653287799274,44.210584470446065,3.9615053821441347e-14
11950,59.75,0.634399665087177,-0.507121916304097,-624.4042504174714,101.82114624649192,-522.5831041709795,-4.838732446027588,0.8442,-107.6727818959839,0.9626713205423318,41.5851567054895,3.321923838366923e-14
11960,59.800000000000004,0.6006590093038918,-0.3028713526378986,-618.9661201765861,96.40577099327464,-522.5603491833115,-4.8385217516973285,0.8442,-18.350401192101998,0.9555558518529615,48.92801687631948,3.688013167032831e-14
11970,59.85,0.6480160046599611,-0.6177662032756375,-626.6131364383735,104.00656874792377,-522.6065676904498,-4.838949700837498,0.8442,-154.54923424353026,0.9729974617435246,33.52254679453082,4.096858351681375e-14
11980,59.9,0.615337339918296,-0.4716745850436448,-621.3352023012727,98.7616430568865,-522.5735592443862,-4.83864406707765,0.8442,-87.89206908096497,0.9449589821914435,62.042336893018245,4.234973341029738e-14
11990,59.95,0.6210190220401368,-0.4984530418089887,-622.2709355307749,99.67355303744196,-522.5973824933329,-4.838864652716046,0.8442,-100.01038018175032,0.9602380925092493,44.146965753096396,3.9447928578231363e-14
12000,60.0,0.6045696970386022,-0.3867615060845959,-619.6035601536635,97.03343637469565,-522.5701237789679,-4.838612257212666,0.8442,-51.81411139641153,0.9455514045875263,55.74395351560706,5.0402933159116e-15
12010,60.050000000000004,0.6704925768135473,-0.7193815818798033,-630.2196797040672,107.61405857857434,-522.6056211254928,-4.838940936347155,0.8442,-200.8311492689465,0.970279785931203,39.556226704855035,3.585629364107706e-15
12020,60.1,0.6109492126448072,-0.43713474141690933,-620.6376140452211,98.05734862949154,-522.5802654157295,-4.838706161256755,0.8442,-73.21408588100195,0.9538092970635198,46.30845324059228,4.326894167603008e-15
12030,60.15,0.6394629767710143,-0.7044746458504154,-625.2255898994639,102.6338077717478,-522.5917821277161,-4.838812797478853,0.8442,-185.05634673301265,0.9563084210230394,47.187628639612825,6.922276171053289e-15
12040,60.2,0.6685134418426283,-0.8996883746613289,-629.8945105273456,107.29640741574184,-522.5981031116037,-4.838871325107442,0.8442,-269.3908108191248,0.951201200638105,52.88140046809129,1.087723410905295e-14
12050,60.25,0.684658909535546,-1.0095623238488982,-632.4703120260099,109.88775498045513,-522.5825570455547,-4.8387273800514325,0.8442,-316.7910486496312,0.9560157982827583,46.88877667452778,1.2848883076780833e-14
12060,60.300000000000004,0.7189636048421396,-1.2072973636056576,-637.981368120087,115.39365857716341,-522.5877095429237,-4.838775088360404,0.8442,-403.79555064584747,0.9557013505795531,48.53831493125539,1.0896896626553003e-14
12070,60.35,0.6379381509666909,-0.6666114301326969,-624.9663693301876,102.3890732301539,-522.5772961000337,-4.838678667592904,0.8442,-170.0305785899186,0.9572674622443132,49.54081357513249,1.3758985030500331e-14
12080,60.4,0.6106238093934675,-0.5210254438709472,-620.5861798491243,98.00512140765153,-522.5810584414728,-4.838713504087711,0.8442,-105.30551331227323,0.9492726415852715,58.0257523051942,1.5220029992314117e-14
12090,60.45,0.6823663352224351,-0.9869076070114361,-632.1323267821118,109.51979680320083,-522.612529978911,-4.839004907212138,0.8442,-307.35348051942594,0.9689257325821037,38.43727578836648,1.4500023811733672e-14
12100,60.5,0.6522360734551946,-0.7555500314770658,-627.2655703010124,104.68388978955873,-522.5816805114537,-4.838719263994942,0.8442,-208.79732347616485,0.9493333163004569,56.629799890897324,1.297109247294417e-14
12110,60.550000000000004,0.6294369936730935,-0.5701685556466058,-623.5913771574905,101.02463748453151,-522.566739672959,-4.838580922897768,0.8442,-130.26188079631035,0.9516219935388901,50.61135764720575,1.4530741352503093e-14
12120,60.6,0.6399741528006336,-0.7258272576030061,-625.2999258494498,102.7158515245017,-522.5840743249481,-4.838741428934704,0.8442,-193.41699999574865,0.9603220778968405,35.88543089861826,1.2700412776847837e-14
12130,60.65,0.651018504933578,-0.8617158678429898,-627.0725371789346,104.48847004183928,-522.5840671370953,-4.838741362380512,0.8442,-249.14878126634727,0.9587899560942542,50.01147060216169,1.5883951152110703e-14
12140,60.7,0.6187190610194097,-0.653150014996517,-621.8667107920219,99.30440929361525,-522.5623014984067,-4.83853982868895,0.8442,-158.63716546296462,0.9383774555426724,69.5220111111974,1.0352643673630998e-14
12150,60.75,0.6119576522288929,-0.6022707935471505,-620.8260731808515,98.2192031827373,-522.6068699981142,-4.838952499982539,0.8442,-136.91926248842782,0.9604100584130242,48.86561088172355,1.2966488818686304e-14
12160,60.800000000000004,0.6553634360402361,-0.8708507562221928,-627.7873052086969,105.18583148445789,-522.601473724239,-4.838902534483695,0.8442,-254.0624662546199,0.9597681455369609,45.68312008770449,1.1527656095095221e-14
12170,60.85,0.7253543067595913,-1.2032588100717216,-639.0141338681391,116.4193662349144,-522.5947676332247,-4.838840441048377,0.8442,-404.3161601649516,0.9726547987717088,38.749126061344654,1.525892903976901e-14
12180,60.9,0.6638102832927982,-0.7005605978624461,-629.1215694845861,106.54155046849412,-522.5800190160919,-4.838703879778628,0.8442,-191.44268078842785,0.9390038988823045,70.08150673198243,1.8969550134286848e-14
12190,60.95,0.6030551854171342,-0.25173249969832046,-619.3522867901687,96.79035725945005,-522.5619295307187,-4.8385363845436915,0.8442,0.50008962167243,0.9707433164416374,35.069345472696604,2.2115742971663227e-14
12200,61.0,0.6596736061970025,-0.4851087646376262,-628.4839019003441,105.87761379461891,-522.6062881057252,-4.838947112090048,0.8442,-107.41299446596234,0.9402041389423772,54.36476374510316,2.2861969589593472e-14
12210,61.050000000000004,0.6011171686147078,-0.03186766124887386,-619.0610780501694,96.4793055626606,-522.5817724875088,-4.838720115625081,0.8442,85.51110071363382,0.9442528921165436,54.430879280397306,2.2728226231827375e-14
12220,61.1,0.5889077875545023,0.08658106488154405,-617.1123131599035,94.51969990249763,-522.5926132574058,-4.838820493124127,0.8442,134.92700564297243,0.970846999735118,37.455227086134066,2.4368609022546007e-14
12230,61.15,0.6387156617784082,-0.22722677299484006,-625.0997138725925,102.51386371543452,-522.5858501571579,-4.838757871825536,0.8442,-1.6487217628207134,0.960808613385327,43.48783919718688,2.4376112072891154e-14
12240,61.2,0.686093101308527,-0.633258662639091,-632.7050887743379,110.11794276001858,-522.5871460143194,-4.838769870502957,0.8442,-172.83214678884184,0.9621627180460588,39.61288383737781,2.4807588944803932e-14
12250,61.25,0.6728347741718818,-0.6731266154961313,-630.5816305133993,107.98998125458702,-522.5916492588123,-4.838811567211224,0.8442,-183.83758208924945,0.9568479225753888,38.90698132178179,2.5766085519333603e-14
12260,61.300000000000004,0.6430823996560683,-0.6101253592739174,-625.7984250874206,103.21472514479896,-522.5836999426216,-4.838737962431681,0.8442,-150.018226136321,0.9733328622655874,38.01203141231915,2.5472315656733293e-14
12270,61.35,0.6687799226306169,-0.7776485105380231,-629.9379555642702,107.33917758221402,-522.5987779820562,-4.8388775739079275,0.8442,-222.63882321235417,0.9740201386091596,35.21220197752379,2.3792652687136216e-14
12280,61.4,0.6301991049977155,-0.4601616568033057,-623.731100254891,101.14695635213333,-522.5841439027577,-4.838742073173682,0.8442,-88.28867311326181,0.9489990707239518,49.98859111069601,2.508778561997172e-14
12290,61.45,0.6363839205874328,-0.4694084867081406,-624.7251771432047,102.13961925428296,-522.5855578889218,-4.838755165638165,0.8442,-93.84144330648436,0.9556978138808021,40.16499942379775,3.0241199467088143e-14
12300,61.5,0.6662304858065441,-0.6715688239577977,-629.5455692088968,106.92999297195033,-522.6155762369465,-4.83903311330506,0.8442,-181.09991957380538,0.9391290511785839,69.88651678919122,2.691421186473978e-14
12310,61.550000000000004,0.6422863567587904,-0.6527899477071967,-625.6611219689861,103.08696025978587,-522.5741617092002,-4.838649645455558,0.8442,-166.1347771458978,0.9466463780977845,41.74915983761492,2.4160873854225878e-14
12320,61.6,0.6888398036602646,-0.9962037879825488,-633.1579403193217,110.55878848747247,-522.5991518318492,-4.838881035480085,0.8442,-313.01871494317675,0.9725095783123894,33.71010355198687,1.932760982764056e-14
12330,61.65,0.620760432716514,-0.5521661204223056,-622.2206905284772,99.63204945100051,-522.5886410774767,-4.83878371368034,0.8442,-120.54142485368344,0.9621251642884234,37.02789601363956,2.528141405364891e-14
12340,61.7,0.5985850841676884,-0.3759291788483158,-618.6665759501201,96.07290600891399,-522.5936699412061,-4.838830277233391,0.8442,-45.71770044557357,0.9611334041856507,35.617140137918376,2.9003819538210074e-14
12350,61.75,0.5920617102680379,-0.38252889255907363,-617.582923260865,95.02590449802008,-522.5570187628449,-4.838490914470786,0.8442,-46.13706646613035,0.9419329056976247,51.59185604258693,2.972247644854615e-14
12360,61.800000000000004,0.6679841914563346,-0.8237794536839463,-629.8329420850474,107.2114627287417,-522.6214793563057,-4.8390877718176455,0.8442,-240.0858458988082,0.9742684254259258,28.97484054038962,2.7274203187642514e-14
12370,61.85,0.6415167573882459,-0.650000659676431,-625.5572324498287,102.96343956081346,-522.5937928890153,-4.838831415639031,0.8442,-164.81491128771378,0.9697939852444682,37.87765400120611,2.509349648194497e-14
12380,61.9,0.6382462580688899,-0.5867716687381092,-625.0318520437005,102.43852442005684,-522.5933276236436,-4.83882710762633,0.8442,-139.48827938266055,0.9446203199557892,57.46820849306983,3.205854291815044e-14
12390,61.95,0.6277719295557006,-0.4423305699104714,-623.3566710845982,100.75739469368995,-522.5992763909082,-4.838882188804706,0.8442,-80.65878076320428,0.9509838774594833,47.659235059129244,2.443903256811649e-14
12400,62.0,0.577388824420553,-0.042649612153444205,-615.2445061504774,92.67090631949876,-522.5735998309787,-4.838644442879432,0.8442,89.0610220516814,0.9422569769301327,50.841201338305,2.109131562598185e-14
12410,62.050000000000004,0.6372970971015841,-0.2970404556900764,-624.8794061629104,102.28618408480425,-522.5932220781061,-4.838826130352834,0.8442,-27.983270741735552,0.9673569821017343,38.52693519256158,2.040667028291854e-14
12420,62.1,0.6387230611037652,-0.2912914264816778,-625.1082136525173,102.51505130715432,-522.593162345363,-4.83882557727188,0.8442,-26.238832635986455,0.9578427904148847,35.36781019953554,2.038667340128701e-14
12430,62.15,0.6158259676433279,-0.2445780614848746,-621.4139959338778,98.84006780675412,-522.5739281271237,-4.838647482658553,0.8442,-0.891803993558355,0.9532330753286488,44.16261892269493,2.4213618015285114e-14
12440,62.2,0.6856898014002712,-0.8012752452372631,-632.6550461589508,110.05321312474354,-522.6018330342072,-4.838905861427844,0.8442,-237.18545388225778,0.9662684829444829,33.93160568421404,2.2827708112219646e-14
12450,62.25,0.6704825100677231,-0.8130288698548719,-630.1926349273213,107.61244286586955,-522.5801920614517,-4.838705482050479,0.8442,-236.76927748447716,0.9713901262736138,35.22585401193078,2.2087858475286e-14
12460,62.300000000000004,0.6698551981925626,-0.8279522585449011,-630.121854975598,107.5117593099063,-522.6100956656917,-4.838982367274923,0.8442,-242.29355501305577,0.949125053237623,52.9104573249732,2.7057629337020385e-14
12470,62.35,0.6173228969626833,-0.5078381058210463,-621.6618654927682,99.08032496251067,-522.5815405302576,-4.838717967872755,0.8442,-102.41477920072865,0.9701198832548364,37.36417227553875,2.7403623919391958e-14
12480,62.4,0.6522278680052502,-0.7528871487485176,-627.2780821699337,104.68257281484266,-522.595509355091,-4.838847308843436,0.8442,-207.7726630103004,0.9665421023788774,43.22508688829529,2.7888705145506225e-14
12490,62.45,0.6513214036403749,-0.8340513659156749,-627.1339482075101,104.53708528428018,-522.59686292323,-4.838859841881759,0.8442,-238.6294143771646,0.9635296979498916,40.5562474869263,2.7092399200757753e-14
12500,62.5,0.7093694914085752,-1.1568836971308558,-636.4738820916984,113.85380337107631,-522.6200787206221,-4.839074802968724,0.8442,-381.3385291823613,0.9729647613271807,35.44641346866352,3.835463044819306e-14
12510,62.550000000000004,0.6381386635154224,-0.7108414392131586,-624.9915009050522,102.42125549422529,-522.5702454108269,-4.838613383433583,0.8442,-187.07081466526645,0.9289662824918,71.31161834651411,3.3603142496651723e-14
12520,62.6,0.6439119936622889,-0.6573516009787304,-625.9637402589667,103.34787498279736,-522.6158652761693,-4.83903578959416,0.8442,-168.41222463029882,0.9563889994422666,41.85483900922314,3.6041061139477407e-14
12530,62.65,0.6460327477304363,-0.6473895877883318,-626.2975092275653,103.68825601073502,-522.6092532168303,-4.838974566822503,0.8442,-165.2759750160295,0.9623348509390715,45.84512986555759,3.407715593021087e-14
12540,62.7,0.6261057437634898,-0.5720947926660844,-623.069132579717,100.48997187404011,-522.5791607056769,-4.838695932459972,0.8442,-129.92183655802125,0.946206280389138,60.022342511078854,3.288253308341263e-14
12550,62.75,0.6736641574334402,-0.8303517423720256,-630.756497100143,108.12309726806716,-522.6333998320758,-4.8391981465932945,0.8442,-244.448568444376,0.9669435337183849,39.93232760887242,3.834712777966656e-14
12560,62.800000000000004,0.5552720383358407,-0.14176406572226585,-611.690425271489,89.12116215290244,-522.5692631185865,-4.83860428813506,0.8442,58.18719839262096,0.9706695549364674,37.107689826462526,3.4365618831491564e-14
12570,62.85,0.5996813993226985,-0.4670189154220147,-618.8447300629458,96.24886459129311,-522.5958654716527,-4.838850606219006,0.8442,-81.03272016617171,0.9540417564735814,41.833633067268536,3.373027944829523e-14
12580,62.9,0.6575464084523054,-0.8730983901722923,-628.1365871711122,105.53619855659501,-522.6003886145172,-4.838892487171456,0.8442,-255.6323806829063,0.95982983399757,38.8196262733774,3.2538386316463353e-14
12590,62.95,0.6398172234338584,-0.7096371237914854,-625.2837830168925,102.69066436113427,-522.5931186557582,-4.838825172738502,0.8442,-187.15245746924236,0.9502129823282135,53.77685556240126,2.7383600826391478e-14
12600,63.0,0.602998664182299,-0.4532785769814119,-619.360856491947,96.78128560125899,-522.5795708906879,-4.838699730469333,0.8442,-76.83403654079206,0.9355566810094907,67.13717337731933,2.9006634873151704e-14
12610,63.050000000000004,0.6156794088022813,-0.5222777518776882,-621.4188632033223,98.81654511276615,-522.6023180905562,-4.838910352690335,0.8442,-107.4241574593502,0.9748618932929775,34.214106519604016,3.2649288377713405e-14
12620,63.1,0.6200001749981187,-0.6106341617896098,-622.1013746253954,99.51002808719805,-522.5913465381973,-4.838808764242567,0.8442,-142.7348613659612,0.9583168590710501,46.873803552821045,2.6975635230620945e-14
12630,63.15,0.6658323763889294,-0.9152255827833197,-629.4741365895467,106.86609641042317,-522.6080401791235,-4.838963334991884,0.8442,-274.4852532069203,0.9599018372602682,46.649592069505694,2.5898673916164307e-14
12640,63.2,0.6532627609673404,-0.8097411335405929,-627.4380849872297,104.84867313525812,-522.5894118519716,-4.838790850481218,0.8442,-229.92826100075013,0.9714740166195251,37.983007603420845,3.375169294861165e-14
12650,63.25,0.6167412106010145,-0.5172657939565692,-621.564811219822,98.98696430146283,-522.5778469183591,-4.838683767762585,0.8442,-105.84461530226469,0.9334164878489344,49.91907834835811,2.8824990448839264e-14
12660,63.300000000000004,0.568732156763729,-0.16340959042904446,-613.8790579175834,91.2815111605785,-522.5975467570049,-4.838866173675972,0.8442,45.51866917503385,0.9590322930933346,47.05904982681555,3.7120861873444585e-14
12670,63.35,0.5586198636290404,-0.22302736096944964,-612.2398550041098,89.65848811246099,-522.5813668916488,-4.83871636010786,0.8442,25.914031474184824,0.958489295821857,37.39284240994911,3.6082952858050615e-14
12680,63.4,0.6393289949514573,-0.8411774522313502,-625.2038892035157,102.6123036897089,-522.5915855138068,-4.838810976979692,0.8442,-237.47883246264092,0.9609791888545993,45.87222804234896,3.8390768737691817e-14
12690,63.45,0.6380056456195058,-0.8553517844026205,-624.9864983995908,102.39990612193068,-522.5865922776601,-4.838764743311668,0.8442,-242.49010947701757,0.9508381259607835,44.67009055416436,3.9428551217479155e-14
12700,63.5,0.6329774913578663,-0.7670021130938244,-624.1886236074794,101.59288736293753,-522.5957362445419,-4.838849409671684,0.8442,-206.95279808135655,0.9776865836759449,27.427054762071702,3.552006708642486e-14
12710,63.550000000000004,0.6258162518605906,-0.6829019028121671,-623.0402481350808,100.44350842362479,-522.5967397114559,-4.838858701032,0.8442,-172.3552902780595,0.9662056894463033,41.30533833251258,3.598177199898378e-14
12720,63.6,0.6399215094098479,-0.747059286533869,-625.3097819370028,102.70740226028059,-522.6023796767222,-4.838910922932613,0.8442,-201.54869664492793,0.9726258944241193,33.98590944422212,3.349917457221494e-14
12730,63.65,0.616130720547185,-0.6185629493915975,-621.4832286851523,98.88898064782319,-522.5942480373292,-4.838835629975271,0.8442,-144.52418961289447,0.9372172083391223,54.099889496529705,3.281385246063034e-14
12740,63.7,0.6602125449269118,-0.8852842548400826,-628.5704447056524,105.96411346076935,-522.6063312448831,-4.838947511526696,0.8442,-261.17308659833816,0.9594138247901168,39.26879810242941,3.259124231325714e-14
12750,63.75,0.6736285262149934,-0.9780217744715657,-630.693701260196,108.11737845750643,-522.5763228026896,-4.838669655580459,0.8442,-301.1120895541562,0.9433574121074741,55.5107961544815,3.391726797579411e-14
12760,63.800000000000004,0.6742530458240107,-0.9922698998616174,-630.836300731408,108.21761385475372,-522.6186868766542,-4.839061915524576,0.8442,-306.7827975966235,0.9684225552576955,30.732124988794958,3.2887534580996304e-14
12770,63.85,0.5755566914180015,-0.4770689062264645,-614.9543096808817,92.37684897258924,-522.5774607082924,-4.838680191743448,0.8442,-77.0734541329837,0.9398289361866986,69.2735935905176,3.222598037776485e-14
12780,63.9,0.645321134518168,-0.901800657644861,-626.1884475476728,103.57404209016596,-522.6144054575068,-4.8390222727546925,0.8442,-262.6871875467156,0.9759024547833649,31.576741115510057,2.4429511010065155e-14
12790,63.95,0.6273073224600411,-0.805396309377105,-623.2641871716974,100.68282525483659,-522.5813619168607,-4.838716314045007,0.8442,-219.85117579127683,0.9633449357532101,38.56533589862965,3.006019818676153e-14
12800,64.0,0.6400977164940526,-0.8082649634181743,-625.334641517177,102.73568349729544,-522.5989580198816,-4.83887924092483,0.8442,-225.09623942288601,0.96713646082159,34.070130909870265,3.212706378827509e-14
12810,64.05,0.6247749250828013,-0.61885372404343,-622.870649030599,100.2763754757896,-522.5942735548094,-4.838835866248235,0.8442,-147.43650982983254,0.9578300989144983,45.22657227669387,2.8792259441977296e-14
12820,64.1,0.6285283089821732,-0.6204305730475317,-623.4748965682857,100.8787935916388,-522.5961029766469,-4.8388528053393225,0.8442,-149.2577934642702,0.9539855547722084,45.02446570477249,2.887040196242545e-14
12830,64.15,0.6400911200120795,-0.7000146965473542,-625.3524670391747,102.73462476193875,-522.6178422772359,-4.839054095159592,0.8442,-183.54815752147377,0.9454835244978023,63.57988100345436,2.5123073913486303e-14
12840,64.2,0.6511713219978938,-0.7909389771336931,-627.1227969870321,104.51299718066196,-522.6097998063701,-4.8389796278367605,0.8442,-222.0344553434299,0.9355396428619994,49.42460144584412,2.6496847805028755e-14
12850,64.25,0.6335865783111635,-0.7023705191700174,-624.2818336374783,101.69064581894173,-522.5911878185366,-4.838807294616079,0.8442,-182.34483968218805,0.950921717704072,50.13567552374066,3.1122148220395155e-14
12860,64.3,0.6433901043989506,-0.7536447429828923,-625.8600374968221,103.26411175603158,-522.5959257407906,-4.838851164266579,0.8442,-205.1999887152654,0.9773648002247233,32.26059621561445,3.039457312948595e-14
12870,64.35,0.6547316556059835,-0.8808415457341778,-627.6896442466635,105.08443072476035,-522.6052135219031,-4.838937162239843,0.8442,-257.6921875435112,0.9631410509248689,40.85474829098226,3.2329610600236255e-14
12880,64.4,0.6067788970643988,-0.6494259244542442,-619.9795352097123,97.388012978836,-522.5915222308763,-4.838810391026633,0.8442,-153.3392638604982,0.9317664630947222,72.41895095546555,3.5534075004414875e-14
12890,64.45,0.6241372315236439,-0.7237819228177955,-622.7748757813307,100.17402565954484,-522.6008501217859,-4.838896760386906,0.8442,-187.50084760576107,0.9569947645958408,38.49392846730483,3.5676442951149664e-14
12900,64.5,0.6230723229829146,-0.628689693554622,-622.6207242322504,100.00310783875778,-522.6176163934927,-4.839052003643451,0.8442,-150.6598657089886,0.9771405597607813,30.045533509605388,3.4440229502684307e-14
12910,64.55,0.6232650475956345,-0.6199106517830733,-622.6308677169721,100.03404013909935,-522.5968275778728,-4.838859514609933,0.8442,-147.35295343259557,0.9469610277617573,60.95587528229954,3.6319358531657135e-14
12920,64.6,0.6617840150027866,-0.856310158481077,-628.8073703292185,106.21633440794724,-522.5910359212713,-4.83880588815992,0.8442,-250.56212063294075,0.9463204309955188,44.045464966080544,3.9754085293024356e-14
12930,64.65,0.6611981726937536,-0.8087663173959235,-628.733702293027,106.12230671734744,-522.6113955756796,-4.838994403478515,0.8442,-232.12520453648222,0.9777576366639206,28.07241053530191,4.0975690800636004e-14
12940,64.7,0.6058438657463885,-0.41988281221168056,-619.8278521287074,97.23794045229535,-522.589911676412,-4.838795478485297,0.8442,-64.93874398284139,0.9721262375878598,33.62181368855686,4.564475085315849e-14
12950,64.75,0.6237660175657537,-0.5024343460595818,-622.7128849978052,100.11444581930347,-522.5984391785017,-4.838874436837979,0.8442,-102.42841262780024,0.9562521333868603,51.1075839675403,4.097565319920373e-14
12960,64.8,0.6559356156299594,-0.7350411969142412,-627.8845069529496,105.27766630860849,-522.6068406443411,-4.838952228188344,0.8442,-202.1247806390649,0.9692786634538635,33.520428236122285,4.1609609712567365e-14
12970,64.85,0.6470640691544775,-0.7465950569975092,-626.4555129698299,103.85378309929362,-522.6017298705362,-4.838904906208669,0.8442,-203.68471688375556,0.9706375472698806,37.73857313444584,4.389945944486838e-14
12980,64.9,0.6290664998981913,-0.6966723064339353,-623.5537572390839,100.96517323365971,-522.5885840054242,-4.8387831852354095,0.8442,-178.69338695763292,0.9565454145644002,38.13101677641252,3.820748299763765e-14
12990,64.95,0.6283834993420246,-0.6885679664667353,-623.4630622751222,100.85555164439495,-522.6075106307272,-4.838958431765993,0.8442,-175.3616871141172,0.9321680845162803,71.27813126418513,3.77462868745295e-14
13000,65.0,0.5918379966947518,-0.37269509405885787,-617.5826156230618,94.98999846950767,-522.5926171535541,-4.838820529199575,0.8442,-42.29041753269517,0.9502863767888857,49.01525839504077,5.276845187794565e-15
13010,65.05,0.6360437415732088,-0.5537183858320842,-624.7025859331515,102.0850205225,-522.6175654106514,-4.839051531580106,0.8442,-126.08896910611001,0.9747548706774904,33.675273131957994,8.373908221563065e-15
13020,65.1,0.6815768021322186,-0.8173321813800128,-632.011661769701,109.39307674222108,-522.61858502748,-4.839060972476666,0.8442,-242.01541889061332,0.955959899134682,48.969934983893666,5.847408815934904e-15
13030,65.15,0.6464141789205302,-0.5850094674291242,-626.3506410636345,103.7494757167451,-522.6011653468894,-4.838899679137865,0.8442,-141.45836114239313,0.9476139702229718,55.516866311768986,5.0087087613064644e-15
13040,65.2,0.599432213102657,-0.35644515925626363,-618.8226903522633,96.20887020297646,-522.6138201492869,-4.8390168532341375,0.8442,-38.51429489732777,0.9556014008943096,43.11818880365202,7.914574293997495e-15
13050,65.25,0.6316232496456503,-0.6771616947078096,-623.9845819224621,101.37553156812687,-522.6090503543352,-4.838972688466066,0.8442,-172.0336926163158,0.9541267725107249,44.02066929566176,7.985892173480756e-15
13060,65.3,0.661484841433864,-0.9168925425610063,-628.7582783391744,106.16831705013517,-522.5899612890391,-4.838795937861473,0.8442,-273.7164232247277,0.9559354887079803,42.49081892120076,9.249064055233615e-15
13070,65.35,0.6246779591572174,-0.6754077933444871,-622.8579865595871,100.26081244473339,-522.5971741148537,-4.838862723285683,0.8442,-169.11027938207616,0.9620842662848695,45.428788808041624,4.909207364950488e-15
13080,65.4,0.6242951374584398,-0.6912365275829808,-622.8037800345218,100.19936956207958,-522.6044104724422,-4.838929726596687,0.8442,-175.06123910248004,0.947845658587608,41.633586268575414,8.346644312855618e-15
13090,65.45,0.6538375095950959,-0.9018033965490163,-627.5346934286888,104.94092029001288,-522.5937731386759,-4.838831232765518,0.8442,-265.44754425020733,0.9626936800462859,44.021632964914744,1.1862320719867681e-14
13100,65.5,0.6845583403772463,-1.0724835307690486,-632.5044885791206,109.87161363054803,-522.6328749485725,-4.839193286560857,0.8442,-340.9073283055128,0.9709580208734553,38.294432958959526,1.481544126512035e-14
13110,65.55,0.6020880960973386,-0.512962368251682,-619.2262971847791,96.63513942362285,-522.5911577611563,-4.838807016307003,0.8442,-99.44537160418307,0.963105143021833,43.5448706829807,1.5864247922820105e-14
13120,65.6,0.6428575083980643,-0.663104493531024,-625.789920244221,103.17863009788933,-522.6112901463316,-4.838993427280848,0.8442,-170.2785045804104,0.9542679063965288,46.324931860545874,8.663297268407268e-15
13130,65.65,0.6361800280174653,-0.6508374449399352,-624.7061603298104,102.10689449680318,-522.5992658330072,-4.838882091046362,0.8442,-163.4069652304951,0.9615259503752525,47.53321481614213,6.536953666203107e-15
13140,65.7,0.6310052685176263,-0.6320025924626709,-623.8663805150585,101.27634559707901,-522.5900349179794,-4.838796619610921,0.8442,-154.5016151228936,0.977075683833486,33.51041957462935,6.793825628849091e-15
13150,65.75,0.6666071975050678,-0.8703861488159699,-629.5951166720255,106.99045519956339,-522.6046614724621,-4.8389320506709455,0.8442,-257.5271308261121,0.9717551417396401,35.031401575820645,7.427974920446574e-15
13160,65.8,0.6174164636625563,-0.6313350794855876,-621.6994732110248,99.09534241784029,-522.6041307931846,-4.838927136973932,0.8442,-149.84265400043728,0.948439139957083,57.24668989353518,5.482317111040311e-15
13170,65.85,0.6196548867450073,-0.7121375153116233,-622.0556021294636,99.45460932257367,-522.60099280689,-4.838898081545278,0.8442,-181.5794989185681,0.9526471378162056,56.149023276109716,1.2630085021566964e-14
13180,65.9,0.6817241597140313,-1.1195711222265514,-632.0177197287006,109.41672763410203,-522.6009920945986,-4.838898074949987,0.8442,-358.0610504920608,0.9755165342651534,33.53063408785527,7.093708309970864e-15
13190,65.95,0.6256410100855175,-0.7590347421236954,-623.0225547949043,100.41538211872556,-522.6071726761787,-4.838955302557211,0.8442,-201.51793854437526,0.9340295342533952,59.42434266430679,9.485262386356985e-15
13200,66.0,0.5777796738619208,-0.44932703098905075,-615.3488226733543,92.73363765483828,-522.6151850185161,-4.839029490912186,0.8442,-67.14649886115795,0.9702075876771407,35.314110949995126,8.311856529383729e-15
13210,66.05,0.6458536132512065,-0.8500560499541936,-626.3014688633386,103.65950492681864,-522.64196393652,-4.839277443856667,0.8442,-243.00037294978057,0.9474849578671092,49.747258169032314,1.0538169698837907e-14
13220,66.1,0.5692047218101443,-0.3836775210463223,-613.9284116113957,91.35735785052815,-522.5710537608676,-4.838620868156181,0.8442,-39.1722404311561,0.941013705208763,65.46794251026499,8.635285495383752e-15
13230,66.15,0.5713748306802171,-0.26474887776719513,-614.2948976052659,91.70566032417484,-522.5892372810911,-4.838789234084176,0.8442,5.768899711236443,0.9601967322141596,47.42838553517613,1.090592822228047e-14
13240,66.2,0.6092469206058172,-0.35063245313119906,-620.3977692421546,97.78413075723365,-522.6136384849209,-4.839015171156675,0.8442,-39.463370783977204,0.9604811621360402,47.51213691126166,7.69630632171018e-15
13250,66.25,0.570430147452313,-0.05698923650495569,-614.1507728217741,91.55403866609623,-522.596734155678,-4.838858649589611,0.8442,85.81215282804348,0.9572941170503393,40.703346704850546,1.0179752303454017e-14
13260,66.3,0.6082648934740115,-0.2357660641183167,-620.2398651619072,97.62651540257885,-522.6133497593283,-4.8390124977715585,0.8442,4.939987290989777,0.969581098611485,40.24994231179387,1.2666796401268702e-14
13270,66.35,0.5835693774963651,-0.16200698476126896,-616.2492212243966,93.66288508816659,-522.58633613623,-4.838762371631759,0.8442,41.24972313356508,0.9516721027467331,48.30203507593395,1.769029869107402e-14
13280,66.4,0.6205941204035622,-0.4861893412945526,-622.2189913630515,99.60535632477173,-522.6136350382798,-4.839015139243331,0.8442,-95.16596132101297,0.9535619300967874,55.18011212472964,1.7329795492387324e-14
13290,66.45,0.5926569358763226,-0.372047240752937,-617.6985038433177,95.12143820814978,-522.5770656351679,-4.838676533658962,0.8442,-42.3071107676824,0.9544066141758528,50.58419313753925,1.8330787429055492e-14
13300,66.5,0.6127695345599068,-0.47486191547100154,-620.9510645488335,98.34951029686503,-522.6015542519685,-4.83890328011082,0.8442,-88.28338261163623,0.9575699254882345,46.1248547947495,1.7684135616696412e-14
13310,66.55,0.6309518754758324,-0.6288108628153855,-623.8709013483366,101.2677760138711,-522.6031253344655,-4.838917827170977,0.8442,-153.25934491059036,0.9527340738423322,45.91709198108475,2.166400465693607e-14
13320,66.6,0.6770896973892152,-0.9461801171901264,-631.2826683455563,108.67289643096905,-522.6097719145873,-4.838979369579512,0.8442,-290.0128303138385,0.9715601716428698,30.602367380030152,1.795723537877264e-14
13330,66.65,0.6394960067487395,-0.7533417704799188,-625.2175384828711,102.6391090831727,-522.5784293996984,-4.838689161108318,0.8442,-203.82202165114876,0.9639130871057875,39.84535199729056,1.6341129027861676e-14
13340,66.7,0.6255808794690293,-0.659036959457542,-623.0157258285531,100.4057311547792,-522.6099946737738,-4.838981432164572,0.8442,-163.1197763101179,0.9651494574847329,38.59244726551037,1.6320656084500166e-14
13350,66.75,0.5579055557095534,-0.19087523942329387,-612.1200397135516,89.5438416913833,-522.5761980221682,-4.838668500205261,0.8442,38.48530066932686,0.9541226057323167,50.38911584614649,2.1850268408007158e-14
13360,66.8,0.5989804672798936,-0.39733454009176206,-618.7350783891364,96.13636499842293,-522.5987133907136,-4.83887697583994,0.8442,-54.06108181021876,0.9606142309222468,36.843706378751016,1.8743055791435674e-14
13370,66.85,0.6142065861038997,-0.4934131771027241,-621.1641870678337,98.58015706967589,-522.5840299981578,-4.838741018501461,0.8442,-95.86887450530156,0.9640105419107705,38.424992628593124,2.15497692364047e-14
13380,66.9,0.6312956657147338,-0.5554629199811245,-623.9300568462905,101.32295434721478,-522.6071024990757,-4.838954652769219,0.8442,-125.22013655104993,0.9659470633604537,37.08301916935788,2.482534153247273e-14
13390,66.95,0.6204118002592183,-0.5671040881598773,-622.1614165115388,99.57609394160454,-522.5853225699343,-4.838752986758651,0.8442,-126.16158988370918,0.963102982262822,36.36033214348694,2.1626082287163157e-14
13400,67.0,0.6409615323798935,-0.7867021926289748,-625.5109352665025,102.8743259469729,-522.6366093195296,-4.839227864069719,0.8442,-217.1004254883294,0.9635984831670455,46.44088691123783,2.3459356661180042e-14
13410,67.05,0.5821888073787886,-0.5201907712429559,-616.036230173722,93.44130358429558,-522.5949265894263,-4.838841912865059,0.8442,-95.77222922020293,0.9577011406645385,35.979428159720506,2.0881049146477916e-14
13420,67.1,0.6376004609927384,-0.956237802132103,-624.9361967288713,102.33487398933451,-522.6013227395368,-4.838901136477193,0.8442,-281.0784100232047,0.9651451619610625,44.42759340791145,2.357855752168794e-14
13430,67.15,0.6517752313191882,-1.0956809108508907,-627.2120200461036,104.60992462672971,-522.6020954193739,-4.838908290920129,0.8442,-339.1886466311105,0.9774323303009655,31.395061092333084,2.633506876895519e-14
13440,67.2,0.6252021516134442,-0.800485893315106,-622.9495312219509,100.34494533395778,-522.6045858879932,-4.838931350814751,0.8442,-217.2845057863188,0.9843376496847157,29.91293154795802,2.4708137505274545e-14
13450,67.25,0.5973293495938586,-0.5321791723960605,-618.4734681930353,95.8713606098143,-522.6021075832209,-4.838908403548341,0.8442,-105.27885702487673,0.9675760674264153,41.344240173076834,2.7733640042916138e-14
13460,67.3,0.6687793195000258,-0.9828531010773416,-629.959094385149,107.33908077975414,-522.6200136053949,-4.839074200049953,0.8442,-301.3951870668642,0.9851750861077812,24.689756399943448,3.1321278571479046e-14
13470,67.35,0.6533634244349656,-0.8994893941215876,-627.4553854172588,104.86482962181198,-522.5905557954468,-4.838801442550433,0.8442,-264.4058373812736,0.9712390061571489,39.67871467393173,3.06719078846203e-14
13480,67.4,0.6610260307695917,-0.8780299116885778,-628.7009175673253,106.09467793851947,-522.6062396288058,-4.838946663229684,0.8442,-258.65247313872067,0.9664785528274296,39.56185306613147,3.713675273235771e-14
13490,67.45,0.6305590180799107,-0.6918061111179152,-623.7974029362268,101.20472240182566,-522.5926805344012,-4.838821116059271,0.8442,-177.30933991272406,0.9614477054203515,48.14430463137012,3.4829412825658086e-14
13500,67.5,0.6171476490574261,-0.6274126873740666,-621.6509872223852,99.0521976737169,-522.5987895486683,-4.8388776810061875,0.8442,-148.2501623752541,0.9747797602089959,33.338252599692794,3.897958097791572e-14
13510,67.55,0.565805605003938,-0.32621145324800893,-613.371867606538,90.81179960313204,-522.560068003406,-4.838519148179684,0.8442,-16.015719328596845,0.9248452180152145,76.66874245108042,3.5750043356936447e-14
13520,67.6,0.6248344319601337,-0.6664535954629076,-622.8830579820873,100.28592632960145,-522.5971316524858,-4.838862330115609,0.8442,-165.7243974259048,0.9822451299876775,29.82371300331139,3.6055593102170644e-14
13530,67.65,0.6360279499579979,-0.749319367815211,-624.6638499492641,102.08248596825867,-522.5813639810054,-4.838716333157458,0.8442,-201.15459197664697,0.9670860375181812,37.20245710915242,3.670408065655408e-14
13540,67.7,0.6557584322300468,-0.8487223049534096,-627.8497195201109,105.24922837292252,-522.6004911471883,-4.83889343654804,0.8442,-245.69764922399713,0.9513876922180595,46.031842203043475,3.719230561964456e-14
13550,67.75,0.6255154806599293,-0.6287183555460825,-622.9848214550328,100.39523464591866,-522.5895868091142,-4.838792470454761,0.8442,-151.46244913421535,0.9711263984417643,39.86998365138181,3.541647339202929e-14
13560,67.8,0.6033918781350059,-0.47292988868909613,-619.4407910901009,96.84439644066845,-522.5963946494325,-4.838855506013264,0.8442,-84.50351911388523,0.9266853923997154,88.26152533910152,3.831589608560934e-14
13570,67.85,0.6044935425832739,-0.44498193348455484,-619.6005515749596,97.02121358461547,-522.5793379903441,-4.838697573984668,0.8442,-74.13416428677132,0.9671165713652387,33.79885310043072,4.365167653891504e-14
13580,67.9,0.67795827330394,-0.8843959495176994,-631.4316862769548,108.81230286528236,-522.6193834116724,-4.839068364922893,0.8442,-266.58177517665524,0.9602986953437453,37.71285505989905,4.0546592776994616e-14
13590,67.95,0.6461394114707751,-0.797122453075846,-626.3110426004164,103.70537554105941,-522.605667059357,-4.838941361660712,0.8442,-222.77730539359766,0.9660633280574782,35.62267300736002,4.1402314020046084e-14
13600,68.0,0.6213174304368048,-0.734425139106514,-622.327778678121,99.72144758510717,-522.6063310930139,-4.838947510120499,0.8442,-190.6720485397005,0.9697134873377993,38.693197008308665,3.8115429481741983e-14
13610,68.05,0.6339937951670497,-0.8299323769600442,-624.3674610279807,101.75600412431147,-522.6114569036691,-4.83899497133027,0.8442,-231.43442059211955,0.9696996249719564,40.412420807073424,4.306477691013465e-14
13620,68.1,0.6157444579267902,-0.7281478060611222,-621.4304301336074,98.82698549724982,-522.6034446363576,-4.838920783669978,0.8442,-186.45719446954638,0.9664494384641265,38.059708808621664,4.222527154701572e-14
13630,68.15,0.6356459206897667,-0.8137585242935608,-624.652015175259,102.02117027070754,-522.6308449045514,-4.8391744898569575,0.8442,-225.762260476902,0.9739316779335285,27.931741461898365,4.496677370517954e-14
13640,68.2,0.5551268371877977,-0.26834821187708285,-611.669116835829,89.09785736864153,-522.5712594671875,-4.838622772844328,0.8442,9.651842055275466,0.9609382439606812,48.00614179686367,4.7851127543269104e-14
13650,68.25,0.5984788687405593,-0.47635835116362957,-618.6534746871346,96.05585843285976,-522.5976162542748,-4.838866817169212,0.8442,-84.2275318854705,0.9561420802251227,43.11015054159025,4.486829376809741e-14
13660,68.3,0.6390742113194525,-0.7366110592687561,-625.1812517504858,102.57141091677212,-522.6098408337136,-4.838980007719571,0.8442,-197.26419145016365,0.9641251081611444,32.96534161755122,4.657107693438371e-14
13670,68.35000000000001,0.6269100425123667,-0.6760594395401545,-623.2089827755742,100.61906182323486,-522.5899209523393,-4.838795564373512,0.8442,-170.08357314227916,0.9547073101934438,53.93895470784032,5.286447951147498e-14
13680,68.4,0.6534704474923373,-0.795896099995486,-627.4976428353554,104.88200682252014,-522.6156360128352,-4.839033666785512,0.8442,-224.68189250495735,0.9402695939595433,69.7415097534356,5.3195108454458375e-14
13690,68.45,0.6091243496184587,-0.46331541374992213,-620.3525392833466,97.76445811376263,-522.5880811695839,-4.838778529347999,0.8442,-82.67084949275144,0.9637972869761994,40.00475192090641,5.0640114266244434e-14
13700,68.5,0.6196970188362171,-0.4890406304884056,-622.0795629506943,99.46137152321285,-522.6181914274814,-4.8390573280322355,0.8442,-95.9696118308766,0.953745260064253,44.918161371285144,5.3023288442910643e-14
13710,68.55,0.597000427580085,-0.34943126039596706,-618.4381025508482,95.81856862660364,-522.6195339242445,-4.8390697585578195,0.8442,-35.0344949064507,0.9614207167171506,43.5615104325613,5.543828839419568e-14
13720,68.60000000000001,0.5980473819122006,-0.348044170234618,-618.5832364665902,95.98660479690821,-522.596631669682,-4.838857700645203,0.8442,-34.84134941273669,0.965317360469246,40.682711383652574,5.720073980546549e-14
13730,68.65,0.6381398200990647,-0.5880603555903116,-625.032995759444,102.42144112589988,-522.6115546335442,-4.83899587623652,0.8442,-139.9483854492995,0.9554607934538719,41.73788403348005,5.60297082758905e-14
13740,68.7,0.6032105115711098,-0.4527162364047751,-619.3961360552313,96.81528710716313,-522.5808489480681,-4.838711564333964,0.8442,-76.68685141929849,0.9513628823921286,47.401376244142114,5.431330721138479e-14
13750,68.75,0.6342984687672016,-0.6987351709362148,-624.3956432902339,101.80490423713586,-522.5907390530981,-4.838803139380538,0.8442,-181.18026259061725,0.9387667546006787,58.024067833796096,4.914748359380394e-14
13760,68.8,0.6612592345951305,-0.7914295202796896,-628.7498856203222,106.13210715251844,-522.6177784678038,-4.839053504331516,0.8442,-225.49120718331278,0.964516644747493,45.57681723172415,5.4072534520695594e-14
13770,68.85000000000001,0.5854300383084547,-0.35325515963174536,-616.5247335006044,93.96152114850699,-522.5632123520974,-4.83854826251942,0.8442,-32.75328337186699,0.9504613744127302,52.20461553908473,5.300591213777748e-14
13780,68.9,0.6563124000731794,-0.8665161546860803,-627.9538255866565,105.33814021174528,-522.6156853749112,-4.8390341238417705,0.8442,-252.70633086461928,0.9736401377574037,30.471627179718862,4.999961116028681e-14
13790,68.95,0.6058547195795322,-0.6351537504348934,-619.8165810034494,97.23968249251492,-522.5768985109345,-4.838674986212356,0.8442,-147.5622369151389,0.948252458424251,52.23049188968825,4.4877633074529304e-14
13800,69.0,0.634724375558481,-0.7705279480128094,-624.474100511805,101.8732622771362,-522.6008382346688,-4.838896650321008,0.8442,-208.87198746516452,0.972013109993823,36.66316925343727,4.095270989172381e-14
13810,69.05,0.6520973079239454,-0.8295858308251415,-627.2527543697472,104.66161792179324,-522.591136447954,-4.838806818962537,0.8442,-237.16695594436766,0.9570156994570377,40.57919301719453,4.318923253302773e-14
13820,69.10000000000001,0.6454723596415816,-0.721302045574397,-626.1916056300588,103.59831372247385,-522.5932919075849,-4.838826776922082,0.8442,-193.46166386264298,0.9626185674686228,38.95744999524762,4.208598349558104e-14
13830,69.15,0.6036083617047597,-0.4458049414632903,-619.4595371657424,96.87914205361393,-522.5803951121285,-4.8387073621493375,0.8442,-74.16323228377962,0.9589116277348892,45.91214024842158,4.218929036203585e-14
13840,69.2,0.6020611326880463,-0.43797642928991043,-619.2103997559184,96.63081179643143,-522.579587959487,-4.838699888513768,0.8442,-70.65738383245319,0.9138212228728098,103.10847616243748,4.5540233599559225e-14
13850,69.25,0.6453724045942342,-0.7583872551866465,-626.1922455434956,103.58227093737459,-522.609974606121,-4.838981246352972,0.8442,-207.66240791601223,0.945608414541243,48.933272269094765,5.433421727788726e-14
13860,69.3,0.5574600049125067,-0.31484655228044567,-612.0198260789526,89.47233078845733,-522.5474952904954,-4.838402734171253,0.8442,-8.949949218458428,0.934613988094228,73.25895608576234,5.603204561635983e-14
13870,69.35000000000001,0.6506418160539412,-0.7983451471412486,-627.0564955942851,104.42801147665756,-522.6284841176275,-4.8391526307187736,0.8442,-224.7053487253931,0.9750876897618215,36.498956019415175,5.321076844088491e-14
13880,69.4,0.6136739912535388,-0.5651009050355507,-621.053134066249,98.49467559619299,-522.5584584700559,-4.838504245093111,0.8442,-123.20972747934707,0.9345700774006858,62.48314276649005,5.277020374102915e-14
13890,69.45,0.685469777316242,-0.9438503845548049,-632.629345078666,110.01789925925685,-522.6114458194091,-4.838994868698233,0.8442,-291.8338357531421,0.9670368431614752,40.212172421050504,5.1459653085054095e-14
13900,69.5,0.6237549422927708,-0.6389917193971861,-622.7038119704572,100.11266823798972,-522.5911437324675,-4.838806886411736,0.8442,-154.83490355869023,0.9489737690506488,58.812527802862185,4.993575950098171e-14
13910,69.55,0.6499074520533193,-0.7253816953698776,-626.9288262484192,104.31014605455776,-522.6186801938615,-4.839061853646865,0.8442,-196.46438425860146,0.9607127227031079,44.90494279938671,5.1549748465439975e-14
13920,69.60000000000001,0.6084948040401498,-0.4097929261988169,-620.2184586242031,97.66341604844403,-522.5550425757591,-4.838472616442214,0.8442,-61.9251970682387,0.9485576232588009,57.1430736259531,5.540126917617948e-14
13930,69.65,0.6499759919705363,-0.5765744939184316,-626.9470971746283,104.32114671127108,-522.6259504633572,-4.839129170957011,0.8442,-139.3750853042312,0.9681094590592821,40.20896355250038,5.558635259772248e-14
13940,69.7,0.591198682303902,-0.2790421164862255,-617.4566673496112,94.88738850977627,-522.5692788398349,-4.838604433702175,0.8442,-6.139706188026096,0.9383521490615387,66.6384777770278,5.871063135172769e-14
13950,69.75,0.6206865843663949,-0.49923988047294904,-622.2078031791275,99.62019679080639,-522.5876063883211,-4.838774133225195,0.8442,-100.20465536375829,0.9620457968616687,34.02688093933624,6.323502301597799e-14
13960,69.8,0.6355098424679064,-0.626067263702917,-624.5871599862076,101.99932971609898,-522.5878302701086,-4.8387762062047095,0.8442,-153.68314574641823,0.9593767749581266,43.676919831653755,6.590508683021771e-14
13970,69.85000000000001,0.6460242674398691,-0.6517033396345187,-626.2695947829743,103.68689492409898,-522.5826998588753,-4.838728702396994,0.8442,-166.92882512536892,0.9637050697181145,40.03785117231335,6.623029381648328e-14
13980,69.9,0.6624070759262821,-0.7837848042820424,-628.910749747481,106.31633568616829,-522.5944140613127,-4.838837167234377,0.8442,-222.929101634784,0.955928295933427,52.56731589400398,6.502418780593064e-14
13990,69.95,0.6652822360993618,-0.8063978457881389,-629.369335042608,106.77779889394756,-522.5915361486605,-4.838810519895004,0.8442,-232.5394327869329,0.9633304721217569,43.597269741523824,6.443914623667847e-14
14000,70.0,0.6002568668570321,-0.3902744799827371,-618.9052894477257,96.34122713055365,-522.5640623171721,-4.838556132566408,0.8442,-51.765017320920585,0.9425993734540977,46.9049435696798,3.936989229402142e-15
14010,70.05,0.6547620615161924,-0.6768260475548036,-627.7084817738947,105.0893108733489,-522.6191709005459,-4.839066397227277,0.8442,-179.40184785951192,0.974373639120993,34.01788876129309,6.8342433845526376e-15
14020,70.10000000000001,0.6015877948947085,-0.4441140113670011,-619.1030987151227,96.55484108060071,-522.548257634522,-4.83840979291224,0.8442,-72.85959759823545,0.9632898075192997,43.842965765246454,3.2211119802635482e-15
14030,70.15,0.6831369510798696,-0.8863612581047506,-632.2671690713125,109.64348064831907,-522.6236884229935,-4.839108226138829,0.8442,-269.01394299283515,0.9704167797570075,39.72193390351452,1.1144790341217392e-14
14040,70.2,0.6224097673138249,-0.47890850799368195,-622.481100597295,99.8967676538689,-522.5843329434261,-4.838743823550242,0.8442,-92.95988125222654,0.9699428863269055,37.79948728228194,1.0216465069780992e-14
14050,70.25,0.6379113807192615,-0.5467026920042933,-624.9904883260341,102.38477660544146,-522.6057117205926,-4.838941775190672,0.8442,-124.0014938077629,0.9694530621830167,36.07919233660663,7.421905274077942e-15
14060,70.3,0.6115825186096367,-0.4116314033810311,-620.7402875454213,98.1589942368467,-522.5812933085747,-4.838715678783099,0.8442,-63.631215507299544,0.9468243645041878,52.71853565716281,7.873978458804285e-15
14070,70.35000000000001,0.6217294137005704,-0.4428956360382896,-622.3700392262313,99.78757089894155,-522.5824683272897,-4.838726558586016,0.8442,-78.91787535536871,0.964485873931341,35.42720510224073,1.1328219809591016e-14
14080,70.4,0.6169226850731344,-0.41157816755875,-621.603579408485,99.01609095423807,-522.5874884542469,-4.8387730412430265,0.8442,-65.34099778260156,0.9630608438231175,32.83381906612968,1.0635348419578933e-14
14090,70.45,0.591497717848555,-0.2845766988146938,-617.511854593069,94.93538371469307,-522.5764708783759,-4.838671026651628,0.8442,-8.360740440366335,0.9493403986487012,41.67961257293649,1.3034848408431603e-14
14100,70.5,0.6321982320198568,-0.5295401550382042,-624.0495669593095,101.46781623918702,-522.5817507201225,-4.838719914075209,0.8442,-115.56353244814079,0.9399259372732108,68.63397263646773,8.35696368397923e-15
14110,70.55,0.6369119277756825,-0.6210381213947764,-624.8102927617102,102.22436440799704,-522.5859283537131,-4.838758595867715,0.8442,-152.20726015913277,0.9448104541908727,57.505615937338725,1.0013812033857937e-14
14120,70.60000000000001,0.6008546968287206,-0.46497934809055275,-619.0235089613474,96.43717884100965,-522.5863301203377,-4.838762315929053,0.8442,-80.63009218357459,0.9467217378454115,46.33001940706803,1.5622247371128404e-14
14130,70.65,0.5888241405159564,-0.3746231607125914,-617.0736664613637,94.506274552811,-522.5673919085527,-4.838586962116229,0.8442,-42.053911068232495,0.9632668106346458,41.40538029923612,1.5892606048055725e-14
14140,70.7,0.6436206918607084,-0.7072476233327183,-625.9153768726769,103.30112104364369,-522.6142558290333,-4.839020887305863,0.8442,-187.4677021722111,0.9550740316156363,41.171975699486666,1.6268624466932006e-14
14150,70.75,0.6005619649211096,-0.4525888997721531,-618.9646314745343,96.39019536983808,-522.5744361046961,-4.838652186154594,0.8442,-75.7798511024128,0.9416446413188552,53.60981279213061,1.730951277662822e-14
14160,70.8,0.6129856094621557,-0.48187757976176754,-620.9629996875228,98.38419031867599,-522.5788093688468,-4.838692679341174,0.8442,-91.0459699254614,0.9439376786221668,52.734481240031926,1.8209772997401854e-14
14170,70.85000000000001,0.6397834223783475,-0.6441087163339974,-625.2904709487091,102.68523929172477,-522.6052316569843,-4.838937330157262,0.8442,-161.9920105277945,0.9593693850147262,38.151613485763,1.8082370092293472e-14
14180,70.9,0.5997923269523666,-0.4566396788700833,-618.858185247632,96.26666847585484,-522.5915167717772,-4.8388103404794185,0.8442,-77.08515841680327,0.9558445595222905,48.92568432982236,2.228899312107943e-14
14190,70.95,0.6221927920926399,-0.6154435084110992,-622.4460217087172,99.8619431308687,-522.5840785778486,-4.838741468313413,0.8442,-145.29107397807877,0.952713527102324,43.29577855818545,1.95591751244585e-14
14200,71.0,0.660963525777204,-0.8125128967365556,-628.6855088333575,106.08464588724124,-522.6008629461163,-4.838896879130707,0.8442,-233.48709851188215,0.9607310114688893,39.8892976378953,1.8466450069926014e-14
14210,71.05,0.6207884932348041,-0.49748319311578865,-622.2267847940631,99.63655316418605,-522.590231629877,-4.8387984410173805,0.8442,-99.5634654697692,0.9699555271971994,32.81814652212151,2.0088978676544982e-14
14220,71.10000000000001,0.6415746987117181,-0.5649724414734447,-625.5699872143631,102.97273914323077,-522.5972480711323,-4.8388634080660395,0.8442,-132.20025298326186,0.9680487539190775,37.1146302074302,1.927676180539511e-14
14230,71.15,0.6449155358877615,-0.6004820697416461,-626.1015096827504,103.50894350998573,-522.5925661727647,-4.838820057155228,0.8442,-146.91111298795076,0.9689063265201279,41.04599766442955,2.514123668009162e-14
14240,71.2,0.6679154290160155,-0.809935801239418,-629.8010502259993,107.2004263570705,-522.6006238689289,-4.838894665453045,0.8442,-234.75043799817655,0.968540083575283,34.98742372813919,2.3289557790942834e-14
14250,71.25,0.6426514581600621,-0.7617546716943459,-625.7374068810151,103.14555903468997,-522.5918478463251,-4.838813405984491,0.8442,-208.0732199310119,0.9538611909342826,50.94126909346877,2.1507687910387182e-14
14260,71.3,0.6175654595139867,-0.6626088812930032,-621.7001336528502,99.11925625199486,-522.5808774008553,-4.838711827785698,0.8442,-161.89366708985045,0.9508550192374461,55.594552956861946,1.9938628798803035e-14
14270,71.35000000000001,0.6576202596205646,-0.8741219163108079,-628.1502756414734,105.54805166910062,-522.6022239723728,-4.8389094812256745,0.8442,-256.04913299219584,0.969082250572775,38.78595129083537,1.9349120270369777e-14
14280,71.4,0.6049907405357197,-0.4786647192168962,-619.677402722136,97.10101385598301,-522.5763888661529,-4.838670267279194,0.8442,-87.22255158716214,0.9496845277479323,54.85904028604271,2.9540278817136577e-14
14290,71.45,0.6422103870697048,-0.6791076835328449,-625.666281698161,103.07476712468763,-522.5915145734734,-4.838810320124754,0.8442,-176.21078652445215,0.9713430510862662,34.51866165193045,2.889487397534724e-14
14300,71.5,0.6751860907925044,-0.9479161844865784,-630.9789855919761,108.36736757219695,-522.6116180197791,-4.8389964631461035,0.8442,-290.06235626128324,0.9489848127741921,56.97778651609716,2.7342383675683467e-14
14310,71.55,0.584351602304265,-0.4005881024236103,-616.347396246225,93.78843216983454,-522.5589640763905,-4.838508926633245,0.8442,-50.57003151916559,0.9504211466043136,47.207390494935694,2.7595742895641657e-14
14320,71.60000000000001,0.6276435974163652,-0.5694190731195224,-623.341265951636,100.73679738532661,-522.6044685663094,-4.8389302645028645,0.8442,-129.39317253093208,0.9694253221043634,40.464476930891145,2.1165405419041282e-14
14330,71.65,0.6062591041796137,-0.4545077205644237,-619.8937685603372,97.304586220828,-522.5891823395092,-4.838788725365826,0.8442,-78.36215864137645,0.9619162528660836,36.256778701694536,2.7137175736010237e-14
14340,71.7,0.6262623939950054,-0.5770268839484844,-623.1156135817652,100.51511423619837,-522.6004993455667,-4.838893512458951,0.8442,-131.86550473160804,0.9570823016414837,45.52016243682774,2.591936859587525e-14
14350,71.75,0.6453335722353396,-0.6395151646970894,-626.1666027107325,103.576038343772,-522.5905643669605,-4.838801521916301,0.8442,-162.02727551079158,0.9660172197526516,42.6528902231923,2.2384213540343432e-14
14360,71.8,0.6732042856503345,-0.8009454838949148,-630.6344774734445,108.0492878468787,-522.5851896265658,-4.838751755801535,0.8442,-233.0135859229399,0.9619016530956745,37.50873677367122,2.6065958413470922e-14
14370,71.85000000000001,0.6660427633371633,-0.8124906926620808,-629.4789590161452,106.8998635156147,-522.5790955005305,-4.838695328708615,0.8442,-235.12424966168115,0.9517938751714454,42.15472632342136,2.5245614731043255e-14
14380,71.9,0.6391179047849674,-0.6940442610624274,-625.1576907772519,102.57842371798728,-522.5792670592646,-4.838696917215413,0.8442,-180.94141065508182,0.9394630190932535,54.689938647130546,2.1798360428415938e-14
14390,71.95,0.6115736109294252,-0.5527641907510676,-620.7498414633225,98.15756455417274,-522.5922769091497,-4.838817378788423,0.8442,-117.79443118139834,0.946006597770557,60.330175470019874,2.2895254506458715e-14
14400,72.0,0.6089730035159324,-0.5890916735333265,-620.3184482313302,97.74016706430716,-522.5782811670231,-4.838687788583547,0.8442,-130.894151865155,0.9647420785829809,41.46402031603057,2.5765308141894395e-14
14410,72.05,0.6843923017130014,-1.082047622589593,-632.4608299429481,109.84496442493672,-522.6158655180113,-4.839035791833438,0.8442,-344.5241853554786,0.9755698881212848,27.201362015747435,2.761745326346627e-14
14420,72.10000000000001,0.6430530872707583,-0.8055065911158252,-625.8044532572977,103.2100205069567,-522.5944327503411,-4.838837340280936,0.8442,-224.99512920395694,0.9525282632586358,51.16913271983227,2.933222047762264e-14
14430,72.15,0.6303443033444261,-0.5673326638398533,-623.7438582107898,101.1702606867804,-522.5735975240094,-4.838644421518605,0.8442,-129.46744715708127,0.9579515000710084,41.616348842936844,3.5000055984798573e-14
14440,72.2,0.6267676202194927,-0.43520739798130736,-623.180469378677,100.59620304522858,-522.5842663334485,-4.8387432067911895,0.8442,-77.59954456545942,0.9237120403640727,63.46278534043984,3.058800437176398e-14
14450,72.25,0.6246070334074132,-0.4647338385380909,-622.8422830417063,100.24942886188983,-522.5928541798165,-4.83882272388719,0.8442,-88.23162382048008,0.9660814012222798,35.89300126712565,2.941031088305011e-14
14460,72.3,0.6504842591674523,-0.7193603427462871,-627.0024633849243,104.4027235963761,-522.5997397885483,-4.8388864795235955,0.8442,-194.3403028717974,0.968474677709577,36.39202360733937,2.3274088688893173e-14
14470,72.35000000000001,0.6231652435953198,-0.5728210917274572,-622.6048199661587,100.01802159704883,-522.5867983691099,-4.838766651565833,0.8442,-129.2478646763425,0.9420059797760499,65.84170822587309,2.5381468518698123e-14
14480,72.4,0.6082068423183,-0.4604957588112848,-620.209453106649,97.61719819208716,-522.5922549145619,-4.838817175134832,0.8442,-81.29140678857735,0.9650639941985448,39.72624768565821,3.105946885289233e-14
14490,72.45,0.6327185468068762,-0.6581069258785279,-624.1507008895403,101.55132676250363,-522.5993741270366,-4.838883093768858,0.8442,-165.0754380025856,0.9559018724099263,38.854168428632725,2.599060318465248e-14
14500,72.5,0.6077540367843489,-0.49358357762131455,-620.1273373115649,97.544522903888,-522.5828144076769,-4.838729763034046,0.8442,-93.84364744548198,0.955000411356744,43.27669296599083,2.676978864546711e-14
14510,72.55,0.6148250678083329,-0.48857725789540596,-621.278589346418,98.67942338323743,-522.5991659631806,-4.838881166325746,0.8442,-94.21325947025161,0.9702978286539518,32.622944753315664,2.2948339460476127e-14
14520,72.60000000000001,0.6047451543735486,-0.4774566993944177,-619.6313345872082,97.06159727695454,-522.5697373102537,-4.8386086787986455,0.8442,-86.67934932936896,0.9707873849407471,34.968315115077964,2.419980608421168e-14
14530,72.65,0.6335358691444576,-0.7140225710194421,-624.2745418758994,101.68250699768544,-522.592034878214,-4.838815137761241,0.8442,-186.80041275417207,0.9383089588311355,57.536581714330175,2.4168461317618608e-14
14540,72.7,0.6071654467554018,-0.6211921433503602,-620.0440927743473,97.450054204242,-522.5940385701053,-4.838833690463939,0.8442,-142.62851321262386,0.918556895503662,84.50117799359275,3.1761366253902647e-14
14550,72.75,0.5697557804088457,-0.3743097536452598,-614.0160457851694,91.44580275561972,-522.5702430295496,-4.838613361384718,0.8442,-35.755478231226505,0.937177516641103,53.562723897115156,3.2842575780677735e-14
14560,72.8,0.6513674078591092,-0.8920131188425794,-627.1617076426911,104.54446896138703,-522.6172386813041,-4.839048506308371,0.8442,-260.8897686285608,0.9626613363993215,41.5153170762837,3.5333283821607514e-14
14570,72.85000000000001,0.6080840168260406,-0.7361088916555202,-620.1836811684902,97.59748470057951,-522.5861964679107,-4.838761078406581,0.8442,-187.0306388599219,0.9427025219936696,62.85488222575616,3.532069579113573e-14
14580,72.9,0.639396419845554,-0.9229841630017511,-625.221619925524,102.62312538521141,-522.5984945403126,-4.838874949447338,0.8442,-268.8977099805077,0.959904285745728,45.3311103506644,3.722332107362799e-14
14590,72.95,0.6553092572711304,-0.996068187963812,-627.7754456114537,105.17713579201643,-522.5983098194373,-4.838873239068864,0.8442,-302.1027752619829,0.9657059818006924,36.238856737352,3.9594109182261614e-14
14600,73.0,0.6561388431640466,-0.937823012287406,-627.8990846432217,105.31028432782948,-522.5888003153923,-4.838785188105484,0.8442,-280.0173358849912,0.9746010933409154,30.206362667277805,3.808571339075316e-14
14610,73.05,0.6017821724421056,-0.5418589944320771,-619.1538566398868,96.58603867695795,-522.5678179629289,-4.838590907064156,0.8442,-110.43664191871724,0.9662360819405397,42.53616533426067,3.4017297337642865e-14
14620,73.10000000000001,0.5982650981079691,-0.5131201747125063,-618.6063355604682,96.02154824632905,-522.5847873141391,-4.838748030686474,0.8442,-98.26728563504815,0.9552508066601482,44.630912556355185,2.966166047952585e-14
14630,73.15,0.6239813398088837,-0.6633821388866391,-622.7325907773727,100.14900503932584,-522.5835857380468,-4.838736904981915,0.8442,-164.2691849426134,0.9322003342122717,61.368562227483835,3.111627807019655e-14
14640,73.2,0.652655241260063,-0.9076324291386881,-627.3417600950919,104.75116622224012,-522.5905938728517,-4.838801795118997,0.8442,-267.30164467456274,0.9695884533339956,34.657610732177126,2.7398225874607523e-14
14650,73.25,0.6317070757546263,-0.8480296024468247,-623.9811577955222,101.38898565861751,-522.5921721369048,-4.8388164086750445,0.8442,-237.63915375328432,0.9703763961424539,31.933574831700067,2.2644467632190027e-14
14660,73.3,0.591944391288331,-0.558322786018112,-617.6113687825181,95.00707480177712,-522.604293980741,-4.838928647969824,0.8442,-113.56792680674138,0.9375422892351675,45.91029411034188,2.454220758284655e-14
14670,73.35000000000001,0.6020110848293452,-0.5259185715836274,-619.2190037041112,96.62277911510989,-522.5962245890013,-4.838853931379641,0.8442,-104.39295001678641,0.940271946285456,47.19334260784045,1.9908004650484034e-14
14680,73.4,0.6257001268931089,-0.6239534544840464,-623.0187042575208,100.42487036634398,-522.5938338911768,-4.838831795288674,0.8442,-149.6935278375043,0.9263138904360344,67.49933686873595,1.6809891178722582e-14
14690,73.45,0.6428278529779118,-0.7015194103948992,-625.7740593451423,103.17387040295483,-522.6001889421875,-4.838890638353588,0.8442,-185.01236111873206,0.9592786483917881,36.1886692733036,2.1865832076622626e-14
14700,73.5,0.6073010033276459,-0.5163052429336409,-620.0505151517216,97.47181103408717,-522.5787041176344,-4.838691704792911,0.8442,-102.41733316887641,0.9519361409062135,42.91077478247011,1.9191129073742897e-14
14710,73.55,0.6378073277479298,-0.7127874989264305,-624.9709056689381,102.36807610354273,-522.6028295653954,-4.838915088568476,0.8442,-187.7103504659143,0.9700161347240682,33.118536676396275,1.627265158299999e-14
14720,73.60000000000001,0.6137545694943894,-0.5845328253702473,-621.0943113202802,98.5076084038495,-522.5867029164307,-4.838765767744729,0.8442,-130.6937147019742,0.957171448286072,51.821405085826214,1.494807182896348e-14
14730,73.65,0.6265882922391327,-0.677397657731255,-623.1582126014963,100.5674209043808,-522.5907916971155,-4.838803626825143,0.8442,-170.49292791813957,0.9633800140176753,46.351426765609325,2.041393811851651e-14
14740,73.7,0.6489065416180081,-0.8075581078872184,-626.7668061234392,104.14949992969031,-522.6173061937488,-4.8390491314236,0.8442,-227.67901092600695,0.968259583342732,40.04388550680189,2.4878906482380538e-14
14750,73.75,0.6011323531504649,-0.5235798257496596,-619.060687479188,96.4817426806496,-522.5789447985384,-4.838693933319799,0.8442,-103.21064127241509,0.9638552178773911,41.457460932440334,2.15934810705416e-14
14760,73.8,0.6667235708668678,-0.8434221999373567,-629.6310781926207,107.00913312413229,-522.6219450684885,-4.839092083967485,0.8442,-247.21619869906584,0.9849550975624823,28.50941669970114,2.042638771324826e-14
14770,73.85000000000001,0.5795604321866581,-0.35366781899906014,-615.5852427524995,93.01944936595862,-522.5657933865409,-4.83857216098649,0.8442,-31.009907717864706,0.9596077564135027,41.80695739887373,2.0873539998349104e-14
14780,73.9,0.608663952406007,-0.4862202376940177,-620.3000573384849,97.69056436116412,-522.6094929773208,-4.838976786827044,0.8442,-91.31244478298997,0.9650786241381626,39.5516787330799,2.091827824780737e-14
14790,73.95,0.5630109869090852,-0.2859502064860151,-612.9235318194263,90.36326339890819,-522.5602684205181,-4.838521003893686,0.8442,0.3418145826618648,0.9436909820839102,49.80986847810679,2.049466892085004e-14
14800,74.0,0.6478395074552605,-0.7934181387364443,-626.5936450649994,103.97824094656931,-522.61540411843,-4.839031519615093,0.8442,-221.9064380254231,0.9843404175028156,31.79584252962297,2.6831201679833994e-14
14810,74.05,0.581766967086885,-0.3744681179870187,-615.9490128361718,93.37359821744505,-522.5754146187268,-4.838661246469692,0.8442,-39.707882206417864,0.9741453343022668,31.853029714219034,2.2101879189050258e-14
14820,74.10000000000001,0.5814497448702097,-0.40726903358814626,-615.8948910746712,93.32268405166866,-522.5722070230026,-4.8386315465092835,0.8442,-52.19393975235786,0.9280843302291996,66.21149104785265,2.5285131348573392e-14
14830,74.15,0.6517084352258462,-0.8860091247703524,-627.1860017605421,104.59920385374832,-522.5867979067938,-4.838766647285127,0.8442,-258.69595673418775,0.9625515629583914,40.92404900067662,2.657917745184405e-14
14840,74.2,0.6753492308670438,-1.0313023443555447,-630.9836605217653,108.39355155416052,-522.5901089676047,-4.838797305255599,0.8442,-322.1184306527132,0.954897436426206,43.09337034931696,2.7456423702875607e-14
14850,74.25,0.6282416566464363,-0.644575950343258,-623.4110521277349,100.83278589175302,-522.5782662359819,-4.838687650333166,0.8442,-158.4318006516934,0.9579474662096792,41.61775424026269,2.4795175931038234e-14
14860,74.3,0.5851880457377534,-0.335567293478236,-616.511111743483,93.92268134090942,-522.5884304025735,-4.838781762986792,0.8442,-25.886357720043595,0.9569117009064247,35.38901698118899,2.6105900563141325e-14
14870,74.35000000000001,0.6044949724418582,-0.5489000513948494,-619.609510518626,97.02144307691825,-522.5880674417078,-4.838778402238035,0.8442,-114.01791375253691,0.968879972121293,38.143806435139595,2.955228561694814e-14
14880,74.4,0.6300773338911834,-0.6868645239793241,-623.7206979381978,101.12741208953493,-522.5932858486628,-4.838826720820952,0.8442,-175.25671627193796,0.9601206963315457,42.07239866706028,2.4853626308676574e-14
14890,74.45,0.6067095600425166,-0.4927009831143545,-619.9630575074135,97.37688438682392,-522.5861731205896,-4.838760862227681,0.8442,-93.16650134945927,0.9623453111851292,38.77756239449671,2.4548798530074497e-14
14900,74.5,0.582502448548507,-0.3586579798745858,-616.0695743689281,93.49164299203537,-522.5779313768927,-4.838684549786044,0.8442,-33.87832135512641,0.9671604754363545,38.85314961842666,2.1183978293551707e-14
14910,74.55,0.5900727692661193,-0.5092240802901569,-617.2729220355526,94.70667946721214,-522.5662425683405,-4.838576320077227,0.8442,-94.11766832691379,0.9459633350337789,54.999141435735474,1.8411656429757195e-14
14920,74.60000000000001,0.6731367944182627,-1.0276415953241678,-630.6432092789601,108.03845550413116,-522.6047537748289,-4.83893290532249,0.8442,-319.9966229370226,0.9650764704975654,41.62148061134377,1.3536599390940567e-14
14930,74.65,0.6129496417846373,-0.6738549875135065,-620.9647063138912,98.37841750643429,-522.5862888074569,-4.838761933402378,0.8442,-164.7143449593804,0.9653862164258536,36.641085497661955,1.5664085777615405e-14
14940,74.7,0.5822789458026885,-0.44311313219773074,-616.0326336208522,93.4557708013315,-522.5768628195207,-4.838674655736303,0.8442,-66.2193977622106,0.9567858816079561,48.57830775752716,1.2360676907199407e-14
14950,74.75,0.594440186029901,-0.4053079334457083,-618.0246119557512,95.40764985779911,-522.6169620979521,-4.839045945351408,0.8442,-55.65018165262056,0.9547383522533825,45.24070307145025,1.4399126105602427e-14
14960,74.8,0.5540325101383712,-0.11916453329362187,-611.5050168405338,88.92221787720857,-522.5827989633252,-4.838729620030789,0.8442,67.26240006411476,0.9702062317678304,34.06235689049063,9.630824789273725e-15
14970,74.85000000000001,0.6230904849254619,-0.566232418027353,-622.5810514965998,100.00602283053664,-522.5750286660632,-4.838657672833919,0.8442,-126.69494080756708,0.9570986406146378,47.60966899350743,1.0231836115232647e-14
14980,74.9,0.6533194473475176,-0.7912667568242122,-627.434973784288,104.85777129927656,-522.5772024850114,-4.838677800787143,0.8442,-222.85624826436992,0.9608362706526722,45.66667481854754,1.2272987027555597e-14
14990,74.95,0.6367531508831535,-0.6978490116188607,-624.7659897219131,102.19888071674615,-522.5671090051669,-4.838584342640434,0.8442,-181.6354758070092,0.9457185812737018,61.54558244605222,8.894308743442199e-15
15000,75.0,0.6392703216723914,-0.7078567981785246,-625.1930669736704,102.60288662841882,-522.5901803452516,-4.838797966159738,0.8442,-186.2919806794803,0.9650584528023289,43.75788232683519,6.684658270823939e-15
15010,75.05,0.6234099721419067,-0.6122402074445539,-622.631946359384,100.05730052877603,-522.5746458306079,-4.838654128061184,0.8442,-144.45602842922645,0.9609414056934215,47.635693334670634,5.084348737600838e-15
15020,75.10000000000001,0.6342037379051312,-0.6312699229607825,-624.3621009396113,101.78969993377356,-522.5724010058377,-4.838633342646646,0.8442,-155.25672408644968,0.9422622356177519,56.55346589595091,7.099353229177726e-15
15030,75.15,0.6387057593918412,-0.6307663900026164,-625.1156692696558,102.5122743823905,-522.6033948872653,-4.838920323030234,0.8442,-156.52212546078778,0.9686051117955968,35.91845173553145,6.4519625068628126e-15
15040,75.2,0.6127964836238373,-0.43829248269702503,-620.9598168004667,98.35383562162589,-522.6059811788408,-4.838944270174452,0.8442,-74.25693735074677,0.9680951373048539,40.8606154240725,3.99872989463912e-15
15050,75.25,0.5624898484933158,-0.10942901425166862,-612.8589380074917,90.2796206831772,-522.5793173243145,-4.8386973826325415,0.8442,68.25866897773437,0.9578485340265362,40.43893214738703,9.032984982919553e-15
15060,75.3,0.5692377022063447,-0.1859274662904007,-613.9352422198373,91.36265120411832,-522.5725910157189,-4.838635101997397,0.8442,36.71261732360053,0.9523748771771434,56.25364339071107,1.1730860459928432e-14
15070,75.35000000000001,0.6293005364096075,-0.6325101498168453,-623.6095252065946,101.002736093742,-522.6067891128527,-4.838951751044932,0.8442,-154.14408005156156,0.9477366140516678,42.37449678901015,1.4751794692449467e-14
15080,75.4,0.6191112929121826,-0.6680751717312694,-621.9381158267108,99.36736251240531,-522.5707533143055,-4.83861808624357,0.8442,-164.4924537396248,0.9543325408650085,50.3776919586969,1.6876873554166936e-14
15090,75.45,0.6711720619237495,-0.9635474564240003,-630.3272951221152,107.7231159387618,-522.6041791833534,-4.83892758503105,0.8442,-294.76101975372546,0.9787321673755727,34.665881113141694,7.17533971441876e-15
15100,75.5,0.6165845950452342,-0.5281410806629567,-621.5503886530656,98.9618275047601,-522.5885611483055,-4.838782973595421,0.8442,-109.96775588596532,0.9714003911378328,32.56936030932911,1.3497773566448709e-14
15110,75.55,0.5979154714662244,-0.37152210321893286,-618.5510009533194,95.965433170329,-522.5855677829904,-4.838755257249911,0.8442,-43.809330976591525,0.9599436223305968,47.290794556199614,1.1413719066380758e-14
15120,75.60000000000001,0.607310959447579,-0.40704041164237337,-620.0803329746929,97.47340899133643,-522.6069239833564,-4.838952999845893,0.8442,-60.485229245064886,0.9634061571459303,37.46132094433775,8.249338096293323e-15
15130,75.65,0.5909183554698365,-0.25820307836335366,-617.4449222936952,94.84239605290875,-522.6025262407865,-4.838912280007282,0.8442,1.949044785351731,0.9711495611207734,37.14813203896054,6.5503158452884236e-15
15140,75.7,0.6042698334963428,-0.3643260550273353,-619.5829984503458,96.98530827616301,-522.5976901741828,-4.838867501612804,0.8442,-43.10633473386466,0.9621003604170378,39.69843895717481,7.605635480724771e-15
15150,75.75,0.6372331737023704,-0.6372427360997522,-624.8663056529571,102.27592437923046,-522.5903812737266,-4.83879982660858,0.8442,-158.5305989500314,0.9691501403361569,39.281431793132796,9.167242677562644e-15
15160,75.8,0.6052232945690071,-0.5252840579941704,-619.7123890724032,97.13833877832565,-522.5740502940776,-4.838648613834051,0.8442,-105.19018263319967,0.9715941707194058,37.07423642012709,7.198546456312064e-15
15170,75.85000000000001,0.5809900545137258,-0.4030289246497033,-615.845937674959,93.24890374945298,-522.597033925506,-4.838861425236167,0.8442,-50.41766615591945,0.9600430773577437,45.95777774027625,7.81978555372668e-15
15180,75.9,0.5600983002096441,-0.31463850702230856,-612.4471328167072,89.89577718364788,-522.5513556330593,-4.838438478083883,0.8442,-9.724910100563193,0.955249028422322,49.99045757756491,9.01846948896822e-15
15190,75.95,0.6602196243562518,-0.9336265557395351,-628.5861523957598,105.96524970917841,-522.6209026865813,-4.83908243228316,0.8442,-279.72892865306363,0.9810064970704245,27.94133980607519,9.410736557926944e-15
15200,76.0,0.5982971119666101,-0.6407220588919507,-618.584052993125,96.02668647064091,-522.5573665224841,-4.838494134467446,0.8442,-147.25066271437362,0.948670373977983,53.62823323248586,1.1950797967998335e-14
15210,76.05,0.6929320350259197,-1.1574642973100704,-633.8185470663004,111.21559162166011,-522.6029554446403,-4.83891625411704,0.8442,-376.23562493966574,0.9787438298402578,34.11109627114237,1.125672529597467e-14
15220,76.10000000000001,0.6563519967551225,-0.891822575913128,-627.9254142463992,105.34449547919715,-522.5809187672021,-4.838712210807427,0.8442,-262.4316459483504,0.9659929655455066,41.08561614380448,1.1335105316147454e-14
15230,76.15,0.6257090228716925,-0.5970952775849718,-623.0061545791241,100.42629817090665,-522.5798564082174,-4.838702374150161,0.8442,-139.38836782788434,0.9551974096585005,46.6014935958417,9.874277644089742e-15
15240,76.2,0.6134079082217623,-0.4816824544717051,-621.0423675152452,98.45196926959285,-522.5903982456524,-4.838799983756041,0.8442,-91.10790655254783,0.9560821369691593,41.63156850863554,2.0568885378630872e-14
15250,76.25,0.5690681709316608,-0.2214964656151973,-613.9163395807655,91.33544143453156,-522.580898146234,-4.838712019872537,0.8442,23.116330363925638,0.9583998602768441,48.13132833972673,1.3104747337092465e-14
15260,76.3,0.5694839089842155,-0.2672815111136578,-614.0012498234163,91.40216739196659,-522.5990824314497,-4.838880392883794,0.8442,5.409545542525009,0.959746396090813,46.94148839764373,1.3526166557490166e-14
15270,76.35000000000001,0.5857057983607373,-0.44391640849402303,-616.5766445454022,94.00578063689834,-522.570863908504,-4.8386191102639255,0.8442,-67.63799166550162,0.9597370612716821,46.628128760606046,1.0579353591601997e-14
15280,76.4,0.6688937242807289,-0.9266141855394768,-629.9546685423089,107.357442747057,-522.5972257952519,-4.8388632018078885,0.8442,-279.84802223965926,0.9623360307872851,36.87689158815773,1.2629732389327076e-14
15290,76.45,0.6569226132068569,-0.8301938650854274,-628.0153520514813,105.43607941970053,-522.5792726317808,-4.838696968812785,0.8442,-238.9637155529424,0.9676998020620677,37.6640602209107,9.942696499110242e-15
15300,76.5,0.6623907715210432,-0.8247830573801727,-628.9099165057295,106.31371882912744,-522.5961976766021,-4.83885368219076,0.8442,-238.65875623064952,0.9639811452169956,41.45765949614513,1.1956211547316146e-14
15310,76.55,0.6300809510976642,-0.6768106888838538,-623.7090641797544,101.1279926511751,-522.5810715285793,-4.8387136252646235,0.8442,-171.3992734980432,0.9817757152629237,31.86259031521128,6.768036480199114e-15
15320,76.60000000000001,0.6481905996287501,-0.7945071833366245,-626.6091695476068,104.0345912404144,-522.5745783071924,-4.838653502844374,0.8442,-222.4381620986582,0.9546246976437593,54.031293131929246,2.81797699541665e-15
15330,76.65,0.6772968921559213,-0.9104747486136595,-631.311742145043,108.70615119102537,-522.6055909540177,-4.838940656981645,0.8442,-276.3764084464729,0.9675409967739336,40.5484693053326,4.546834326763e-15
15340,76.7,0.613138755748269,-0.5491303406829731,-620.9823568096355,98.40877029759717,-522.5735865120383,-4.83864431955591,0.8442,-116.90688349234759,0.9358264344929237,50.889667246803576,7.199349044417092e-15
15350,76.75,0.6287544071283517,-0.6640333715713571,-623.5173513062381,100.91508234410045,-522.6022689621376,-4.838909897797571,0.8442,-166.06559880369298,0.9621091528779672,44.04724067741472,1.2733246558761284e-14
15360,76.8,0.6094888447201384,-0.5788302914528376,-620.401126211187,97.82295957758221,-522.5781666336048,-4.838686728088934,0.8442,-127.123014107241,0.96037893435077,36.48343100549784,1.4379852738503886e-14
15370,76.85000000000001,0.6704515397113301,-0.9543753206735572,-630.1961460059493,107.60747212366849,-522.5886738822809,-4.838784017428527,0.8442,-291.00734788082536,0.9446400446024127,57.40372611197847,1.638152789635481e-14
15380,76.9,0.6601135421997961,-0.8766226656545159,-628.5344013145194,105.94822352306728,-522.5861777914521,-4.838760905476408,0.8442,-257.816732415388,0.9805779078816556,33.74342515626089,1.2241687795753659e-14
15390,76.95,0.5996184431355094,-0.5287712087560363,-618.7968680788664,96.23876012324925,-522.5581079556172,-4.838500999589048,0.8442,-104.71256287351372,0.9527626614289437,52.94141901106504,1.530148042965635e-14
15400,77.0,0.6745674853799942,-0.9542228271134315,-630.8759004430921,108.26808140348908,-522.607819039603,-4.838961287403731,0.8442,-292.2823879644179,0.9806626813564541,32.43120161319207,1.1255801363991667e-14
15410,77.05,0.6062681744714852,-0.5394020922870091,-619.8831425104961,97.30604200267337,-522.5771005078227,-4.8386768565539136,0.8442,-110.94715905787324,0.9494185064546036,46.73224682216826,1.3258307113358555e-14
15420,77.10000000000001,0.5649241545036698,-0.2590495086015624,-613.2494256784328,90.67032679783901,-522.5790988805937,-4.838695360005498,0.8442,10.046309943426877,0.9694670336993343,35.35898129853113,1.7539174069526512e-14
15430,77.15,0.6231439712633189,-0.6251018652015583,-622.6099527085615,100.01460738776268,-522.5953453207989,-4.8388457900073965,0.8442,-149.30608805983218,0.9615804024533976,38.078127996140616,1.5793216724337192e-14
15440,77.2,0.6161790843170162,-0.6083760795140014,-621.4828084567912,98.89674303288109,-522.5860654239101,-4.838759865036205,0.8442,-140.63018660018912,0.9723248293388604,38.21978106607445,1.5585713406759763e-14
15450,77.25,0.6313514663615699,-0.7356371374788504,-623.9308566421718,101.33191035103198,-522.5989462911398,-4.838879132325368,0.8442,-194.3882354693469,0.9543215749762158,46.467758014976134,1.6983991428036102e-14
15460,77.3,0.6691712187206659,-1.0309094473569995,-630.0200802379022,107.40198060466687,-522.6180996332354,-4.839056478085513,0.8442,-319.9659626922587,0.9686290912132823,35.00596774466111,1.1443992727858664e-14
15470,77.35000000000001,0.5947480317249659,-0.6195154447833382,-618.0356106769362,95.45705909185703,-522.5785515850793,-4.838690292454437,0.8442,-137.96176169785014,0.9529254594547901,45.173627075003836,1.7114097827653664e-14
15480,77.4,0.6414198365357519,-0.8320311631841779,-625.5529009876477,102.94788376398817,-522.6050172236595,-4.838935344663514,0.8442,-234.6459623033489,0.9555208342556271,49.50635757792718,1.769622018842907e-14
15490,77.45,0.6539236268945512,-0.8712963319723197,-627.550743442829,104.95474211657546,-522.5960013262536,-4.8388518641319775,0.8442,-253.7669779741959,0.9792931551808037,30.40028742620011,1.9397474059452548e-14
15500,77.5,0.6433659129275039,-0.809583566630236,-625.8770859863379,103.26022902486437,-522.6168569614736,-4.839044971865496,0.8442,-226.661208794768,0.9813705075807498,31.924344500743278,1.8397655112385964e-14
15510,77.55,0.6324830747377316,-0.7354500288519724,-624.1009708335946,101.51353349540592,-522.5874373381887,-4.838772567946192,0.8442,-194.6830651699226,0.9499755368243871,51.350682530651795,1.6470753522362245e-14
15520,77.60000000000001,0.6456630235771457,-0.7358457335851506,-626.2285729212858,103.62891528413188,-522.599657637154,-4.838885718862537,0.8442,-199.1052382143023,0.9515861941379228,50.68932738933262,1.884276538833017e-14
15530,77.65,0.5782642619201669,-0.3482350011682129,-615.3993877462059,92.81141403818678,-522.5879737080191,-4.83877753433351,0.8442,-28.504858552475724,0.9634605401633688,41.26863914670879,1.8754884218972474e-14
15540,77.7,0.6068456658701619,-0.6134635684511973,-620.0004457718956,97.39872937216097,-522.6017163997346,-4.838904781479024,0.8442,-139.55871341295042,0.9485914591161432,53.2156236965641,2.2382492681154142e-14
15550,77.75,0.6306848616114491,-0.7535447493016513,-623.822872110122,101.22492028863758,-522.5979518214845,-4.838869924273005,0.8442,-201.0451129463081,0.9638708097675214,46.36037479716494,2.421915330556373e-14
15560,77.8,0.6410014654488365,-0.7408903934868197,-625.4573748656304,102.88073520453825,-522.5766396610921,-4.838672589454557,0.8442,-199.53101018734085,0.9602695217846752,31.49168011377132,2.271003192819058e-14
15570,77.85000000000001,0.669330360087562,-0.8926920455681243,-630.0303896429147,107.4275227940537,-522.6028668488609,-4.83891543378575,0.8442,-266.9703340431127,0.9530969979376862,55.86333671250504,2.4154532120964914e-14
15580,77.9,0.5755730089410458,-0.3188436129385621,-614.9504123085461,92.37946793503785,-522.5709443735083,-4.838619855310262,0.8442,-16.3526156547519,0.9646190242088654,38.259898148051064,2.1483335488998116e-14
15590,77.95,0.6050618257274615,-0.5342646273419043,-619.6919830077985,97.11242302925757,-522.5795599785409,-4.838699629430935,0.8442,-108.58456711786101,0.9556499501178598,52.82021645040017,1.9037816185642213e-14
15600,78.0,0.6618879727122045,-0.9122681106318218,-628.8413935946328,106.23301962030881,-522.608373974324,-4.838966425688185,0.8442,-272.0722024769202,0.948572941636964,52.57354432145365,2.149708303560704e-14
15610,78.05,0.6130587023264656,-0.5727955646995431,-620.9861555203272,98.39592172339773,-522.5902337969295,-4.838798461082681,0.8442,-125.96354815166328,0.9609978659281673,40.08418793775451,2.056191789069128e-14
15620,78.10000000000001,0.6370082230554144,-0.6275380646012114,-624.8555022088361,102.23981980039402,-522.6156824084421,-4.839034096374464,0.8442,-154.73310754225696,0.9513326345309384,46.82119154837572,1.9718261045558917e-14
15630,78.15,0.5988317731541181,-0.4246779521575904,-618.6668942899346,96.11249959123595,-522.5543946986986,-4.838466617580543,0.8442,-64.50717820099223,0.947452651940208,59.37428110236484,1.933878569561129e-14
15640,78.2,0.6956470468990816,-1.0190463948141217,-634.2658935750823,111.65135102730261,-522.6145425477796,-4.839023542109071,0.8442,-323.99114710369014,0.9494227661299036,39.84328299891987,1.8112634511820425e-14
15650,78.25,0.6838582642269785,-0.9865274637093906,-632.3433742110932,109.75925140843005,-522.5841228026632,-4.838741877802437,0.8442,-307.69096830076114,0.9734929067517114,31.628089757878445,2.2369272070029526e-14
15660,78.3,0.6205769062368823,-0.6129725699965137,-622.1840502895595,99.60259345101962,-522.5814568385399,-4.838717192949444,0.8442,-143.81919238805136,0.964175785854089,42.44763796674744,2.3325518890718394e-14
15670,78.35000000000001,0.6081804060009406,-0.47195690635953713,-620.2089059844278,97.61295516315096,-522.5959508212768,-4.838851396493304,0.8442,-85.68157608845952,0.9525420942611058,49.375634600178124,2.169030309384415e-14
15680,78.4,0.5673035292517077,-0.18343589634990154,-613.6294201442885,91.05221644489909,-522.5772036993894,-4.838677812031384,0.8442,38.29554221653159,0.9528989236399819,55.059874754268904,2.223025819161873e-14
15690,78.45,0.5587003073527147,-0.24643911482794567,-612.2355871958622,89.67139933011072,-522.5641878657515,-4.8385572950532545,0.8442,16.90264639741737,0.9672776389552384,37.02466136159554,2.3894391225005002e-14
15700,78.5,0.6724945363199827,-0.9561824336315772,-630.5700487734032,107.93537307935722,-522.634675694046,-4.839209960130056,0.8442,-292.36284025845436,0.9612305369451636,44.9742361512521,2.424642953410308e-14
15710,78.55,0.5765078013220143,-0.31668489568367336,-615.0685125581239,92.5295021121833,-522.5390104459406,-4.838324170795746,0.8442,-15.82698282993843,0.9598821211896209,41.61505226270653,2.5832494605567358e-14
15720,78.60000000000001,0.6624295750940199,-0.6725050234478833,-628.9505483847169,106.3199468025902,-522.6306015821267,-4.839172236871543,0.8442,-180.22773347568827,0.9764281858671588,29.34954406007405,2.794963036154058e-14
15730,78.65,0.5678552540457197,-0.14556402902321974,-613.7180346077982,91.14076827433801,-522.5772663334602,-4.838678391976483,0.8442,52.6518284127018,0.9642124248888927,43.78713894011179,2.5179681857273754e-14
15740,78.7,0.60757008668894,-0.4229585976193307,-620.1039732462893,97.51499891357487,-522.5889743327144,-4.838786799376986,0.8442,-66.67851157969297,0.9466367406172023,60.900564471181916,2.3845663509114794e-14
15750,78.75,0.6170060637829519,-0.43147567213233357,-621.6295841467979,99.02947323716377,-522.6001109096342,-4.838889915829946,0.8442,-73.00458140408145,0.9673368709538938,37.38545742531152,2.3778624585222754e-14
15760,78.8,0.5272016966251962,0.08724859234180005,-607.1843953097037,84.615872308344,-522.5685230013597,-4.838597435197776,0.8442,155.17597301205495,0.9498230093163659,50.18993338121592,2.447588575094689e-14
15770,78.85000000000001,0.6117939470696768,-0.5159674095260764,-620.8002582490473,98.19292850468314,-522.6073297443642,-4.8389567568922605,0.8442,-103.7433880641908,0.9614506339805466,44.43954212362206,2.5813834318103446e-14
15780,78.9,0.628981989973811,-0.6645773843129796,-623.5167506860804,100.95160939079668,-522.5651412952838,-4.838566123104479,0.8442,-166.34812518398442,0.9544234488385918,47.77101624100181,2.9032504570721845e-14
15790,78.95,0.6489305036121503,-0.7060309555857492,-626.7549259548848,104.15334582975012,-522.6015801251347,-4.838903519677173,0.8442,-188.72112980557506,0.9811430314112208,28.721056429024564,3.281342987127095e-14
15800,79.0,0.6379727155366554,-0.6536491455586042,-624.9926816642934,102.39462084363318,-522.5980608206602,-4.838870933524631,0.8442,-165.0669134949439,0.9490223703515468,51.0440641329502,2.9964763122721255e-14
15810,79.05,0.6035262657393315,-0.4543726026359105,-619.4323049458654,96.86596565116271,-522.5663392947027,-4.838577215691692,0.8442,-77.42486135957712,0.9449382282125037,51.18822934481213,3.472820389905584e-14
15820,79.10000000000001,0.6389118498608554,-0.6038042693392149,-625.1534835627407,102.54535190266728,-522.6081316600735,-4.838964182037717,0.8442,-146.24096333690136,0.9451469269574618,59.99300300927709,3.548760646855012e-14
15830,79.15,0.6364114314875916,-0.559788640989249,-624.7412104914771,102.14403475375846,-522.5971757377187,-4.838862738312209,0.8442,-128.53783609314542,0.9684559903956503,33.74828501860444,3.355464279244131e-14
15840,79.2,0.6349814480001751,-0.5512534218857215,-624.5036342931702,101.9145224040281,-522.589111889142,-4.838788073047612,0.8442,-124.79874438856373,0.966854795641087,41.523747835376376,3.1779152317296194e-14
15850,79.25,0.6588782149605149,-0.7285389069165906,-628.3568190137015,105.74995350116264,-522.6068655125389,-4.838952458449434,0.8442,-200.58263442221372,0.9755032493827557,35.92723641174517,3.608831131667338e-14
15860,79.3,0.6150910826144484,-0.5749225849501661,-621.2949610703854,98.72211875961898,-522.5728423107664,-4.838637428803393,0.8442,-127.43837975966515,0.9577972002298293,51.07911383981345,3.493676232215651e-14
15870,79.35000000000001,0.623954407642431,-0.6696472369028706,-622.7301745275255,100.14468242661017,-522.5854921009153,-4.838754556489956,0.8442,-166.66497415079294,0.9507768231870435,56.34697667699439,3.4333187058269745e-14
15880,79.4,0.5706534959283918,-0.31695355736698017,-614.160930574546,91.58988609650687,-522.5710444780391,-4.838620782204066,0.8442,-14.033298976211174,0.9643517417321835,44.942264001386434,3.9413542846990367e-14
15890,79.45,0.5670999803443315,-0.2823973527254314,-613.5983109254436,91.01954684526521,-522.5787640801784,-4.838692260001652,0.8442,0.38054931711553763,0.9564141012100208,47.113729717778426,4.120026969025129e-14
15900,79.5,0.6376816852214354,-0.7113836328301115,-624.9754271261801,102.34791047804039,-522.6275166481397,-4.83914367266796,0.8442,-187.13084506486234,0.9704095842813746,34.79394776109428,3.9470741422289694e-14
15910,79.55,0.6041649587256277,-0.5532404322040358,-619.5557073399534,96.96847587546324,-522.5872314644902,-4.838770661708242,0.8442,-115.57680710304876,0.9657249720772515,40.143454132113234,4.170016607224441e-14
15920,79.60000000000001,0.6038928085413198,-0.5202808887056295,-619.5054824334328,96.92479577088183,-522.580686662551,-4.8387100616902865,0.8442,-102.83891225631132,0.9781738523570707,31.011869964919917,4.5504654647009985e-14
15930,79.65,0.6157603595532375,-0.5726136787349811,-621.4326683866141,98.82953770829462,-522.6031306783194,-4.838917876651106,0.8442,-126.76907811313492,0.9664504341955796,38.218783054714976,4.8513713292454625e-14
15940,79.7,0.5644480097901743,-0.25142928095866757,-613.1618458630647,90.59390557132298,-522.5679402917417,-4.838592039738349,0.8442,13.125188454738165,0.9457570041904535,54.47251603497639,4.504072325507916e-14
15950,79.75,0.5855677234928139,-0.38671892193262297,-616.5699100165176,93.98361962059664,-522.586290395921,-4.838761948110379,0.8442,-45.64112836980401,0.9525904647037966,56.353152713641165,4.461898489639256e-14
15960,79.8,0.6044770693866511,-0.4713072177580487,-619.6034511698283,97.0185696365575,-522.5848815332708,-4.8387489030858415,0.8442,-84.23234758775828,0.946954453320315,47.83009824764143,4.5804739766190504e-14
15970,79.85000000000001,0.5692531002221055,-0.19479663134960057,-613.945537594165,91.36512258564794,-522.5804150085171,-4.838707546375158,0.8442,33.30368442053245,0.959830036483845,38.36907333057096,4.6302150808904e-14
15980,79.9,0.5576859327619513,-0.08215923922449064,-612.1035890495319,89.50859220829318,-522.5949968412388,-4.838842563344803,0.8442,80.28114941220615,0.9651005934827045,36.770941750728944,5.399294913905111e-14
15990,79.95,0.5887779199071725,-0.27712157461522463,-617.0990731868723,94.4988561451012,-522.6002170417711,-4.838890898534918,0.8442,-4.618284210334018,0.9682449856497223,37.354181550347576,5.188673992765976e-14
16000,80.0,0.5685740543380358,-0.1667882104365228,-613.8419580088483,91.25613572125474,-522.5858222875936,-4.838757613774015,0.8442,44.2731958506256,0.9629707885604543,38.94477020170023,2.4607161041358405e-15
16010,80.05,0.5965925137939599,-0.3766672707741533,-618.3337999207287,95.75309846393057,-522.5807014567981,-4.838710198674057,0.8442,-45.355383863357105,0.9346581521951083,72.20058546336101,6.911974289047054e-15
16020,80.10000000000001,0.6504167324853459,-0.7438149650340578,-626.9887384903568,104.39188556389803,-522.5968529264587,-4.838859749319062,0.8442,-203.7039935483274,0.9723584437394659,38.97086106665056,5.31169495672476e-15
16030,80.15,0.5683047584625568,-0.267968417875886,-613.7681118952228,91.21291373324037,-522.5551981619824,-4.838474057055392,0.8442,5.527958718363173,0.9376968229605674,69.28241425906099,1.2128392594257104e-14
16040,80.2,0.6215280390402274,-0.5338923912180328,-622.3494569138842,99.75525026595649,-522.5942066479276,-4.838835246740071,0.8442,-113.77675775295225,0.9727158520016838,29.998521665753223,9.988305792634195e-15
16050,80.25,0.6363713486824116,-0.5421403731757022,-624.7278214147631,102.13760146352706,-522.590219951236,-4.838798332881815,0.8442,-121.75152686247945,0.9651527298029763,34.46738168590765,1.6354229566838518e-14
16060,80.3,0.6147542668929821,-0.3118864173881102,-621.2520302010546,98.66805983632362,-522.5839703647309,-4.838740466340101,0.8442,-26.37720421394824,0.9540181201271759,48.46698421365152,1.7270360504679684e-14
16070,80.35000000000001,0.6264387351707554,-0.365035228181807,-623.121705580956,100.54341699490625,-522.5782885860498,-4.838687857278239,0.8442,-50.561236206448825,0.9550199827560387,47.81999374553335,1.8807815606343366e-14
16080,80.4,0.6535373419692091,-0.5806057698206568,-627.4811233626101,104.89274338605806,-522.588379976552,-4.838781296079185,0.8442,-142.076147485039,0.9736614825853805,33.17030851865698,1.5883005373527594e-14
16090,80.45,0.6447947838828907,-0.5686556335417349,-626.0780064726752,103.48956281320396,-522.5884436594712,-4.838781885735845,0.8442,-134.65715241729794,0.9550972163328817,44.32228490609873,2.3570355280960744e-14
16100,80.5,0.6414233331510479,-0.5558854907220802,-625.5559649045507,102.9484449707432,-522.6075199338075,-4.838958517905625,0.8442,-128.6636814685863,0.9467305137693374,48.075061012893386,2.335218946131845e-14
16110,80.55,0.5919265499037538,-0.28490026768418114,-617.5851240204184,95.00421125955249,-522.580912760866,-4.838712155193203,0.8442,-8.623866240552957,0.9580033308724666,51.2286908183853,2.3838052942077932e-14
16120,80.60000000000001,0.5898161566047483,-0.32500744326377345,-617.2258267956355,94.6654931350621,-522.5603336605734,-4.838521607968272,0.8442,-23.333044663117832,0.9636700286463459,40.434148111773645,3.0398881594494654e-14
16130,80.65,0.6309003716564037,-0.6190778180199394,-623.8693768913826,101.25950965085279,-522.6098672405298,-4.8389802522271275,0.8442,-149.50716073667692,0.9550193512870983,52.24190172752755,2.8946869852409856e-14
16140,80.7,0.6247136595201095,-0.6021290665972402,-622.8513208418217,100.26654235297757,-522.5847784888441,-4.838747948970779,0.8442,-140.99781471222366,0.9635662010918405,44.94728066110178,3.069987495168459e-14
16150,80.75,0.6252775617895313,-0.5258530272848592,-622.941806303484,100.35704866721977,-522.5847576362642,-4.838747755891335,0.8442,-111.90613295747676,0.9670717630283916,34.6916151843468,2.7018424114977633e-14
16160,80.8,0.5613676159961692,-0.1009368349389671,-612.6716847085755,90.09950236738517,-522.5721823411903,-4.838631317973984,0.8442,71.88153089164202,0.9602434583138412,44.94731487256343,2.758004945353363e-14
16170,80.85000000000001,0.6163944273098025,-0.4702739181002091,-621.5194433550357,98.9313055832233,-522.5881377718124,-4.838779053442708,0.8442,-87.69699599321515,0.9492100822572229,57.628116122349034,3.6062942335172686e-14
16180,80.9,0.6194971617360016,-0.551568388970314,-622.024621871855,99.42929445862825,-522.5953274132266,-4.838845624196543,0.8442,-119.90271852858055,0.969232806212766,40.2296368151478,2.8165550728023764e-14
16190,80.95,0.5892901276842363,-0.3366895445385966,-617.1762872300156,94.58106549331993,-522.5952217366957,-4.838844645710146,0.8442,-27.646146963379778,0.9690861391763819,42.281708436044816,3.3637287148891556e-14
16200,81.0,0.6170366256442178,-0.4558913460739046,-621.6239517582138,99.03437841589695,-522.5895733423168,-4.838792345762193,0.8442,-82.38510457609277,0.9719755815508015,36.440294207344614,3.0685568236459797e-14
16210,81.05,0.6228764413961245,-0.485393040492512,-622.5403927244886,99.97166884407798,-522.5687238804106,-4.838599295188987,0.8442,-95.59981681009289,0.9400432854335994,69.89092576358591,2.929071830797889e-14
16220,81.10000000000001,0.6493559849121437,-0.6413454162364353,-626.8205361214947,104.22163557839907,-522.5989005430956,-4.838878708732367,0.8442,-164.03297917347544,0.9468519567388829,52.91229182647269,2.939408498992539e-14
16230,81.15,0.5896861952842922,-0.33965178259597834,-617.2297155311134,94.6446343431289,-522.5850811879844,-4.838750751740597,0.8442,-28.91136593686126,0.9549812046328094,45.155237037094984,3.0519019250047626e-14
16240,81.2,0.6528641807138162,-0.8127896735270442,-627.3763444985403,104.78470100456751,-522.5916434939728,-4.838811513833082,0.8442,-230.96913634522076,0.9435167884248773,64.74616312353928,3.1820481316190236e-14
16250,81.25,0.6731165870621573,-0.9408502956538716,-630.634753908155,108.03521222347624,-522.5995416846787,-4.838884645228506,0.8442,-286.6799820635522,0.9485493848888482,43.90301529365683,3.9459029157493847e-14
16260,81.3,0.5585910050199934,-0.2445704980307325,-612.2357890071048,89.65385630570893,-522.5819327013959,-4.838721599086999,0.8442,17.65522671462287,0.9507678876391787,54.98531368746329,3.996216894651833e-14
16270,81.35000000000001,0.6053153315078578,-0.5275970214866381,-619.7491746154705,97.15311070701117,-522.5960639084593,-4.838852443596846,0.8442,-106.10770714007424,0.9680330440614996,38.606156760573406,3.827630740730837e-14
16280,81.4,0.6304821770684969,-0.6491436193646182,-623.7684963632086,101.19238941949375,-522.5761069437148,-4.838667656886248,0.8442,-160.91077921267313,0.9525123636575045,36.47025803301519,3.8797489799919315e-14
16290,81.45,0.6292293513775857,-0.5768775128986219,-623.5621113163053,100.9913108961025,-522.5708004202028,-4.838618522409285,0.8442,-132.76947101530124,0.9611788152756758,41.04515810169422,3.413056760991104e-14
16300,81.5,0.6881247564467077,-0.9244533391860744,-633.0579093016921,110.44402340969658,-522.6138858919956,-4.839017461962921,0.8442,-285.2495539671668,0.970482530744611,33.85590877953388,2.944064664962123e-14
16310,81.55,0.5899116272079815,-0.35494530551048575,-617.251298482097,94.68081616688103,-522.5704823152159,-4.838615576992741,0.8442,-34.85398823538462,0.9526022473467521,51.263152475618234,2.896948233252603e-14
16320,81.60000000000001,0.5935049306134975,-0.3498627768674761,-617.8526972669605,95.25754136346634,-522.5951559034942,-4.838844036143464,0.8442,-34.067567886870435,0.9597672224178493,41.601447489239156,2.4678971939166093e-14
16330,81.65,0.5911174117920877,-0.3183846291225716,-617.4575966601332,94.87434459263007,-522.583252067503,-4.838733815439843,0.8442,-21.212846342928096,0.9347728069486676,73.70015778378463,2.8193763416311878e-14
16340,81.7,0.5378849236232447,0.016241128178174025,-608.8880042044684,86.33053024153077,-522.5574739629376,-4.838495129286459,0.8442,124.46227580274123,0.9532552706199092,45.06214100927831,2.4933465776979538e-14
16350,81.75,0.647292990324455,-0.6348698723306885,-626.5118598126542,103.89052494707502,-522.6213348655791,-4.8390864339405475,0.8442,-160.87928555172437,0.9692852306311186,36.56300577333087,2.8648487153296567e-14
16360,81.8,0.6262854149016713,-0.5339251662003137,-623.097541609283,100.51880909171825,-522.5787325175647,-4.838691967755229,0.8442,-115.33072641651759,0.9549103529830621,46.795695623365994,2.985818866764854e-14
16370,81.85000000000001,0.6519825528861906,-0.634824866387396,-627.2311384737964,104.64319973823358,-522.5879387355628,-4.838777210514471,0.8442,-162.3814307518063,0.9514491895282542,41.59002693998483,2.7356580196030692e-14
16380,81.9,0.6582463298706666,-0.6925416579899611,-628.2403717212757,105.64853594424198,-522.5918357770337,-4.838813294231794,0.8442,-186.56232837209367,0.9598413879439519,42.48227970434775,2.858263732508639e-14
16390,81.95,0.6127913439851936,-0.50961900370848,-620.9261597979252,98.35301070962358,-522.5731490883015,-4.838640269336126,0.8442,-101.63005629132708,0.9638997181522686,42.47656206112823,2.7170768412100268e-14
16400,82.0,0.6717680219936263,-0.9043192075379979,-630.4323035546314,107.81876752997702,-522.6135360246544,-4.839014222450504,0.8442,-272.2225867236568,0.9745180624981581,33.70945963647112,3.128818280637318e-14
16410,82.05,0.6108010783109126,-0.6298199040111501,-620.5890561416189,98.03357306890146,-522.5554830727175,-4.8384766951177545,0.8442,-147.11775190684853,0.9701051274638121,35.75319284336558,3.3600643514062794e-14
16420,82.10000000000001,0.6633345871422578,-0.9990015631545592,-629.0702308713721,106.46520123633238,-522.6050296350397,-4.838935459583701,0.8442,-305.828797778468,0.9741360361171999,29.28459637523135,3.3147746194576346e-14
16430,82.15,0.6277962580263672,-0.8029578533336112,-623.3218226724188,100.76129941323194,-522.5605232591868,-4.838523363510989,0.8442,-219.0737229236601,0.9568656441964545,49.11821927731675,3.2838693499969254e-14
16440,82.2,0.6406337360254252,-0.8471786038607731,-625.4072056450715,102.82171463208074,-522.5854910129907,-4.83875454641658,0.8442,-240.2047824155876,0.9640692143828373,40.83183881887968,3.7438248891301426e-14
16450,82.25,0.6527822066855019,-0.9050526378858648,-627.3480680342261,104.77154417302306,-522.5765238612031,-4.838671517233362,0.8442,-266.35266969093755,0.9714176894985954,37.34248265053775,3.7900622160291156e-14
16460,82.3,0.6823711308038982,-0.9608576000667585,-632.1043522814356,109.52056649402567,-522.5837857874099,-4.838738757290832,0.8442,-297.35716381864734,0.9591282730223717,46.54824018423041,4.450618666508961e-14
16470,82.35000000000001,0.6322713125250845,-0.5230902749629558,-624.0500779704767,101.47954566027606,-522.5705323102006,-4.838616039909265,0.8442,-113.11177681425525,0.9540083598083205,46.81326882209719,4.399243850358454e-14
16480,82.4,0.6702670877400371,-0.7054867628045267,-630.1805837785255,107.57786758227594,-522.6027161962495,-4.8389140388541625,0.8442,-195.4253244262938,0.9588445570689338,48.61420392968342,4.4910682729506555e-14
16490,82.45,0.6400269548802927,-0.6196315043006086,-625.2918121117443,102.72432625828698,-522.5674858534574,-4.838587831976457,0.8442,-152.67667589848875,0.9512052102379801,48.91717815798641,4.74673578806583e-14
16500,82.5,0.652652769206396,-0.7931292049150478,-627.3361086764895,104.75076945762656,-522.5853392188629,-4.838753140915397,0.8442,-223.355043387479,0.9590465690097659,48.63161402964897,5.114396939844827e-14
16510,82.55,0.6518428515820994,-0.8357045237835508,-627.2051112143863,104.62077767892696,-522.5843335354593,-4.838743829032031,0.8442,-239.43283774528902,0.9450953479423915,63.918446426064556,4.452509957336624e-14
16520,82.60000000000001,0.6243277460950388,-0.6338712232933664,-622.7893732897544,100.20460324825373,-522.5847700415006,-4.838747870754635,0.8442,-153.05526960536372,0.9395808962880539,61.19498851177415,4.5909903530827907e-14
16530,82.65,0.5760429603197827,-0.3087920306378125,-615.0300173108672,92.45489513132513,-522.5751221795421,-4.838658538699463,0.8442,-12.647129764714457,0.9438966874469319,55.837483927835656,5.1145746779338e-14
16540,82.7,0.6349586358074114,-0.6368719741308275,-624.5088138822665,101.91086104708953,-522.597952835177,-4.838869933659047,0.8442,-157.65135196757333,0.9656588290904766,38.7648060527269,5.073722259251113e-14
16550,82.75,0.6136811067714096,-0.5157925033294906,-621.0850334592167,98.49581763681124,-522.5892158224054,-4.838789035392643,0.8442,-104.28769962975805,0.9489330217034089,41.95190655160874,4.7709573940717697e-14
16560,82.8,0.6145360439181443,-0.5612302589517599,-621.224603888026,98.63303504886217,-522.5915688391638,-4.83881082258485,0.8442,-122.0034967322692,0.9401324683821447,69.82110342227612,5.221826330607907e-14
16570,82.85000000000001,0.654418083897651,-0.8574553897640329,-627.6452773376963,105.03410246557299,-522.6111748721232,-4.838992359927067,0.8442,-248.61509334918827,0.9488688608473352,40.03455837490388,5.52897689000789e-14
16580,82.9,0.6185863911785021,-0.6565672063000193,-621.8708318387781,99.28311578414959,-522.5877160546286,-4.838775148653968,0.8442,-159.90568242732593,0.9359158510210076,66.98216946977297,5.3768961882531674e-14
16590,82.95,0.6307473764939736,-0.7509884146640708,-623.8365784134521,101.23495392728276,-522.6016244861694,-4.838903930427494,0.8442,-200.08425852567788,0.964871002289226,43.49280103288025,5.657755383064917e-14
16600,83.0,0.6276517259462202,-0.7512026020780138,-623.330996495039,100.73810201436835,-522.5928944806707,-4.838823097043247,0.8442,-199.16347187296003,0.966445580094755,42.593422108810266,5.743899522766623e-14
16610,83.05,0.6319917143200271,-0.7663938340465445,-623.9976282320821,101.43467014836435,-522.5629580837177,-4.838545908182572,0.8442,-206.39995167608518,0.929586692154679,58.568098085746755,5.667587956440069e-14
16620,83.10000000000001,0.663752739156026,-0.9134553144444612,-629.1310474921737,106.53231463454216,-522.5987328576316,-4.838877156089182,0.8442,-273.13203005903625,0.9494020718528882,49.540372594356526,5.437055852851421e-14
16630,83.15,0.6137669453354702,-0.5731817576583758,-621.085928621496,98.50959472634297,-522.5763338951531,-4.838669758288455,0.8442,-126.34123793261465,0.966993880843628,33.698079849372455,5.1025830886737646e-14
16640,83.2,0.6392227119525276,-0.7041327060186438,-625.1871218885452,102.59524526838067,-522.5918766201646,-4.838813672408931,0.8442,-184.84726602837114,0.9641477186024588,42.34258122046077,5.3696731687108157e-14
16650,83.25,0.635838176704531,-0.7256398969768291,-624.6212781139745,102.05202736107724,-522.5692507528973,-4.838604173637939,0.8442,-192.0050356111618,0.9587955484813419,49.81443351964379,5.076679915061942e-14
16660,83.3,0.659360061455086,-0.8984557445710089,-628.4206775466827,105.8272898635413,-522.5933876831414,-4.838827663732791,0.8442,-265.9520379269564,0.9742318361835752,35.83636480660186,5.2900350503721685e-14
16670,83.35000000000001,0.6173123365346844,-0.6407535765669694,-621.6676856161351,99.07863001381685,-522.5890556023182,-4.838787551873317,0.8442,-153.42369181025782,0.9656142854883889,44.385115067955745,5.1729245095234325e-14
16680,83.4,0.5828030510349725,-0.43248385548225843,-616.1186505465502,93.53988969111309,-522.578760855437,-4.838692230142936,0.8442,-62.30974131421901,0.9462144867994733,53.398099446942425,5.5087651018827076e-14
16690,83.45,0.5976347112364025,-0.5390906859036808,-618.4878810945438,95.9203711534426,-522.5675099411012,-4.838588055010196,0.8442,-108.03040066053998,0.9461806840461562,44.549473844550825,6.046150643794622e-14
16700,83.5,0.6771101388854515,-0.9727633878306021,-631.2873303031845,108.67617729111497,-522.6111530120695,-4.838992157519162,0.8442,-300.2219879327888,0.958853329291136,46.37910273869463,5.555787195944184e-14
16710,83.55,0.6414810320080614,-0.7233117258068898,-625.5291098617416,102.95770563729386,-522.5714042244477,-4.838624113189331,0.8442,-192.93977955554175,0.9428562064482916,62.27407469850949,4.864275291334231e-14
16720,83.60000000000001,0.6387135094659905,-0.6288333996682205,-625.096036322618,102.51351826929147,-522.5825180533266,-4.838727019012283,0.8442,-155.78276386180306,0.9727853940024906,36.28902947956723,4.7137245937414375e-14
16730,83.65,0.6543996877193161,-0.6879543476485679,-627.6309599933106,105.03114987895023,-522.5998101143604,-4.838887130688522,0.8442,-183.55542812432952,0.9778810478979141,35.11608219433271,4.851814346186461e-14
16740,83.7,0.5787056481612749,-0.22862286507438556,-615.4578843844967,92.88225652988461,-522.5756278546121,-4.838663220876038,0.8442,17.2587090578337,0.9656778710403341,43.99064104105233,5.113629432002363e-14
16750,83.75,0.5946423122245671,-0.3462998231036523,-618.036392725471,95.44009111204302,-522.5963016134281,-4.838854644568778,0.8442,-33.06863458751735,0.9693201601329471,35.92169978672821,4.732975893350995e-14
16760,83.8,0.622215785899138,-0.5249769134792923,-622.4734283322804,99.86563363681164,-522.6077946954688,-4.838961061995081,0.8442,-110.57786920011502,0.9564634662749689,42.124655182562776,4.84862702752192e-14
16770,83.85000000000001,0.6118171566299361,-0.5588180750084619,-620.7913624057772,98.19665363910474,-522.5947087666725,-4.838839895987708,0.8442,-120.1967923686005,0.9534763125788575,54.35598197736014,4.797088563016993e-14
16780,83.9,0.6431888376772549,-0.8732636068788115,-625.8275672859531,103.23180844719941,-522.5957588387537,-4.838849618877349,0.8442,-251.04393714874828,0.9683217845714029,40.380709973130536,4.7744826216079607e-14
16790,83.95,0.6550879452297935,-0.9805501057826823,-627.7508224506081,105.14161520938187,-522.6092072412263,-4.838974141122465,0.8442,-296.07530301218173,0.9590960237981923,48.284896140902994,5.09455990962732e-14
16800,84.0,0.6670222502973572,-1.0306949808969752,-629.6614490596568,107.05707117272583,-522.6043778869309,-4.83892942487899,0.8442,-319.18738570177544,0.9684852646377224,38.57369128091897,4.65440810744489e-14
16810,84.05,0.6526878998410083,-0.8745691246234613,-627.3657897455557,104.75640792448183,-522.6093818210738,-4.838975757602536,0.8442,-254.6226848762371,0.9601660198257589,32.96061821529674,4.411586127833906e-14
16820,84.10000000000001,0.5457080025268696,-0.15220362173704616,-610.1424934820776,87.58613440556256,-522.556359076515,-4.838484806264028,0.8442,57.279293366453714,0.9573502698252035,45.61301608042027,4.415370368638627e-14
16830,84.15,0.6237401299547961,-0.5191985124976197,-622.7325782484887,100.11029085774477,-522.622287390744,-4.839095253618,0.8442,-108.85403348288794,0.972134266067278,31.24613361760729,4.614322499511419e-14
16840,84.2,0.5696600337683293,-0.2177739321192903,-613.9929120265489,91.43043541981685,-522.562476606732,-4.838541450062333,0.8442,24.35325769879657,0.9461013505984507,44.99710074997443,4.606676425156556e-14
16850,84.25,0.6073496442847195,-0.45208868418953785,-620.0708776934787,97.47961790769747,-522.5912597857812,-4.838807960979455,0.8442,-77.7870788220417,0.9636957918340109,35.854689735945186,4.630535142020769e-14
16860,84.3,0.6370241001457405,-0.6912696250616339,-624.8262102879306,102.24236807339135,-522.5838422145392,-4.838739279764252,0.8442,-179.19812567021785,0.9585421067295699,49.2849506616925,4.3587858244869425e-14
16870,84.35000000000001,0.6452606446121473,-0.7842023634162143,-626.1542472919252,103.56433346024964,-522.5899138316756,-4.838795498441441,0.8442,-217.53391512599984,0.962688182692572,42.89266608588126,4.6905091543612985e-14
16880,84.4,0.6242953017345535,-0.6860643429486546,-622.7762314798089,100.19939592839583,-522.5768355514131,-4.838674403253825,0.8442,-173.07623212713335,0.9408650115356519,59.86230872256245,4.128799306911725e-14
16890,84.45,0.6315580246725304,-0.6757676140832409,-623.962197860524,101.36506295994113,-522.5971349005829,-4.838862360190582,0.8442,-171.47751812071283,0.9698691216645723,37.256348729329204,4.126761295830009e-14
16900,84.5,0.6353640950521069,-0.6705912157207325,-624.5613697025494,101.97593725586316,-522.5854324466862,-4.838754004135984,0.8442,-170.7240075137777,0.9577391177749162,48.28035295002421,3.953989006676035e-14
16910,84.55,0.6338876246417641,-0.6553994354498918,-624.3322575431974,101.73896375500314,-522.5932937881943,-4.838826794335132,0.8442,-164.41509709496023,0.9540327249666707,47.65458203581673,3.782548592288604e-14
16920,84.60000000000001,0.5882215202869499,-0.2946192068325745,-616.9966076834486,94.40955400605546,-522.5870536773931,-4.838769015531418,0.8442,-11.153519899955384,0.9597681021956526,42.765478741071966,3.683156517771307e-14
16930,84.65,0.6539019192396032,-0.6287090163954616,-627.5585364007491,104.95125803795631,-522.6072783627927,-4.838956281136969,0.8442,-160.65607091182974,0.9676600792865365,37.16485582846338,3.9061237798642867e-14
16940,84.7,0.6461355813339479,-0.6127168872861669,-626.3027028439691,103.70476080409864,-522.5979420398704,-4.838869833702504,0.8442,-152.00207329463402,0.9662035873432141,33.54535880686708,3.274019275678517e-14
16950,84.75,0.6224168806254028,-0.5297923617668756,-622.4853822451779,99.89790934037714,-522.5874729048007,-4.838772897266673,0.8442,-112.49117035574247,0.9726043553020195,32.12620715264892,3.49535634956144e-14
16960,84.8,0.6468631924169017,-0.7753829232160814,-626.4131247695881,103.82154238291272,-522.5915823866753,-4.838810948024771,0.8442,-214.6682808364377,0.9583422507892344,48.16753516766934,3.3845719535856057e-14
16970,84.85000000000001,0.6324701528663117,-0.7627883985866231,-624.0955153822666,101.51145953504303,-522.5840558472236,-4.838741257844663,0.8442,-205.17121654805402,0.9623099879972022,39.14888916298303,3.702503278706886e-14
16980,84.9,0.690509882225276,-1.0944343173304594,-633.4363070377959,110.8268360971568,-522.6094709406391,-4.838976582783695,0.8442,-351.26023677910155,0.9508978657205784,55.27303158374608,3.629401059321313e-14
16990,84.95,0.653709445262738,-0.7980115663779859,-627.4872399641166,104.92036596466944,-522.5668739994471,-4.838582166661547,0.8442,-225.57123385687416,0.9485773950803744,47.67868500352098,2.4894322209067678e-14
17000,85.0,0.6256263280001981,-0.5344092018753779,-623.0047648908493,100.4130256440318,-522.5917392468175,-4.838812400433495,0.8442,-115.30295288200007,0.9482714152370812,56.768612592353435,5.4481055903784356e-15
17010,85.05,0.6251643985628986,-0.5276597301718101,-622.9327084924416,100.33888596934523,-522.5938225230964,-4.8388316900286705,0.8442,-112.5628721651206,0.9735566737445298,32.7897191046098,5.322452775928768e-15
17020,85.10000000000001,0.6474365496619613,-0.7068713220035359,-626.4962635462376,103.91356622074478,-522.5826973254929,-4.838728678939749,0.8442,-188.559617414843,0.9664685146563239,36.51337185126457,9.020177758922544e-15
17030,85.15,0.6499010955743416,-0.7601229721040484,-626.9082779163095,104.30912583968183,-522.5991520766277,-4.838881037746552,0.8442,-209.7958638045102,0.97115927024593,39.220448348080474,5.9580819677934555e-15
17040,85.2,0.5857570544939987,-0.3948557507630709,-616.5960565409753,94.0140072462868,-522.5820492946884,-4.8387226786545225,0.8442,-48.82534835082035,0.9632910345116275,41.165837949086225,6.728537760070878e-15
17050,85.25,0.6194194676773198,-0.5967157943277455,-622.0103276396966,99.41682456220983,-522.5935030774867,-4.838828732198952,0.8442,-137.20490805087613,0.9698797312460199,37.23180998448785,1.2287415582144001e-14
17060,85.3,0.6361324999785973,-0.7567670781999922,-624.6808764603151,102.09926624656487,-522.5816102137502,-4.83871861309028,0.8442,-204.0468624930453,0.9759646073292029,32.505720854447304,1.0019109251294436e-14
17070,85.35000000000001,0.6197431151640188,-0.6521230405091782,-622.0510391492259,99.46876998382503,-522.5822691654008,-4.838724714494452,0.8442,-158.57481101494167,0.9658043524192828,41.45500623046701,1.2381009106920429e-14
17080,85.4,0.6390317153989589,-0.7346501810578114,-625.1547755397505,102.5645903215329,-522.5901852182176,-4.838798011279793,0.8442,-196.4978469127125,0.9387861057510479,71.67866553897531,9.232706160427414e-15
17090,85.45,0.6051678780919312,-0.4902400016977738,-619.7183845206905,97.12944443375495,-522.5889400869355,-4.83878648228644,0.8442,-91.7224832738352,0.9667643070164005,41.547284312155156,1.372417090658524e-14
17100,85.5,0.5741704527964127,-0.30941360404529317,-614.7231848577559,92.15435767382424,-522.5688271839316,-4.83860025170307,0.8442,-12.278994285237463,0.941378520243582,47.6086472808692,1.4406935177980975e-14
17110,85.55,0.6477455521173026,-0.7211340681519867,-626.5602691836554,103.96316111482706,-522.5971080688283,-4.83886211174841,0.8442,-194.13370927800926,0.9546021439321243,53.49128559199995,1.654799923761205e-14
17120,85.60000000000001,0.6431556398223137,-0.6504217479007125,-625.8151179952982,103.22648019148136,-522.5886378038169,-4.838783683368676,0.8442,-165.5075208815771,0.9616999404223101,38.24412484165401,1.4441574083570432e-14
17130,85.65,0.640029870325068,-0.5330775663598315,-625.3115436320244,102.7247941871734,-522.586749444851,-4.838766198563435,0.8442,-119.45862513086912,0.9745959955998988,33.66203172945637,1.2713873446306266e-14
17140,85.7,0.6021955881101116,-0.20528814366462622,-619.2144322065004,96.65239189167292,-522.5620403148275,-4.838537410322477,0.8442,18.603725132228647,0.9394149259852625,56.5530301118183,8.777829691849305e-15
17150,85.75,0.6087010236489546,-0.18987085887043964,-620.2837335904463,97.69651429565722,-522.5872192947891,-4.838770549025825,0.8442,22.413045601766314,0.9459779964403963,57.50342945971114,1.811818412658902e-14
17160,85.8,0.6166008792925152,-0.28776791646811206,-621.5534441178085,98.96444112644869,-522.5890029913597,-4.838787064734812,0.8442,-17.71893911412689,0.9733232450774965,34.41246397889206,1.9245324651792943e-14
17170,85.85000000000001,0.6209431191355707,-0.4542301528027216,-622.2409728765128,99.66137062125908,-522.5796022552538,-4.83870002088198,0.8442,-83.01325028218888,0.9415431434337682,48.42652485023292,1.8461109472584935e-14
17180,85.9,0.6648299117950404,-0.8547568500069078,-629.3155780415049,106.70520084310398,-522.6103771984009,-4.838984974059268,0.8442,-250.95283868755328,0.9806908928589944,29.149217361326905,2.3381350274651826e-14
17190,85.95,0.6317725122281207,-0.7903766483504182,-623.9624593509055,101.39948821261338,-522.5629711382921,-4.838546029058261,0.8442,-215.53342182879211,0.9549937368568232,51.49170882983244,2.087693513202038e-14
17200,86.0,0.6830437664652551,-1.0442565755208901,-632.2248870355476,109.62852451767344,-522.5963625178741,-4.838855208498835,0.8442,-329.5832333416769,0.975927580301493,31.02681437716208,2.3970639734020658e-14
17210,86.05,0.6650654795436365,-0.8692289979250318,-629.3308657407614,106.74300946675366,-522.5878562740078,-4.838776446981553,0.8442,-256.5835051226663,0.9813398302826303,32.101634516594835,2.3145221232280292e-14
17220,86.10000000000001,0.6310019199288889,-0.6539570851256462,-623.838377222629,101.27580814858666,-522.5625690740424,-4.838542306241133,0.8442,-162.92656147936563,0.9496660227632574,51.992242967973894,2.897873505712517e-14
17230,86.15,0.6896523690141693,-0.9840652767062944,-633.3036120996679,110.68920522677416,-522.6144068728938,-4.839022285860128,0.8442,-308.6232824297271,0.9543928199139643,43.88932889376717,2.097822150469796e-14
17240,86.2,0.5819012072299163,-0.3626195404900838,-615.9580305442815,93.39514376040157,-522.56288678388,-4.838545247998889,0.8442,-35.20394754911763,0.9401324618505994,52.569045227993456,2.253725394428476e-14
17250,86.25,0.651155501831132,-0.7960409911497223,-627.1286940870981,104.51045804389669,-522.6182360432014,-4.839057741140754,0.8442,-223.98745865606276,0.9605281545131306,39.81987275344426,1.9073877128853888e-14
17260,86.3,0.6448892152393764,-0.7771993089915012,-626.1088271104148,103.5047190459199,-522.604108064495,-4.838926926523102,0.8442,-214.72583257116594,0.9576142573287215,47.030017284677484,1.8632241627229546e-14
17270,86.35000000000001,0.6267356295317769,-0.6787611735723957,-623.1962390827138,100.59106853985018,-522.6051705428636,-4.838936764285774,0.8442,-171.063976184763,0.9524065240573993,47.18747832154604,1.2049988135934831e-14
17280,86.4,0.6353427250981823,-0.7908043784542064,-624.5611049909595,101.97250737825827,-522.5885976127013,-4.838783311228716,0.8442,-216.85433160611612,0.9444043757989276,47.185068303389684,1.3350044167413795e-14
17290,86.45,0.6638521524907374,-0.9769921753357621,-629.157029833863,106.54827047476334,-522.6087593590996,-4.838969994065737,0.8442,-297.549389148852,0.9383404687732093,58.47599145728205,1.485823781618029e-14
17300,86.5,0.6352073084861359,-0.7905318811634102,-624.5410266821974,101.95077301202481,-522.5902536701726,-4.838798645094191,0.8442,-216.7058734418444,0.95152333964595,47.09204415479332,1.150621773690404e-14
17310,86.55,0.6251633854681924,-0.6744041266983053,-622.9307981003714,100.33872336764487,-522.5920747327265,-4.8388155067845044,0.8442,-168.88235495605863,0.9403134465735054,62.74567432210122,1.0909600775244718e-14
17320,86.60000000000001,0.6329054525999204,-0.6582446123752098,-624.1896849913942,101.58132514228723,-522.6083598491069,-4.838966294899138,0.8442,-165.18883891109422,0.9448560653869761,57.58873185931736,1.1969831323404948e-14
17330,86.65,0.6074368000998042,-0.47389793512381717,-620.0901581717601,97.49360641601857,-522.5965517557415,-4.83885696070131,0.8442,-86.18560551118301,0.9537429915641655,51.88055232938203,8.0383903865245e-15
17340,86.7,0.6226821314293958,-0.5817543090895644,-622.5342953819539,99.94048209441802,-522.5938132875359,-4.838831604514222,0.8442,-132.51986325394193,0.9721976032751005,31.893176392238527,1.0212844991097762e-14
17350,86.75,0.638488270908669,-0.7597470257227903,-625.0556073886409,102.47736748084137,-522.5782399077995,-4.8386874065536984,0.8442,-205.95382215520655,0.9527592666982491,53.26990123374471,1.2053975194117296e-14
17360,86.8,0.6772407085613042,-1.000031655105155,-631.3008592202096,108.69713372408934,-522.6037254961203,-4.838923384223336,0.8442,-310.7297255768898,0.9725729161962151,35.78492753661729,7.1007095118783775e-15
17370,86.85000000000001,0.6306373721487301,-0.6731448650633353,-623.8099916792108,101.21729822987118,-522.5926934493397,-4.838821235642034,0.8442,-170.1726279320356,0.9548732043836541,39.560922844150774,9.678563134129033e-15
17380,86.9,0.615996433075907,-0.5648900319769237,-621.459153972363,98.86742750868308,-522.5917264636798,-4.8388122820711095,0.8442,-123.88126653906335,0.9486089254788136,42.86671084568954,9.145872803873145e-15
17390,86.95,0.6171614470515093,-0.6628392644419969,-621.6313156420204,99.05441225176725,-522.5769033902532,-4.838675031391233,0.8442,-161.851187023903,0.9416583197881666,58.65204410569418,1.2089711931865068e-14
17400,87.0,0.6467089665188577,-0.8858152459917755,-626.4123699664967,103.79678912627666,-522.6155808402201,-4.839033155927964,0.8442,-257.0017191073583,0.9502764007513647,57.08595106106713,1.0011455746583538e-14
17410,87.05,0.6511178015940474,-0.9736652485382868,-627.0938633583504,104.50440715584462,-522.5894562025057,-4.838791261134312,0.8442,-292.1466005595066,0.9740538865311701,35.785444982435216,1.313915060903713e-14
17420,87.10000000000001,0.6807064980304733,-1.1602244443747813,-631.8627952359,109.25339293389098,-522.609402302009,-4.838975947240824,0.8442,-373.3338824491923,0.9764848360562027,30.377025563758117,1.3870680560535533e-14
17430,87.15,0.5849072163559788,-0.5496383649268588,-616.4591776076809,93.8776082251346,-522.5815693825463,-4.838718235023577,0.8442,-107.95484205099275,0.9556804431852529,51.18274225411757,1.803429071431869e-14
17440,87.2,0.5946977268747268,-0.5475995209044902,-618.0557738432998,95.44898516339364,-522.6067886799061,-4.838951747036168,0.8442,-110.34446868715594,0.959326728921383,47.324342045754996,2.0425689982195524e-14
17450,87.25,0.5758498745238506,-0.46490000599379044,-615.0040450267899,92.42390486107803,-522.5801401657118,-4.838705001534368,0.8442,-72.49807863223975,0.9540244735136253,47.52607098333469,2.0380985511143446e-14
17460,87.3,0.6432784376525978,-0.8735539022360197,-625.8497153428308,103.24618924324196,-522.6035260995889,-4.838921537959156,0.8442,-251.18438153712927,0.9686702311482887,36.33741394174132,2.0444480620723755e-14
17470,87.35000000000001,0.6991953733529774,-1.2018311865391786,-634.8207374311293,112.22085742315288,-522.5998800079764,-4.838887777851633,0.8442,-395.29275052616015,0.9888477751082845,27.717029719839616,1.8197923626319652e-14
17480,87.4,0.6393952586092466,-0.8548859047002135,-625.2104185734819,102.62293900678408,-522.5874795666978,-4.838772958950905,0.8442,-242.76154164127297,0.9530255579431026,47.4344207781064,2.2802866123355656e-14
17490,87.45,0.658982755292263,-0.9609373751335303,-628.3799751689447,105.76673222440822,-522.6132429445365,-4.839011508745709,0.8442,-289.80994744929313,0.9621114989124221,39.09799491867928,2.775241476947476e-14
17500,87.5,0.6450049209437437,-0.8159801805748251,-626.0997291021135,103.52328981147087,-522.5764392906426,-4.8386707341726165,0.8442,-229.64723781852445,0.9421875128165227,49.196649660609516,2.4637509942203806e-14
17510,87.55,0.6293585417392138,-0.5917123338854131,-623.6256932496726,101.01204594914381,-522.6136473005288,-4.839015252782674,0.8442,-138.5048633995528,0.9644982713938433,37.39859363839344,2.409426972349696e-14
17520,87.60000000000001,0.579250309732884,-0.20534866630515247,-615.5579037239698,92.96967471212788,-522.5882290118419,-4.838779898257796,0.8442,26.014767020917937,0.9625275203980077,46.354171192806646,2.7761847667056303e-14
17530,87.65,0.6209411449838717,-0.4515959833026772,-622.2542446951926,99.6610537699114,-522.5931909252812,-4.838825841900752,0.8442,-82.00162875936678,0.9500688429417646,55.47522854379405,2.4549993194990025e-14
17540,87.7,0.6395557209811469,-0.6160613152590529,-625.240522902431,102.64869321747408,-522.591829684957,-4.838813237823676,0.8442,-151.15377430817185,0.9688556660340724,41.24049396364119,2.0359580283655664e-14
17550,87.75,0.594608363095569,-0.4190795920586076,-618.014511454997,95.43464227683882,-522.5798691781581,-4.838702492390353,0.8442,-60.99016899699696,0.9558621648002588,47.58347950111692,2.1516425836457114e-14
17560,87.8,0.5983454490446483,-0.4444292231766548,-618.6399020109536,96.03444457166604,-522.6054574392875,-4.838939420734143,0.8442,-71.93005435675555,0.9636558625201881,41.93531901362465,2.076428726284717e-14
17570,87.85000000000001,0.6356452395898777,-0.7219961869059986,-624.6187240803245,102.02106095417538,-522.5976631261491,-4.838867251168047,0.8442,-190.54408515285957,0.9663865721421175,41.34925299263167,1.898968249600701e-14
17580,87.9,0.6207776809085641,-0.6572158901091891,-622.2392296137043,99.63481778582454,-522.6044118278797,-4.8389297391470345,0.8442,-160.8646221029589,0.9577079997708354,47.62816145266991,2.0419050916058583e-14
17590,87.95,0.6020455642952823,-0.531076420890501,-619.2230260435027,96.62831306939282,-522.5947129741099,-4.8388399349454625,0.8442,-106.38367973312583,0.9627048178230986,45.75575467728603,2.313430141313524e-14
17600,88.0,0.6498586264773311,-0.7703691207924308,-626.9364207648616,104.30230954961164,-522.63411121525,-4.839204733474537,0.8442,-213.71452762072238,0.9723795308336891,35.82419840357575,2.374346331825266e-14
17610,88.05,0.5357665329165052,-0.07614917229263152,-608.5342656099967,85.99052853309908,-522.5437370768976,-4.8383679358972005,0.8442,89.68967045836663,0.9255192647125599,61.9912058830045,2.008073696130794e-14
17620,88.10000000000001,0.6328707125348596,-0.5885013676981494,-624.203065897905,101.57574936184497,-522.6273165360601,-4.839141819778335,0.8442,-138.4104529767717,0.9412272916359374,66.10732142491781,2.0900814630482213e-14
17630,88.15,0.562821930642273,-0.15701678074468806,-612.8992328059693,90.33291986808483,-522.5663129378845,-4.838576971647079,0.8442,49.88711280764817,0.9502955447753126,40.93133734116614,1.8752255183148243e-14
17640,88.2,0.6084666938376796,-0.4608054407799097,-620.2861613537754,97.65890436094757,-522.6272569928278,-4.839141268452109,0.8442,-81.49445316774862,0.9598680382143807,37.43271961162968,1.7400886586512553e-14
17650,88.25,0.5882836438547387,-0.4577849718089928,-617.013187974983,94.41952483868558,-522.5936631362974,-4.838830214224976,0.8442,-73.79590315074904,0.9488198151101848,49.43118440875753,1.972918878034798e-14
17660,88.3,0.6293771865091539,-0.7640111306827623,-623.6125680290651,101.0150384347192,-522.5975295943458,-4.838866014762461,0.8442,-204.6383742912028,0.951288993379263,56.54206632840651,1.6779984397534546e-14
17670,88.35000000000001,0.6308935199115182,-0.7935122080306475,-623.8497852008153,101.25840994579868,-522.5913752550166,-4.838809030139043,0.8442,-216.4520414151026,0.9605443999105466,45.16468769830138,1.8972798734337087e-14
17680,88.4,0.6559631947772044,-0.8905968310613662,-627.8837608163167,105.28209276174131,-522.6016680545754,-4.838904333838661,0.8442,-261.83523898316145,0.961576440450535,47.00217131614205,2.689513844977816e-14
17690,88.45,0.6348555146759302,-0.699382798560146,-624.4772271539545,101.89431010548678,-522.5829170484677,-4.8387307134117385,0.8442,-181.60930190919794,0.9764700969253719,34.26785530284208,2.1248012573114016e-14
17700,88.5,0.6426757859184656,-0.720341676485166,-625.7443987972354,103.14946363991373,-522.5949351573216,-4.838841992197422,0.8442,-192.1869888248362,0.972752221680253,38.600629264763576,2.5163211588432304e-14
17710,88.55,0.6181264559550792,-0.5846043099009797,-621.7953868916331,99.20929618079022,-522.5860907108429,-4.838760099174471,0.8442,-132.1376413428108,0.9662433725017443,39.866529985421145,2.2792892384064874e-14
17720,88.60000000000001,0.5730763912991893,-0.3561041745278597,-614.5695227651223,91.97876080351989,-522.5907619616024,-4.838803351496319,0.8442,-29.844140293744715,0.960099255866128,49.12917959503268,2.3575776105450573e-14
17730,88.65,0.6109206319742497,-0.5942120131239186,-620.6454192071097,98.05276143186708,-522.5926577752426,-4.838820905326321,0.8442,-133.49034580186856,0.9764404089943509,34.830458765173326,2.6055020874089834e-14
17740,88.7,0.6806864262951358,-0.9928563446766441,-631.8522198996347,109.25017142036928,-522.6020484792655,-4.838907856289495,0.8442,-309.0922876383614,0.9571421724061331,50.701452373062374,2.9605768068035654e-14
17750,88.75,0.6561394424915963,-0.8033419912696129,-627.9022280280518,105.3103805199012,-522.5918475081506,-4.838813402853247,0.8442,-228.40434502830544,0.9782451654376824,29.61990579546154,2.7667116410794642e-14
17760,88.8,0.6267002787791324,-0.6018403569150343,-623.1768077990312,100.58539474405075,-522.5914130549804,-4.8388093801387075,0.8442,-141.530673930405,0.9521533041842503,37.011808181539486,3.017870067392319e-14
17770,88.85000000000001,0.6276430212433124,-0.6297760211567762,-623.3203150641293,100.73670490955165,-522.5836101545776,-4.8387371310609035,0.8442,-152.55769938328447,0.9663579587263802,41.82256870753851,3.0525594175792675e-14
17780,88.9,0.6614248849375337,-0.8053671602647257,-628.7611809904448,106.15869403247416,-522.6024869579707,-4.838911916277506,0.8442,-230.8940787413868,0.9806950463342268,31.490241527369793,3.2137421007988125e-14
17790,88.95,0.6473622737429979,-0.699544522001103,-626.5010240312107,103.90164493575116,-522.5993790954595,-4.838883139772774,0.8442,-185.7235605449498,0.9523823112522567,39.10954058676461,3.388255569684476e-14
17800,89.0,0.5963830036967837,-0.3952788754195895,-618.2884106433261,95.71947209333378,-522.5689385499923,-4.8386012828702984,0.8442,-52.43054915088804,0.9270829004068721,82.53868561300229,2.962881371305475e-14
17810,89.05,0.6101757818657367,-0.4159671808785518,-620.5213909361813,97.93321298945074,-522.5881779467306,-4.8387794254326915,0.8442,-64.83948386742244,0.9493382587401104,54.36853433251079,3.027918319885516e-14
17820,89.10000000000001,0.6790462959471091,-0.7958967230516669,-631.5965409014954,108.986930499511,-522.6096104019844,-4.838977874092448,0.8442,-232.968706530343,0.9577063343968885,43.14095692328359,3.0887616208817314e-14
17830,89.15,0.6263269255162078,-0.512009743166221,-623.1408411710005,100.52547154535137,-522.6153696256491,-4.839031200237492,0.8442,-106.9331392967006,0.933336487828109,70.23762597778354,3.2377613583728126e-14
17840,89.2,0.5976102267923449,-0.36703426361898484,-618.525004721651,95.91644140017135,-522.6085633214797,-4.838968178902589,0.8442,-41.98801991549409,0.9544722545719277,44.86188656555206,3.0307258479062663e-14
17850,89.25,0.6626737696648317,-0.8337580812206561,-628.9471109944024,106.3591400312055,-522.5879709631969,-4.83877750891849,0.8442,-242.19501967888954,0.957716350866281,45.8318095713834,3.0059304409482473e-14
17860,89.3,0.7027555036667267,-1.0746956092113065,-635.3964742884747,112.79225833850964,-522.604215949965,-4.838927925462639,0.8442,-347.65219454095563,0.9598911527328625,37.31746899612947,2.648783670918751e-14
17870,89.35000000000001,0.6629432796800151,-0.755874661425394,-628.9977909302115,106.40239638864243,-522.5953945415691,-4.83884624575527,0.8442,-212.3910497443906,0.9760619537626751,27.64573098580424,2.8558292267896386e-14
17880,89.4,0.6272816317273849,-0.5036045807095186,-623.2569921703567,100.67870189224529,-522.5782902781115,-4.838687872945477,0.8442,-104.01660218544086,0.9634859449613744,38.9259410411602,2.418033187498994e-14
17890,89.45,0.622336966956652,-0.4927261769321394,-622.4828269857888,99.88508319654264,-522.5977437892462,-4.838867998048577,0.8442,-98.23945045872499,0.9600799258213135,43.49844097530292,2.3744825996232126e-14
17900,89.5,0.6020393747112723,-0.34521347589965073,-619.2321125078752,96.62731964115922,-522.6047928667159,-4.838933267284407,0.8442,-35.0483478721858,0.9687279426908202,34.7785148149902,2.3006074091088066e-14
17910,89.55,0.6191465470405761,-0.445873267236555,-621.9687634656124,99.37302080001247,-522.5957426655999,-4.838849469125925,0.8442,-79.22382744385843,0.9522550704466071,53.39417566656563,2.1256150529322643e-14
17920,89.60000000000001,0.6032955184123944,-0.46729459892026604,-619.3894451610012,96.8289307051893,-522.5605144558119,-4.838523281998259,0.8442,-82.30950078467717,0.9290814640315065,77.5032653463199,1.9243477050652207e-14
17930,89.65,0.6323037928641494,-0.6728423759759528,-624.0773904437266,101.48475875469597,-522.5926316890307,-4.838820663787321,0.8442,-170.59645435101936,0.934574200921414,51.93626865875454,1.4339462234531437e-14
17940,89.7,0.588995414397254,-0.43076609424123513,-617.1217425290805,94.53376401075927,-522.5879785183213,-4.838777578873345,0.8442,-63.6567983370221,0.9430205820542108,64.02020082616662,2.1126118592617984e-14
17950,89.75,0.5930003380156044,-0.4831801061844051,-617.755188209902,95.1765542515045,-522.5786339583975,-4.838691055170347,0.8442,-85.07064550785503,0.9456788992251967,55.050247878741494,2.2992345088221624e-14
17960,89.8,0.6354891222389811,-0.6824523077387762,-624.6065688865167,101.99600411935647,-522.6105647671602,-4.838986710807039,0.8442,-175.31674780046535,0.9644128729223632,38.59451027170896,2.2149158028827208e-14
17970,89.85000000000001,0.566788228680943,-0.20536461307908804,-613.5650276654119,90.96951070329135,-522.5955169621205,-4.838847379278894,0.8442,30.046360984714006,0.954264942119857,47.123064426223266,2.6176789409658348e-14
17980,89.9,0.5656572621293582,-0.1913771758890882,-613.3602140534548,90.78799057176198,-522.5722234816928,-4.838631698904563,0.8442,35.781106928237634,0.9553991353226512,44.87963718715821,3.06043705215143e-14
17990,89.95,0.6479195684007024,-0.668564746709481,-626.6009631684705,103.99109072831274,-522.6098724401577,-4.838980300371831,0.8442,-174.01423157802907,0.9633955099555915,39.074061948545165,2.640862435541792e-14
18000,90.0,0.6006528080828338,-0.41154692424364436,-618.9910929555738,96.40477569729484,-522.586317258279,-4.8387621968359165,0.8442,-60.057566599963764,0.9467096905808945,54.12667904674141,3.819954052720129e-15
18010,90.05,0.6569859966491146,-0.7715827066766378,-628.0567316840253,105.4462524621829,-522.6104792218424,-4.838985918720763,0.8442,-216.48956412601189,0.9653550621631137,41.72740999999659,8.147880751520279e-15
18020,90.10000000000001,0.6645549978585942,-0.8656321435405232,-629.2805637026516,106.66107715630437,-522.6194865463473,-4.839069319873586,0.8442,-255.03765321617618,0.9592535969346859,50.25632970247899,8.071911221177776e-15
18030,90.15,0.5965266106024637,-0.4851008907255614,-618.3073762271958,95.74252100169542,-522.5648552255004,-4.838563474310189,0.8442,-86.9503459228165,0.959335615024374,44.845278966693556,9.140353965549722e-15
18040,90.2,0.7058795269037509,-1.1255660488252606,-635.8961250490262,113.29366406805202,-522.6024609809741,-4.8389116757497606,0.8442,-368.18821416892365,0.9704656870669148,38.232387890914914,1.1501931967973576e-14
18050,90.25,0.6781748756226077,-0.884613808523893,-631.4562279207056,108.84706753742853,-522.6091603832771,-4.838973707252565,0.8442,-266.7355675925408,0.9713111861956734,37.221834382086605,7.56989756821848e-15
18060,90.3,0.6265179258392092,-0.5664363195814388,-623.1638087214805,100.55612709719307,-522.6076816242874,-4.838960015039698,0.8442,-127.88368812361148,0.941543494103649,68.36028243506993,7.741765939973308e-15
18070,90.35000000000001,0.5791602609451574,-0.36141141734336685,-615.5194936320368,92.95522188169777,-522.564271750339,-4.838558071762399,0.8442,-33.852208956247935,0.950391757270824,51.81975984973834,1.202223394292684e-14
18080,90.4,0.6370896599878328,-0.7028338943999453,-624.8504407222916,102.25289042804718,-522.5975502942445,-4.8388662064281895,0.8442,-183.6576793850601,0.9617376531029661,45.65246738019722,1.3588898522980006e-14
18090,90.45,0.6764431290064347,-0.9657505199833184,-631.1700854088574,108.56912220553276,-522.6009632033247,-4.838897807438191,0.8442,-297.3143709483817,0.9289845324744629,81.44458389378845,2.0387334680873924e-14
18100,90.5,0.6347749253245336,-0.6768271564417812,-624.4744938092148,101.88137551458765,-522.5931182946272,-4.838825169394696,0.8442,-172.92644131903484,0.9476282132505995,50.479539913512994,1.821884524868035e-14
18110,90.55,0.6397908865601741,-0.6390626386635814,-625.3034691280728,102.68643729290794,-522.6170318351649,-4.839046591066341,0.8442,-160.05776798310103,0.9595746189279262,43.57731996097701,2.272529598382405e-14
18120,90.60000000000001,0.6541962964539658,-0.7317177460706733,-627.5758518308702,104.99850558086152,-522.5773462500086,-4.838679131944525,0.8442,-200.2857163820297,0.9606817908293396,42.30446244865452,2.2909903380593787e-14
18130,90.65,0.6539391318232698,-0.7110202281503671,-627.5646212387642,104.9572306576348,-522.6073905811294,-4.838957320195642,0.8442,-192.25878475244087,0.9483209393813553,45.43900279744518,2.2704603743438337e-14
18140,90.7,0.5933751459024458,-0.3692542940487678,-617.822425366803,95.23671091734255,-522.5857144494605,-4.838756615272782,0.8442,-41.467890972328725,0.9723209747278752,30.27254655248681,2.415111504153441e-14
18150,90.75,0.6207784413892491,-0.5656030905728844,-622.2389895557193,99.63493984297448,-522.6040497127448,-4.838926386229118,0.8442,-125.70430577687816,0.9497684613684287,48.20624112577833,2.2213587598954518e-14
18160,90.8,0.6233459708282839,-0.6012937531956644,-622.6474698020987,100.04702831793956,-522.6004414841592,-4.838892976705178,0.8442,-140.23409421086185,0.9606142647644953,46.95134335468714,1.6471010766985842e-14
18170,90.85000000000001,0.6584580075039204,-0.7790481092236827,-628.284322252431,105.68251020437921,-522.6018120480518,-4.83890566711159,0.8442,-219.83168212157892,0.9495477116675888,46.54873637224514,1.8575199951999194e-14
18180,90.9,0.6613217851091243,-0.7944657007904947,-628.7332606526749,106.14214651001446,-522.5911141426604,-4.838806612432041,0.8442,-226.67674538768244,0.9673066188671086,28.318866600014005,2.0542562295962587e-14
18190,90.95,0.6429568147769383,-0.6867402616577301,-625.7755075568487,103.1945687716986,-522.58093878515,-4.838712396158797,0.8442,-179.38197678278846,0.9599070620488841,45.455572034588336,2.13335782447355e-14
18200,91.0,0.6141772909918244,-0.49543818603414613,-621.1691943321056,98.57545520418782,-522.5937391279177,-4.83883091785109,0.8442,-96.63657181789314,0.9499522102026424,49.30771234921261,2.3436095413612557e-14
18210,91.05,0.6151752942859763,-0.47446493011491386,-621.3329725520335,98.73563473289919,-522.5973378191344,-4.8388642390660594,0.8442,-88.91048764540776,0.9584674600816198,43.73114434685973,2.0198756639728343e-14
18220,91.10000000000001,0.6319658675129924,-0.5809403506939887,-624.0117623146702,101.43052173583528,-522.5812405788349,-4.838715190544768,0.8442,-135.2154003309471,0.9561337584999505,47.51090515066303,1.9749881550651617e-14
18230,91.15,0.6147650252812542,-0.5124727423324427,-621.2545798864268,98.6697865576413,-522.5847933287855,-4.8387480863776435,0.8442,-103.36478052872037,0.9700942407224639,37.61299735287426,1.829937224681348e-14
18240,91.2,0.6165268597647715,-0.5609321965285006,-621.5420126987561,98.95256099224582,-522.5894517065103,-4.838791219504725,0.8442,-122.53412610669007,0.9663918463582435,38.504660626470745,1.8435490678093165e-14
18250,91.25,0.633928388308817,-0.7139279345071075,-624.3402312149985,101.74550632356514,-522.5947248914334,-4.83884004529105,0.8442,-186.89126791391442,0.9586866075044965,44.01685254173014,1.9327449146885298e-14
18260,91.3,0.6109669941852717,-0.6098665793917284,-620.650336214838,98.06020256673611,-522.590133648102,-4.838797533778722,0.8442,-139.51351625889163,0.9478596578977503,53.48550288635818,2.13174565927987e-14
18270,91.35000000000001,0.6184178899034616,-0.6001990738094486,-621.832493423144,99.25607132950559,-522.5764220936384,-4.838670574941096,0.8442,-138.21726317774642,0.9617862513765201,44.89331747022847,2.504660436892148e-14
18280,91.4,0.6785603604558501,-0.87029777254902,-631.5208737367748,108.90893785316395,-522.6119358836108,-4.83899940632973,0.8442,-261.3660372254684,0.9779427926909416,35.51667651696879,2.284882411356978e-14
18290,91.45,0.6233747195042175,-0.5317338521832984,-622.6237089800082,100.0516424804269,-522.5720664995813,-4.8386302453664936,0.8442,-113.54664506709703,0.9474762598230926,59.20883984519425,1.8208503790763272e-14
18300,91.5,0.6350741911307601,-0.5853290993125937,-624.5169587270258,101.929407676487,-522.5875510505388,-4.838773620838322,0.8442,-137.90687831604384,0.9566561476107589,44.501952109682186,1.8383770156344386e-14
18310,91.55,0.605648859312515,-0.4332903800939141,-619.7864342605244,97.20664191965865,-522.5797923408658,-4.838701780933942,0.8442,-70.02132355882513,0.9624612574238971,43.60268452184571,2.3391702964988004e-14
18320,91.60000000000001,0.6471950179707079,-0.7807498468930982,-626.4608003036635,103.87480038429862,-522.5859999193649,-4.8387592585126376,0.8442,-216.835592447775,0.9407768585520327,68.47925154260592,2.1372680843328505e-14
18330,91.65,0.6915313298854897,-1.1595601585866007,-633.582370879711,110.9907784466211,-522.5915924330899,-4.838811041047129,0.8442,-376.5861782007665,0.9690503861154581,41.73869829667222,2.1538433979943802e-14
18340,91.7,0.6646082293844833,-1.0090591225731447,-629.2628216227772,106.66962081620956,-522.5932008065677,-4.838825933394145,0.8442,-310.1015019914851,0.968298132383514,35.52403848451109,1.7680475955625397e-14
18350,91.75,0.6090262118285469,-0.6513207737502473,-620.324044389389,97.74870699848178,-522.5753373909072,-4.838660531397289,0.8442,-154.7946281154693,0.9643143357383648,39.33882852628018,2.1796098498446396e-14
18360,91.8,0.614926047690601,-0.6475514446407539,-621.28030140767,98.69563065434146,-522.5846707533285,-4.838746951419709,0.8442,-155.25952410383917,0.9634485531652648,34.38329145762459,1.7483104669075625e-14
18370,91.85000000000001,0.6258250552835044,-0.6416754686669259,-623.0279128405529,100.44492137300246,-522.5829914675504,-4.838731402477318,0.8442,-156.53563054839822,0.9566738484058098,37.1599454102819,2.2758099557747045e-14
18380,91.9,0.6759553239690556,-0.8606609497076827,-631.1037843613727,108.49082949703342,-522.6129548643394,-4.839008841336476,0.8442,-256.8234380019544,0.9748019218268302,32.314304934405826,2.5823162651361057e-14
18390,91.95,0.6213784252518905,-0.516709751731856,-622.3022270535174,99.73123725292842,-522.570989800589,-4.83862027593138,0.8442,-107.13366645160391,0.940998708855257,65.17218601949767,2.8135393154777637e-14
18400,92.0,0.6235774516340735,-0.5350300017191466,-622.6716472930678,100.0841809872688,-522.587466305799,-4.8387728361648055,0.8442,-114.87737700734667,0.9583141689882274,46.32968380622431,2.3366700237255086e-14
18410,92.05,0.6231653973041364,-0.5238137106454499,-622.6180476335048,100.0180462673139,-522.6000013661909,-4.838888901538804,0.8442,-110.43911150409434,0.9725126314635852,34.4354616655363,2.600559690419652e-14
18420,92.10000000000001,0.6087393415526594,-0.4488965887863059,-620.2807461832568,97.70266431920183,-522.578081864055,-4.838685943185694,0.8442,-77.01222949467564,0.9649846041870862,37.47583303789524,2.3390228112653602e-14
18430,92.15,0.6297245073745176,-0.556132838961864,-623.6760954660648,101.07078343361007,-522.6053120324548,-4.838938074374581,0.8442,-124.96819301115066,0.9707243989702622,40.565773342425196,2.6753898884024372e-14
18440,92.2,0.6248916693115928,-0.5833829986680538,-622.8844587817301,100.29511292451065,-522.5893458572195,-4.8387902394186995,0.8442,-133.86083694808954,0.9738572391735825,35.11694215416455,2.951815579808291e-14
18450,92.25,0.6264087748291539,-0.6081789142578061,-623.1331631173035,100.5386083600792,-522.5945547572244,-4.8388384699742994,0.8442,-143.86893522566294,0.9594169866478238,41.56541067500736,2.966634805106006e-14
18460,92.3,0.5937086614399966,-0.41533862443889835,-617.8723694392683,95.29024016111944,-522.5821292781488,-4.838723419242119,0.8442,-59.26289983639603,0.956725516608663,41.314922876367866,3.360217960793837e-14
18470,92.35000000000001,0.6219532449077657,-0.6516994327906303,-622.3916499792298,99.82349580769639,-522.5681541715334,-4.8385940201067905,0.8442,-159.12831439660943,0.9560708790657955,43.72002604531376,3.6277089463884277e-14
18480,92.4,0.6942547931622975,-1.1343908410162262,-634.0326457261795,111.42789430254876,-522.6047514236307,-4.838932883552136,0.8442,-367.8087142839717,0.9578947354735828,43.47291232514335,3.923080512182394e-14
18490,92.45,0.6560816264250355,-0.8538927049785312,-627.9020731065392,105.3011010412182,-522.600972065321,-4.838897889493713,0.8442,-247.78673941933954,0.9690970540673601,41.955634590429185,4.2477457920859665e-14
18500,92.5,0.5946115756988116,-0.38760413162363205,-618.0195212508004,95.43515789965927,-522.5843633511411,-4.838744105103158,0.8442,-48.911075811587,0.9576080665054473,43.52018979770563,3.9842933027587784e-14
18510,92.55,0.6018435765917615,-0.4102369267706367,-619.1787484719944,96.59589404297772,-522.5828544290166,-4.838730133602006,0.8442,-59.94060471169342,0.9704310093672708,34.20457386755435,3.5624909095378594e-14
18520,92.60000000000001,0.6318920694087556,-0.638795763956312,-624.0262845873216,101.41867714010527,-522.6076074472163,-4.838959328214965,0.8442,-157.39612596525572,0.9304716091596292,80.60471835240386,3.620942493579942e-14
18530,92.65,0.6665242782046441,-0.8705167678458055,-629.570525798296,106.97714665184537,-522.5933791464506,-4.838827584689358,0.8442,-257.55039594371385,0.9531219837599629,44.963379721710176,3.824715298543398e-14
18540,92.7,0.7023537796463251,-1.0892699320683734,-635.310325777405,112.72778163323517,-522.5825441441698,-4.8387272605941645,0.8442,-353.11559270519433,0.964302666002276,41.1678033944313,3.812545309343325e-14
18550,92.75,0.6650493004075251,-0.8842171159615059,-629.3288826917695,106.74041271540777,-522.5884699763618,-4.838782129410758,0.8442,-262.3306324782278,0.9728450330625933,32.61688414164745,3.901056767221039e-14
18560,92.8,0.6247683487668301,-0.6864231832814938,-622.8719414750198,100.27531997707622,-522.5966214979435,-4.838857606462439,0.8442,-173.3672206020751,0.9605461361401153,41.381697475295056,3.532428893462151e-14
18570,92.85000000000001,0.644719100113599,-0.7893978455701496,-626.076899286731,103.47741556823264,-522.5994837184983,-4.8388841085046135,0.8442,-219.35245638801896,0.968725131293591,39.81303543215378,3.799469657237685e-14
18580,92.9,0.6262567558020938,-0.6805692590825294,-623.074289632677,100.51420930623607,-522.560080326441,-4.838519262281862,0.8442,-171.6027558337104,0.9185542967694602,78.63198027973124,4.3140415375137314e-14
18590,92.95,0.6469719431937371,-0.7451912751745056,-626.4435084865867,103.8389968825948,-522.6045116039919,-4.838930662999925,0.8442,-203.11610319371096,0.9608386278435995,39.96127453088424,4.236007811664132e-14
18600,93.0,0.6198108758072024,-0.5595932520043095,-622.060747441043,99.47964556705598,-522.581101873987,-4.838713906240621,0.8442,-123.08426667681638,0.9575900362810766,46.46050371297787,4.7004016087930833e-14
18610,93.05,0.7000970789540654,-1.0319471448268747,-634.9801078064605,112.36558117212749,-522.6145266343331,-4.839023394762343,0.8442,-330.3842048291542,0.9820791748752824,27.90188707731126,4.7572635573589724e-14
18620,93.10000000000001,0.6767475001161474,-0.9080972658202494,-631.2210983751439,108.61797376864165,-522.6031246065023,-4.838917820430577,0.8442,-275.2859386818467,0.9413654262269384,66.51432416802696,4.2814610550652427e-14
18630,93.15,0.5972427279874936,-0.38333262928424877,-618.4317468918636,95.85745784199271,-522.5742890498708,-4.838650824535841,0.8442,-48.12418659216259,0.9566447317994035,43.62352451519865,4.186568224312866e-14
18640,93.2,0.6228586605823997,-0.4993746293712171,-622.5983324173451,99.96881502347514,-522.62951739387,-4.839162198091389,0.8442,-100.96012405281476,0.9662711785183855,40.532243447668144,4.6837638705653196e-14
18650,93.25,0.6185402878103432,-0.48497486178494875,-621.8985384885194,99.27571619356009,-522.6228222949593,-4.839100206434808,0.8442,-94.03440802194284,0.9640674575572845,41.54314705273489,3.8161494089830735e-14
18660,93.3,0.5928164751426395,-0.3011993829073924,-617.7523403554718,95.14704426039364,-522.6052960950782,-4.838937926806279,0.8442,-15.16772598421636,0.9626991283092271,41.77019373601339,4.04997505266027e-14
18670,93.35000000000001,0.5606262450383268,-0.18948946074058515,-612.5448894574839,89.98051232865146,-522.5643771288325,-4.8385590474891895,0.8442,38.135652684773504,0.9445864583248756,60.806831908884575,4.043731749340616e-14
18680,93.4,0.6782967899400137,-0.9854159033192404,-631.4743189539151,108.8666347853722,-522.607684168543,-4.83896003859762,0.8442,-305.4624389681875,0.9721536728025708,39.51259898625089,3.328972154320204e-14
18690,93.45,0.7157954129478532,-1.2812574392012253,-637.476647654452,114.88516377813043,-522.5914838763216,-4.838810035891867,0.8442,-431.15458655142106,0.9536480072189734,43.233696407193804,4.433861770967485e-14
18700,93.5,0.6671966726424,-0.9681422657908092,-629.675479347246,107.08506595910521,-522.5904133881407,-4.838800123964266,0.8442,-295.23645990807273,0.9567590538824391,41.7926074616776,4.3901705602151145e-14
18710,93.55,0.6633488216856213,-0.8694019111188611,-629.0825142657408,106.46748588054221,-522.6150283851986,-4.83902804060369,0.8442,-256.0936712493543,0.9542911766735017,45.680534172372624,3.910609905700923e-14
18720,93.60000000000001,0.6354743760620017,-0.665624761166572,-624.5885129854346,101.99363735795129,-522.5948756274834,-4.838841440995217,0.8442,-168.85363659989852,0.9690161823122118,33.216112178362636,3.98776536265227e-14
18730,93.65,0.6162620506535564,-0.5189717627100234,-621.506128792202,98.9100591298958,-522.5960696623063,-4.838852496873206,0.8442,-106.34411028445197,0.9615698454733039,45.10274730156093,4.3169976960032165e-14
18740,93.7,0.636283936708536,-0.5730159876817639,-624.7321026305177,102.12357184172004,-522.6085307887977,-4.838967877674053,0.8442,-133.57312139806334,0.9707785199829656,35.943440109783225,4.24139729529671e-14
18750,93.75,0.5691215689318531,-0.20532621174590426,-613.9234173813826,91.34401181356242,-522.5794055678202,-4.838698199702039,0.8442,29.305096994960884,0.9395876190317046,64.24858120129646,4.725026238382449e-14
18760,93.8,0.6095111223760444,-0.5582228077300944,-620.4323198529605,97.82653514135512,-522.6057847116053,-4.8389424510333825,0.8442,-119.22117648120067,0.9520356260745708,55.2097095995261,4.0303733634173586e-14
18770,93.85000000000001,0.6672925182861792,-0.9913458170916755,-629.6984657186341,107.10044918493176,-522.5980165337023,-4.838870523460207,0.8442,-304.172928041979,0.9738170726422299,33.46125788006418,3.726183700511231e-14
18780,93.9,0.6194541869876793,-0.6971780984503815,-621.9998462631567,99.42239701152252,-522.5774492516341,-4.838680085663278,0.8442,-175.7731181779539,0.9414069732948783,53.38545578443209,3.754922153854512e-14
18790,93.95,0.6183169713966977,-0.6668728137455882,-621.8288015365176,99.23987390916999,-522.5889276273476,-4.838786366919885,0.8442,-163.77363421376205,0.9584958455353653,39.62009512207334,3.2315119514523825e-14
18800,94.0,0.6582306082540225,-0.9021678576013558,-628.254430092428,105.6460126247706,-522.6084174676574,-4.838966828404235,0.8442,-267.010786657962,0.9704589629427836,35.03700821894973,2.985080866143529e-14
18810,94.05,0.6457709442261044,-0.7995735471129702,-626.226693282081,103.64623654828975,-522.5804567337913,-4.83870793272029,0.8442,-223.59864040010333,0.9480857194492599,59.1580139278893,3.118142204134712e-14
18820,94.10000000000001,0.6390294102884935,-0.6314023434192781,-625.1593401275134,102.5642203513032,-522.5951197762101,-4.838843701631576,0.8442,-156.87106428946757,0.9421193615105039,60.27009637275024,3.211766342954582e-14
18830,94.15,0.590440990817219,-0.25205202665260085,-617.3423227945426,94.76577902616366,-522.576543768379,-4.838671701559065,0.8442,4.464455725839265,0.9721939023210777,37.400869659365675,3.546923657876384e-14
18840,94.2,0.6455454037581178,-0.6668569921635197,-626.2108908468505,103.6100373031779,-522.6008535436725,-4.838896792071042,0.8442,-172.5895740498806,0.9617233045960469,43.42699033666623,3.595306035533682e-14
18850,94.25,0.6491030007371112,-0.8336426681141316,-626.7571304844508,104.18103161830635,-522.5760988661445,-4.838667582093931,0.8442,-237.7537955374074,0.931788160172719,64.56042992137728,3.713741654061109e-14
18860,94.3,0.6992163984883727,-1.1576549753386365,-634.8427832661878,112.22423195738382,-522.618551308804,-4.8390606602667035,0.8442,-378.3449400344257,0.9790534755052901,32.91547194553768,3.35537244306815e-14
18870,94.35000000000001,0.6192154201448982,-0.6681265708531242,-621.9736395271773,99.38407493325616,-522.5895645939211,-4.838792264758529,0.8442,-164.54591770488787,0.9429313917795454,47.29319882423185,3.332592904838561e-14
18880,94.4,0.6054446186956344,-0.500939425624502,-619.777497094888,97.17386130064932,-522.6036357942387,-4.838922553650359,0.8442,-95.91853594331789,0.9546956133809427,50.027023239603444,3.211539592970233e-14
18890,94.45,0.6088400058702181,-0.45555377462571744,-620.3176788233369,97.71882094217001,-522.5988578811669,-4.838878313714508,0.8442,-79.59984143099342,0.9645635051865558,35.74808716629557,3.420043615385409e-14
18900,94.5,0.5901982835424997,-0.3493343262489359,-617.3139115095131,94.7268245085712,-522.5870870009419,-4.838769324082795,0.8442,-32.793397367344255,0.9755459133475389,36.90883892088027,3.6050507581556797e-14
18910,94.55,0.6210351105830026,-0.5674869771136453,-622.2796177593035,99.67613524857192,-522.6034825107316,-4.8389211343586265,0.8442,-126.51049341300386,0.9732778715458359,36.96046290687774,3.850653755548935e-14
18920,94.60000000000001,0.6594519015939085,-0.8716170246234997,-628.4346163628633,105.84203020582233,-522.592586157041,-4.838820242194823,0.8442,-255.68121931199536,0.9577777939540407,50.28159423706389,3.893864909349044e-14
18930,94.65,0.6583581899282971,-0.9034839420639947,-628.265550205255,105.66648948349169,-522.5990607217633,-4.838880191868179,0.8442,-267.5572301636573,0.9615565581775091,38.25123039334751,4.446193718303869e-14
18940,94.7,0.6077572540277177,-0.5950608510795627,-620.1240580530988,97.5450392714487,-522.5790187816501,-4.838694618348613,0.8442,-132.79119137281256,0.9582221552979487,39.135053957663914,3.16497791413916e-14
18950,94.75,0.6417240078948321,-0.768207141886925,-625.608073448254,102.99670326712055,-522.6113701811335,-4.838994168343828,0.8442,-210.24915383753842,0.9751214252454176,31.48101014856574,2.888714119299626e-14
18960,94.8,0.6171734354497335,-0.5878384631363232,-621.649551209222,99.05633638968223,-522.5932148195398,-4.838826063143887,0.8442,-133.07011553993556,0.9309401223884372,71.59368103525262,3.7658046551068055e-14
18970,94.85000000000001,0.6223502517558017,-0.5255264450713355,-622.489526218421,99.88721540680618,-522.6023108116149,-4.83891028529273,0.8442,-110.83234378494011,0.9656108201374033,36.354252280761926,3.867633646815424e-14
18980,94.9,0.617276498404665,-0.528427637408587,-621.6777699831101,99.07287799394874,-522.6048919891614,-4.8389341850848275,0.8442,-110.30191170920439,0.9634112709770628,37.09640217230045,4.254722430014813e-14
18990,94.95,0.6786925913231097,-1.0824211093020848,-631.513806351219,108.93016090735911,-522.58364544386,-4.838737457813518,0.8442,-342.82082163744485,0.9469321837013545,56.454539640871964,4.0292990044813234e-14
19000,95.0,0.7415392803531594,-1.5160591972028543,-641.6447144336737,119.01705449668208,-522.6276599369917,-4.83914499941659,0.8442,-529.6114128962695,0.9745707444695753,32.897919658786414,1.4087150935148696e-15
19010,95.05,0.6647076897138273,-1.0439991071347965,-629.2865620243166,106.68558419906928,-522.6009778252474,-4.838897942826365,0.8442,-323.5435293153723,0.969179623509527,40.249604870855556,6.490117766859424e-15
19020,95.10000000000001,0.642640129575124,-0.8733369444348086,-625.7442481491235,103.14374079680739,-522.6005073523161,-4.838893586595519,0.8442,-250.8943023336354,0.9347525478781177,55.64149151940738,7.346162112673928e-15
19030,95.15,0.6085568923456967,-0.562546914115407,-620.2700418898493,97.67338122148432,-522.596660668365,-4.838857969151527,0.8442,-120.57157769839631,0.9690349198428702,37.349027140891835,1.0553544383565723e-14
19040,95.2,0.649457255999011,-0.7612394271951747,-626.8450566510177,104.23788958784127,-522.6071670631763,-4.8389552505849664,0.8442,-210.08055000897457,0.9461945544111728,46.18834164770474,1.536165174145929e-14
19050,95.25,0.6998410927788061,-1.0269061585580448,-634.9347931833753,112.32449539099838,-522.610297792377,-4.8389842388183055,0.8442,-328.3665584248108,0.9548148469124411,49.683201904358434,1.7278865724429507e-14
19060,95.3,0.6656440894451003,-0.760356446484716,-629.4536736691848,106.83587635593861,-522.6177973132462,-4.839053678826354,0.8442,-214.98620019074724,0.9472532704295972,61.08015150566873,1.6857942418746735e-14
19070,95.35000000000001,0.5698792855860788,-0.18729345280968157,-614.0453244988098,91.46562533656565,-522.5796991622442,-4.838700918168928,0.8442,35.98048509007934,0.9468642822673308,53.234217827391724,1.824335368537151e-14
19080,95.4,0.6521678546559011,-0.7698671484474509,-627.2880851491187,104.67294067227212,-522.6151444768466,-4.839029115526357,0.8442,-214.2700629192435,0.9514879000627778,56.17898254593226,2.853186773299554e-14
19090,95.45,0.6713287014558327,-0.9879364520800665,-630.3338015855611,107.74825658366115,-522.5855450019,-4.838755046313889,0.8442,-304.1721530902482,0.9210004039375708,88.23301443413371,2.6479517381578267e-14
19100,95.5,0.6627301185772598,-0.9041838616503941,-628.9652988436275,106.3681840316502,-522.5971148119772,-4.838862174184975,0.8442,-269.24236089997646,0.9400448044342744,53.59833823640639,2.2315206618374916e-14
19110,95.55,0.6641004156361158,-0.9240643362211053,-629.2194972850997,106.58811670959658,-522.6313805755032,-4.8391794497731775,0.8442,-277.3163700313272,0.9456747987485243,58.69663925253249,2.0103698912030956e-14
19120,95.60000000000001,0.6263069013433965,-0.7524738839761672,-623.1497355671419,100.52225766561514,-522.6274779015267,-4.839143313903025,0.8442,-199.21566073078714,0.932166636330665,60.91314160249706,2.0370115525402155e-14
19130,95.65,0.6617788916377827,-0.9211935665006422,-628.823699238744,106.21551210786411,-522.6081871308799,-4.838964695656295,0.8442,-275.4624083034508,0.951784989329164,57.303540632538585,2.55788373603499e-14
19140,95.7,0.664272471725706,-0.9263637088412757,-629.2152002033778,106.61573171197581,-522.5994684914019,-4.838883967512981,0.8442,-278.2546046300062,0.9589998391515138,47.78513654187376,2.5443250192280717e-14
19150,95.75,0.6387326033112071,-0.7299196152972133,-625.1252690575235,102.51658283144873,-522.6086862260747,-4.838969316908099,0.8442,-194.58536564765052,0.9434906992232652,47.7854740768063,2.1690840280061816e-14
19160,95.8,0.6383044585411056,-0.6314601676705958,-625.0477685989893,102.44786559584745,-522.5999030031418,-4.838887990769831,0.8442,-156.6583725997258,0.9438587864609768,59.76464245150017,2.513153573091419e-14
19170,95.85000000000001,0.6590569009022756,-0.7054417059443399,-628.3692204695857,105.77863259481524,-522.5905878747704,-4.838801739581208,0.8442,-191.77593127927352,0.9587247690600433,42.74739315419393,2.502691180073463e-14
19180,95.9,0.7096136319119788,-1.0560369717241924,-636.4958274919617,113.89298792187259,-522.6028395700891,-4.838915181204529,0.8442,-342.71313054938855,0.9736163886732218,33.82439985522474,2.2902369883095252e-14
19190,95.95,0.6883343414145849,-0.936744611020155,-633.0917294068395,110.47766179704088,-522.6140676097986,-4.839019144535172,0.8442,-290.03479197039337,0.965787864525251,43.715202698690966,2.878867388547261e-14
19200,96.0,0.6138255168606568,-0.4588661667384095,-621.1222651558938,98.51899545613541,-522.6032696997585,-4.838919163886652,0.8442,-82.48642754687333,0.9589410969327711,49.04263824934513,2.720023752624518e-14
19210,96.05,0.6594639763604003,-0.682242610513003,-628.4421576521651,105.84396820584425,-522.5981894463208,-4.838872124502971,0.8442,-183.00411972420775,0.9743813479624706,33.35619646890394,3.1962856193835153e-14
19220,96.10000000000001,0.6537038414985227,-0.597343704305771,-627.5252703087816,104.91946656051289,-522.6058037482687,-4.838942627298785,0.8442,-148.5540340730921,0.9496648417530977,52.17305574319924,3.754261470112419e-14
19230,96.15,0.663183535653297,-0.6997595166917218,-629.0494365696524,106.44095747235417,-522.6084790972982,-4.838967399049057,0.8442,-190.93216335764228,0.9610865337267691,37.203895506394865,3.313457780520606e-14
19240,96.2,0.637554727689256,-0.6986210919021578,-624.8956761610235,102.32753379412559,-522.568142366898,-4.838593910804611,0.8442,-182.1915074832173,0.9305185463777721,50.390060016602554,3.3257723976982656e-14
19250,96.25,0.6679991374898625,-0.9874463671601577,-629.8344270847498,107.21386156712293,-522.6205655176268,-4.839079310348397,0.8442,-302.90528207191863,0.9726079776242301,29.965631244146042,3.2783321045294476e-14
19260,96.3,0.6436622845271094,-0.8781952853965744,-625.9409118524242,103.30779666660106,-522.633115185823,-4.839195510979843,0.8442,-253.0900890095453,0.9676680818819455,41.06000313280545,3.637433575171723e-14
19270,96.35000000000001,0.6023428772876998,-0.5678349428237228,-619.277427286731,96.6760318046758,-522.6013954820553,-4.83890181001903,0.8442,-120.587757432605,0.9461089321318108,48.72504654911866,3.674901101248208e-14
19280,96.4,0.6156963514223737,-0.5955744533092573,-621.4205435767311,98.81926440329097,-522.6012791734402,-4.838900733087409,0.8442,-135.56057705521624,0.9517439294464145,40.79448507652537,3.7826084183485645e-14
19290,96.45,0.638531369379839,-0.772169046362725,-625.0879305882676,102.48428478546417,-522.6036458028034,-4.838922646322254,0.8442,-210.73529931186616,0.9175955996393799,76.46646378542692,3.4381417565691535e-14
19300,96.5,0.6180124794264323,-0.6629903158027355,-621.7905803196032,99.1910029479424,-522.5995773716609,-4.838884975663526,0.8442,-162.18489431707303,0.9671526997648936,37.45027948062851,4.033961405371725e-14
19310,96.55,0.6010037179188629,-0.5331686859087342,-619.0539638063157,96.46109672597748,-522.5928670803382,-4.838822843336465,0.8442,-106.84912300670109,0.9630693398278418,37.245425782954534,3.892139340384385e-14
19320,96.60000000000001,0.6385538204762707,-0.7183826506172636,-625.0824783442775,102.48788818644145,-522.5945901578361,-4.838838797757742,0.8442,-190.09960708292445,0.9613388766598341,43.08451427125254,3.6230672880762885e-14
19330,96.65,0.6280206173115658,-0.6722960586529882,-623.3754880947537,100.7973090785063,-522.5781790162474,-4.838686842743032,0.8442,-168.99903144611108,0.939528001660659,64.71010421630174,3.668850371475837e-14
19340,96.7,0.6548177398658811,-0.8256289447894513,-627.6920982695943,105.09824724847391,-522.5938510211204,-4.838831953899263,0.8442,-236.5297415941428,0.9489968571078692,54.001248026268236,3.701648281118567e-14
19350,96.75,0.6568831497044836,-0.8445069457961194,-628.0301194004029,105.42974552756961,-522.6003738728333,-4.838892350674382,0.8442,-244.4442226146864,0.9525261916862974,45.019202326846454,4.001764972486443e-14
19360,96.8,0.6314072585290377,-0.7910918577565191,-623.9166089896436,101.34086499391054,-522.5757439957331,-4.838664296256788,0.8442,-215.6895736454239,0.9464624180966321,56.70370759983851,4.721935247869065e-14
19370,96.85000000000001,0.6772262087154767,-1.0188197591341686,-631.302211376876,108.694806498834,-522.607404878042,-4.838957452574463,0.8442,-317.93581382134585,0.9638530529978835,45.73948820122678,4.328407043628039e-14
19380,96.9,0.6290530181811089,-0.6432048949362831,-623.541177525117,100.96300941806798,-522.578168107049,-4.8386867417319355,0.8442,-158.16847715512037,0.9502578937352225,53.19180482813608,4.564097012335385e-14
19390,96.95,0.6578129601545052,-0.7705182134394344,-628.180798987605,105.57898010479808,-522.6018188828069,-4.838905730396361,0.8442,-216.34895279067825,0.960347395975484,44.62375785862322,4.6711215451097064e-14
19400,97.0,0.6345507574811489,-0.6485598273664863,-624.4251645039293,101.8453965757244,-522.5797679282049,-4.838701554890786,0.8442,-162.00494263595928,0.949603467747862,45.41035639358466,4.7553976893429505e-14
19410,97.05,0.6150511936657886,-0.5325537864718177,-621.3026666070433,98.71571658335908,-522.5869500236843,-4.838768055774854,0.8442,-111.16450962920615,0.9742413162481172,34.38789172852822,5.047490125360006e-14
19420,97.10000000000001,0.6404790941390539,-0.6394073064302215,-625.411746975108,102.79689460931816,-522.6148523657898,-4.83902641079435,0.8442,-160.41302911071608,0.9794979894926806,30.541890027801742,4.450638355820763e-14
19430,97.15,0.5498419956974302,-0.08848345013641645,-610.8101081647495,88.24964030943755,-522.560467855312,-4.838522850512148,0.8442,80.39538253892201,0.9206113011536449,92.34503374218912,4.519146422699611e-14
19440,97.2,0.5980103137522976,-0.36196692873984526,-618.5884940946911,95.98065535724378,-522.6078387374473,-4.838961469791179,0.8442,-40.1728287339194,0.9589320959079652,48.40989449748339,4.318735513423603e-14
19450,97.25,0.6040222597804927,-0.43091559435151283,-619.5379146046142,96.94557269476908,-522.5923419098451,-4.838817980646714,0.8442,-68.58287368223623,0.9559892665709494,42.33435290078274,4.663670185949753e-14
19460,97.3,0.6127510247423043,-0.46817646557197995,-620.9328902926843,98.34653947113983,-522.5863508215444,-4.838762507606893,0.8442,-85.71154111980789,0.9730256029147768,37.321083981453086,4.880770620782439e-14
19470,97.35000000000001,0.6334056840821128,-0.5973237754341485,-624.2712975464664,101.66161229517911,-522.6096852512873,-4.838978567141549,0.8442,-141.9697824627296,0.9725541410965719,34.98210749563866,4.6918450612978704e-14
19480,97.4,0.6045791031192366,-0.44637665428520823,-619.6460671881247,97.03494605063747,-522.6111211374872,-4.838991862384141,0.8442,-74.69717320131365,0.9522524970947182,45.08138602175192,4.706761550967607e-14
19490,97.45,0.5809290398670535,-0.29852952304260993,-615.8468701222519,93.23911089866208,-522.6077592235898,-4.838960733551757,0.8442,-10.291517262685872,0.9652486074327072,39.40958139786621,4.637148530728715e-14
19500,97.5,0.5663401726623151,-0.27447067157288113,-613.4697529414863,90.89759771230156,-522.5721552291847,-4.838631066936895,0.8442,3.6689500497115723,0.9590497391900781,38.64803132642822,4.7370321859970806e-14
19510,97.55,0.6646585481158561,-0.8679268475999842,-629.2871337077003,106.67769697259492,-522.6094367351053,-4.83897626606579,0.8442,-255.95190015347995,0.9725651449922941,33.14772998573464,4.9599243232879415e-14
19520,97.60000000000001,0.6328029341775677,-0.6737656881782743,-624.1372532219093,101.56487093549963,-522.5723822864097,-4.838633169318609,0.8442,-171.1125390287159,0.9531690383190211,47.90853136473233,5.276700837205445e-14
19530,97.65,0.6624882936634656,-0.8751785199881275,-628.9004218744964,106.32937113298622,-522.5710507415101,-4.838620840199168,0.8442,-258.03189555710117,0.9657022573054221,35.079898864728726,5.041480954728224e-14
19540,97.7,0.6860098225314886,-1.0385760776247448,-632.7158676402577,110.10457651630391,-522.6112911239537,-4.838993436332905,0.8442,-328.36408706085473,0.9402970124646411,62.96854843926385,4.591842702161436e-14
19550,97.75,0.638251229713766,-0.6912958567915941,-625.0549641948786,102.43932236905945,-522.6156418258191,-4.839033720609437,0.8442,-179.6057832651682,0.9706206906511727,39.81509089052989,4.094962472925716e-14
19560,97.8,0.6036748510057434,-0.43353584221659147,-619.4682008472658,96.88981358642181,-522.578387260844,-4.838688770933741,0.8442,-69.47595207869321,0.9612207454846156,47.93838489003196,4.320212183837198e-14
19570,97.85000000000001,0.6393963544519002,-0.5942283685761889,-625.2199217389492,102.62311488952999,-522.5968068494192,-4.838859322679808,0.8442,-142.722757030488,0.9626331404308828,45.85544549822053,4.235584504991383e-14
19580,97.9,0.620781838733195,-0.5550372424014833,-622.2390404146641,99.6354851166778,-522.6035552979863,-4.838921808314688,0.8442,-121.65028355074695,0.9601852882689983,45.702728884342434,4.3913900077028876e-14
19590,97.95,0.6284756514435145,-0.6959399370587337,-623.4821421340979,100.87034205668408,-522.6118000774138,-4.838998148864943,0.8442,-178.2208721275366,0.9537880519429903,47.93767853585488,4.4619088489661467e-14
19600,98.0,0.5990267976098915,-0.49703865622018545,-618.7315649399969,96.1438010163876,-522.5877639236094,-4.838775591885272,0.8442,-92.34206491201273,0.9440797146969855,65.1412298099376,4.4594089639465005e-14
19610,98.05,0.6209149328350833,-0.604327972586508,-622.2352542809003,99.65684672003087,-522.5784075608694,-4.838688958896939,0.8442,-140.61095707025856,0.97519591655829,36.89716169881582,4.21099924348123e-14
19620,98.10000000000001,0.6998006383107865,-1.0926729921897702,-634.9145635365626,112.31800244888123,-522.5965610876814,-4.838857047108161,0.8442,-353.59445342389006,0.9664025411601266,44.118586052975125,4.314027251638241e-14
19630,98.15,0.6407138919631015,-0.7203958260558028,-625.4075420948724,102.8345796600778,-522.5729624347946,-4.838638541062913,0.8442,-191.57211753450204,0.9496226994817851,53.90466227251991,4.305404236475782e-14
19640,98.2,0.5882771849607996,-0.31995919430107767,-616.993414829895,94.41848818620834,-522.5749266436866,-4.838656728182283,0.8442,-20.896923579081374,0.9657765055692143,39.85894337968702,4.7914484833492726e-14
19650,98.25,0.634807304646696,-0.5445734627946323,-624.5268052018054,101.8865723957947,-522.6402328060107,-4.839261414870469,0.8442,-122.17858497743933,0.9728483123703102,34.96441102876038,4.7213087836035716e-14
19660,98.3,0.5461845688478014,-0.06065174851382349,-610.2256235328593,87.66262330007213,-522.5630002327872,-4.838546298451734,0.8442,92.26206536712864,0.959597832922775,49.8595360831729,4.280308941460618e-14
19670,98.35000000000001,0.6216551939590381,-0.5258748039462494,-622.377869880959,99.77565863042561,-522.6022112505334,-4.838909363430865,0.8442,-110.74084356088787,0.9668263894511869,38.7679605423518,4.574954147173894e-14
19680,98.4,0.6423088347026267,-0.674166671082636,-625.6718255534373,103.09056796977158,-522.5812575836658,-4.838715347996906,0.8442,-174.3463461565858,0.9552204321730762,41.27198252879717,4.6001297571431225e-14
19690,98.45,0.6253582266587846,-0.6088880625510757,-622.9540209204187,100.36999537873493,-522.5840255416838,-4.838740977237813,0.8442,-143.800725406925,0.9444571165658426,56.30161507688896,4.246352717404163e-14
19700,98.5,0.6312167741118604,-0.6551474319514011,-623.9045479333632,101.3102922449536,-522.5942556884096,-4.838835700818607,0.8442,-163.45302376265664,0.9586686710704113,46.05922454382816,4.252965758162498e-14
19710,98.55,0.6017516070202703,-0.5134264014675854,-619.1370613587059,96.58113292675338,-522.5559284319525,-4.838480818814374,0.8442,-99.51444291477503,0.9409661266985089,65.16624728001455,3.896112740580566e-14
19720,98.60000000000001,0.6053340751717251,-0.429092538631461,-619.7365166135944,97.15611906506187,-522.5803975485326,-4.838707384708635,0.8442,-68.30822163528691,0.9602228362542415,44.84593718131049,3.756843016237271e-14
19730,98.65,0.6377639463896061,-0.5630938698427252,-624.9581427377544,102.36111339553177,-522.5970293422226,-4.838861382798358,0.8442,-130.2445822510905,0.9526912660723811,46.94845950717261,3.949493576308345e-14
19740,98.7,0.6030252901627314,-0.39685023056104873,-619.3503905313693,96.7855590711184,-522.5648314602508,-4.838563254261582,0.8442,-55.185728698184846,0.9715947206209589,35.18950654922411,3.607046360022733e-14
19750,98.75,0.6480343505382035,-0.743838695882715,-626.610890329369,104.00951326138166,-522.6013770679873,-4.838901639518401,0.8442,-202.9412095858505,0.9696002242960505,33.34103928329338,3.574323327474579e-14
19760,98.8,0.6568402685942134,-0.8908649075569681,-627.9989314011633,105.42286310937125,-522.576068291792,-4.838667298998074,0.8442,-262.22229740138266,0.9704783463696476,38.116670243683956,3.612189564066521e-14
19770,98.85000000000001,0.6753012054326776,-1.054735778619376,-630.9643514893529,108.38584347194475,-522.5785080174081,-4.838689889050075,0.8442,-331.0965125601441,0.9712640923761249,31.60883794012472,3.912276131413757e-14
19780,98.9,0.6725654206416539,-1.0295244067952802,-630.5204891635688,107.94675001298546,-522.5737391505833,-4.838645732875771,0.8442,-320.53411204406297,0.9436665295858891,60.277365382436756,4.5093919174653415e-14
19790,98.95,0.6898484456377912,-1.0985528029177551,-633.312185527192,110.7206755248655,-522.5915100023265,-4.838810277799319,0.8442,-352.6265867740385,0.9579169724348205,48.027476274369334,4.5925862810595115e-14
19800,99.0,0.6570546042123399,-0.9205562344400363,-628.0369281277291,105.45726397608054,-522.5796641516486,-4.838700593996746,0.8442,-273.6871341223641,0.9690492489538364,42.214137202423736,4.6351281509220893e-14
19810,99.05,0.6421074355512336,-0.8777009322567011,-625.6454588600452,103.05824340597299,-522.5872154540722,-4.838770513463631,0.8442,-252.39658752520546,0.9413681702839661,59.990853088511464,4.980326411023155e-14
19820,99.10000000000001,0.6313033810308042,-0.8226563540313248,-623.9226728449826,101.32419265544407,-522.5984801895385,-4.838874816569801,0.8442,-227.77022294253146,0.9619184966823943,43.55609647584706,4.6056470259256347e-14
19830,99.15,0.5872676072915641,-0.4990943432851068,-616.852287818511,94.25645097029604,-522.595836848215,-4.838850341187175,0.8442,-89.32105030150973,0.9628808373888249,43.41228642783852,5.309230452657059e-14
19840,99.2,0.6437255624977074,-0.8507201537077406,-625.9329779205136,103.31795278088204,-522.6150251396316,-4.839028010552145,0.8442,-242.56576441105935,0.9786626081147138,33.24717779324257,5.744018217767008e-14
19850,99.25,0.6147591901645135,-0.7239596498721541,-621.2329426415167,98.66885002140442,-522.5640926201123,-4.838556413149188,0.8442,-184.530573015178,0.945205830485472,60.849220672481216,6.3451243110315e-14
19860,99.3,0.6068474485164916,-0.5960979249858853,-619.9991970107023,97.39901548689691,-522.6001815238054,-4.838890569664865,0.8442,-132.8944384876829,0.9492291976825422,41.148468961579454,6.287407634233216e-14
19870,99.35000000000001,0.6110734451709258,-0.5681940834593229,-620.674266175101,98.07728794993359,-522.5969782251674,-4.838860909492291,0.8442,-123.55429791804524,0.9420242297766229,63.78969420786215,6.382311176557929e-14
19880,99.4,0.5959952607239182,-0.5108120865668575,-618.2369373647105,95.65723934618886,-522.5796980185216,-4.838700907578904,0.8442,-96.64602491916837,0.966715004940531,35.13317554218699,6.909023906400781e-14
19890,99.45,0.5672015997639,-0.3430575834639794,-613.6222033408229,91.03585676210596,-522.586346578717,-4.838762468321454,0.8442,-22.933487385354802,0.9670787200210824,37.3663121099721,6.901910405484983e-14
19900,99.5,0.5678536998553689,-0.37533180237765784,-613.7108463364492,91.14051882678672,-522.5703275096625,-4.838614143607987,0.8442,-35.53146164113596,0.9230414164974542,86.33261252102696,7.129547322299666e-14
19910,99.55,0.6437330689313715,-0.8496987294253772,-625.9150737611865,103.31915756348512,-522.5959161977014,-4.838851075904643,0.8442,-242.17617864732472,0.9460138145461542,51.56257910855166,7.242771720415522e-14
19920,99.60000000000001,0.6631379015900121,-0.927403744413854,-629.0305554586304,106.43363320519694,-522.5969222534334,-4.838860391235494,0.8442,-278.28616468016526,0.9690558232502727,34.82570247974694,6.786846108986395e-14
19930,99.65,0.65259386224518,-0.8185344163289368,-627.3297916046207,104.74131489035139,-522.5884767142693,-4.838782191798789,0.8442,-233.0863585011282,0.9756452789623545,31.377773211520314,6.781899829720413e-14
19940,99.7,0.6468077544555546,-0.788911937669794,-626.4008615793396,103.81264459011652,-522.588216989223,-4.83877978693725,0.8442,-219.8426912219682,0.9545841559942138,47.50196993337,7.238684451547117e-14
19950,99.75,0.6368859388019523,-0.7745018886192355,-624.8289227089678,102.22019317771334,-522.6087295312544,-4.8389697178819855,0.8442,-211.09751371970953,0.9626546452326692,40.39061009387883,7.603050130040897e-14
19960,99.8,0.6403652898746425,-0.7636128612318583,-625.3916705546245,102.77862902488012,-522.6130415297444,-4.839009643793929,0.8442,-208.0456658345791,0.9589594658893287,49.42947604203007,7.576904093162033e-14
19970,99.85000000000001,0.6278296982498052,-0.7377831517278289,-623.3383291579088,100.76666656909373,-522.5716625888151,-4.838626505451992,0.8442,-194.07081280330175,0.9404987667041855,51.79217373712838,7.654905232329678e-14
19980,99.9,0.6715536733032283,-1.006690148614723,-630.3908367857892,107.78436456516815,-522.6064722206211,-4.838948816857602,0.8442,-311.4426247283741,0.9450083241271215,59.1067242579435,7.585139763435468e-14
19990,99.95,0.5841840022755193,-0.4000108728889472,-616.32724517278,93.76153236522084,-522.5657128075591,-4.8385714148848065,0.8442,-50.29419112213479,0.966648232774403,35.397848818295444,7.723096021401522e-14
20000,100.0,0.6400053121178158,-0.6297336221205756,-625.3378686266632,102.72085259490943,-522.6170160317538,-4.839046444738461,0.8442,-156.54680907541646,0.9506078745446294,40.98415084253694,3.851954943214381e-15
